datetime,rainfall_mm,discharge_obs_m3s,discharge_sim_m3s,water_level_obs_m,water_level_sim_m,soil_moisture_obs,soil_moisture_sim,sed_conc_obs_mgL,sed_conc_sim_mgL
2024-06-01 00:00:00,0.0,0.14287208146415023,-0.005925530892981243,0.35526794458849253,0.1838123555233495,0.22148768536511126,0.1397942624995146,0.5,0.6407449021178424
2024-06-01 01:00:00,0.0,0.02,-0.1281494347075367,0.35756772422074107,0.34970290294005046,0.2186016269871372,0.21116374719998054,0.5,0.10693484307072532
2024-06-01 02:00:00,0.0,0.02,-0.09365656113626278,0.34437175440973855,0.34497369053466564,0.22413971460055648,0.20790869221542513,0.5,-0.539271001326466
2024-06-01 03:00:00,0.0,0.02,0.05981649898025415,0.3388025309302562,0.3433018553672049,0.2151452535331887,0.20324822630852096,0.5,-1.541217946507151
2024-06-01 04:00:00,0.0,0.02,0.06471427295955562,0.3668855080593529,0.33482194632731044,0.20837306675857917,0.19714366945838768,0.5,-0.36196729633678215
2024-06-01 05:00:00,0.0,0.02,0.01690849091986017,0.3573015605683615,0.34045313724557236,0.20897202147976554,0.19824446785859082,0.5,1.2689195506433164
2024-06-01 06:00:00,0.0,0.1778655349452189,0.14410533855374322,0.3650243196649015,0.3380769275876325,0.21352929141512092,0.19534939693060596,0.5,0.8672131161420232
2024-06-01 07:00:00,0.0,0.045384274415320336,0.15965675445884878,0.3752849228954492,0.35528800726662346,0.20868439516376222,0.2013672946646772,0.5,1.389342940802727
2024-06-01 08:00:00,0.0,0.02,0.029728741150990078,0.335666487836366,0.34463647120856056,0.2180995801944383,0.19879625524745947,0.5,1.2931106917100577
2024-06-01 09:00:00,0.0,0.02,0.0701557622338224,0.34320872882875325,0.32607335402772725,0.21230460334096163,0.2058038855962496,4.6875457027053065,2.882152173114485
2024-06-01 10:00:00,0.0,0.20852312704979256,0.22638827429328395,0.3610091983954816,0.3514756566636499,0.22880910359944343,0.1994378571215119,0.5,2.7528830630087673
2024-06-01 11:00:00,0.0,0.02,0.18080498205358833,0.34302442428472596,0.34634160847753953,0.20359877306771385,0.20729026520782304,0.5,0.013554384101784334
2024-06-01 12:00:00,0.0,0.02,-0.029131126300949325,0.36323617088023136,0.33901444671095593,0.2147117970591991,0.2028872514302944,0.5,-1.2339703750733415
2024-06-01 13:00:00,0.0,0.02,-0.08818691453222381,0.34867813453758484,0.33798535922625184,0.20618855485093893,0.2028179687484421,0.5,-0.54582759178799
2024-06-01 14:00:00,0.0,0.02,0.022091081112357497,0.33660113073868675,0.3242659391416173,0.20946347426719694,0.20209400081634504,0.5,-0.15270585112081647
2024-06-01 15:00:00,0.0,0.15839704927062978,0.1851222660571708,0.3580167859133254,0.352087542424115,0.21274133944376258,0.1954876572899062,1.9652144173755919,1.7601314392842078
2024-06-01 16:00:00,0.0,0.02,0.13015697101876222,0.3540442044132464,0.36759750401566993,0.1974108622979643,0.19859735668082135,0.5,2.6040680870465085
2024-06-01 17:00:00,0.0,0.14718448136855194,0.25948914858397454,0.3706737981466343,0.3567416017205228,0.2122556395215702,0.19936804155605206,3.2235000990202023,1.4844224780867923
2024-06-01 18:00:00,0.0,0.02,0.25308833034857436,0.3573862363983559,0.35003478612750333,0.22172504088743494,0.20338164695195082,0.5,0.9670745838366399
2024-06-01 19:00:00,0.0,0.15464013498815407,0.035749312206074,0.36382197349804707,0.3480236778384158,0.2070611973332939,0.20378890502726252,0.5,0.36117291478601543
2024-06-01 20:00:00,0.0,0.02,0.009701896397110228,0.35629349811125294,0.3519408542845616,0.21081621969652978,0.19961230835488636,3.1189795946027825,1.7601612693238593
2024-06-01 21:00:00,0.0,0.09001355087352453,-0.005232733793858836,0.35177805120222405,0.343804802335264,0.21488375928305986,0.2028180256705875,2.0780217708743844,2.615979105933501
2024-06-01 22:00:00,0.0,0.0775411655306004,0.012647719926227246,0.343371120506729,0.33989873272572135,0.20722867255133473,0.1956438343476799,1.2681561676307178,1.8517164488916664
2024-06-01 23:00:00,0.0,0.07026559466094237,0.03168947544593349,0.35815390995641555,0.33980388510027887,0.2042061014364291,0.19055444538973143,2.7062593405621875,0.8183223566608335
2024-06-02 00:00:00,0.0,0.04175213726192526,0.004791891425546528,0.3475893580346172,0.3329317037893559,0.19351821448886844,0.18937934397548833,0.5,-1.3198946440338402
2024-06-02 01:00:00,0.0,0.02,-0.06909643431771954,0.3768364621577598,0.3499906469462756,0.2105006456452908,0.195755963828196,1.6921442871357228,-0.9849187863886602
2024-06-02 02:00:00,0.0,0.2386021629887432,0.13525370438389106,0.37969176417952544,0.36439509667351,0.20545905411722531,0.196913072498718,2.84206694557707,2.2896546300055314
2024-06-02 03:00:00,0.0,0.02,0.2198602318735806,0.3609817098364187,0.35881090831556955,0.19954661630583073,0.19876418496557735,0.5,1.7359545347402
2024-06-02 04:00:00,0.0,0.02,0.02304880048690778,0.3571661269405394,0.35474456418994915,0.2058682428772905,0.19609331000639943,5.5427598429893745,3.5515387089643013
2024-06-02 05:00:00,0.0,0.02,0.045988289740775234,0.35016973708642696,0.3341267626584747,0.2010938088182482,0.19636057735338602,0.5,3.8039245771760455
2024-06-02 06:00:00,0.0,0.06579289040122258,0.10300191061764905,0.3347205540258831,0.3239160015038697,0.20091384444499444,0.1958643037906529,0.5,1.520247491962464
2024-06-02 07:00:00,0.0,0.02,0.07890455577896427,0.3482465395013151,0.3238340566471044,0.20721193716526062,0.19451250097227565,0.8220330910786823,2.6312792218021652
2024-06-02 08:00:00,0.0,0.05292500123697822,0.08336660337475967,0.3546106106922691,0.33704358160486914,0.1950349602850938,0.1982296845193161,0.5,2.386551862540156
2024-06-02 09:00:00,0.0,0.02,0.07627880392559012,0.35493096996781454,0.3489241774445512,0.20884148333259683,0.1877663584004922,2.4678519706697872,1.2790463149301128
2024-06-02 10:00:00,0.0,0.02,0.0595878100375124,0.35853216835638196,0.35778423082574523,0.1936650806584035,0.1850183740116189,1.1720443655395247,0.7689342977037561
2024-06-02 11:00:00,0.0,0.02,0.09054668789346833,0.3653090758193099,0.3707689095230142,0.19756986119288955,0.1880303302225092,0.5,1.7811362648990685
2024-06-02 12:00:00,0.0,0.02,0.06517155179552891,0.3411068117757516,0.3447946751752347,0.21257988163331304,0.19443558474966913,3.176510923769881,2.931407725811666
2024-06-02 13:00:00,0.0,0.02,0.016496212076834372,0.3412429887430094,0.3144981084327159,0.20730372752759585,0.1991357860728215,1.994209637974351,3.1019438089488824
2024-06-02 14:00:00,0.0,0.02,0.08488016539788966,0.37325197304729196,0.3320184946298703,0.2006238739153196,0.1918449070643346,0.5,0.5104450290305709
2024-06-02 15:00:00,0.0,0.046171632371583386,0.08468496896805591,0.3643536656487275,0.348093392525927,0.1938949730424388,0.18927117073386346,0.5,0.8967221003939565
2024-06-02 16:00:00,0.0,0.04804832048632149,0.04132017019235052,0.34701197218347424,0.3507733081663948,0.19586367510940814,0.18299401407380003,1.155270549274126,1.683220121691508
2024-06-02 17:00:00,0.0,0.0511567828823046,0.08832597314041996,0.35140369710784464,0.35171938717974527,0.1989813625647477,0.18183324129194106,0.5,-1.447351936195103
2024-06-02 18:00:00,0.0,0.02,0.02469298923024813,0.3499484136510211,0.3477984549197446,0.19827049579457803,0.18780334251344566,0.5,-1.404440703660211
2024-06-02 19:00:00,0.0,0.02,-0.051489011878756444,0.3519627346853653,0.346422967737952,0.19700501743178334,0.1893969776147213,0.5,-1.7668876714769068
2024-06-02 20:00:00,0.0,0.2216671278514128,0.05900400313494228,0.3661357760424485,0.34764388283018577,0.19687137231751015,0.18799550544450477,0.5,-2.354087197049787
2024-06-02 21:00:00,0.0,0.02,0.07478427974173656,0.3895140140426421,0.36748333049678683,0.19527747582527955,0.17879961128247218,0.5,1.6507093506506236
2024-06-02 22:00:00,0.0,0.0645509237364027,-0.05655244819043656,0.35643213862984374,0.3704651962806743,0.1874204447534614,0.18156171806083138,0.6060837051288286,2.264848353301788
2024-06-02 23:00:00,0.0,0.02,-0.06451635965761994,0.36142809510752333,0.3588247785094374,0.19248307192141825,0.18434913046147328,0.5,-0.9241908475656015
2024-06-03 00:00:00,0.0,0.02,0.00011639510576433656,0.32619197225829244,0.3310843383477057,0.20058092535736835,0.184766873710067,0.5,-0.6499914251309388
2024-06-03 01:00:00,0.0,0.02,0.09598832843915805,0.34421562295946206,0.3305499882339227,0.18639544229555696,0.18532261898633107,0.5,-0.22600468677268615
2024-06-03 02:00:00,0.0,0.07613493855435738,0.13759412369569773,0.37249054265034814,0.357730800652188,0.19298160139142584,0.18578093310115512,0.5,0.4453723637135639
2024-06-03 03:00:00,10.995050521277381,6.0276053745488,2.8550050235386495,0.46374736330540545,0.40359408436922994,0.1968458608737464,0.19543119684434862,48.36813910970305,23.045741196010148
2024-06-03 04:00:00,23.364536413628255,17.554964530121957,11.327843579632336,0.524299682854875,0.46245680596946276,0.21862114565982474,0.2020746967658619,200.52999366873783,116.98486981602339
2024-06-03 05:00:00,23.31398485544309,25.583873834095495,20.904924783906438,0.6786274531047253,0.5738578080817588,0.23049770562446126,0.2194366861043665,333.65532457186816,251.43440994817618
2024-06-03 06:00:00,11.008409210816566,23.977510217753913,24.00723698756064,0.6821693350994436,0.6684813060285737,0.24785731182216952,0.22855603329829507,303.4222365308311,301.86218412680853
2024-06-03 07:00:00,0.0,15.645606365951345,19.219347225579053,0.5403298540626904,0.597785234088704,0.24143496638288223,0.22772430618870082,170.68236474827796,226.25949329559376
2024-06-03 08:00:00,0.0,10.465465783686108,12.640473312234473,0.5357117723105262,0.5232909195830762,0.2299286597944331,0.21973720476237824,100.77290791071745,128.4133830330817
2024-06-03 09:00:00,0.0,7.183004186914019,8.535937533053314,0.43127419024323504,0.46602089465877394,0.24123234816180583,0.21446295863307233,60.044345313177814,75.55497228318757
2024-06-03 10:00:00,0.0,4.6901626584667655,5.746316334775393,0.45330780571882373,0.4260072244277054,0.23196405650432098,0.2159175172013072,35.56158566666091,44.44875283537936
2024-06-03 11:00:00,0.0,3.0700980762559498,3.8259453591641783,0.4148117560847897,0.42420382882594443,0.23255845949452345,0.2141466439051963,21.121040952876356,25.702588993976086
2024-06-03 12:00:00,0.0,1.9538469006680708,2.5003385805699456,0.3610232476804302,0.3852211537023911,0.2373133007491244,0.2141566033510208,9.844464007779328,13.376270176638519
2024-06-03 13:00:00,0.0,1.0576479106514014,1.5123630333890898,0.3858941529088277,0.36694420859551036,0.23189132614352967,0.21703803560605664,0.6403974422850647,5.660800303855005
2024-06-03 14:00:00,0.0,0.6861785686074409,0.9461560291522519,0.38837248250824796,0.3821495535191859,0.23961184103319347,0.21757095995905112,0.9370811695734589,1.6451418189897937
2024-06-03 15:00:00,0.0,0.6638707931128054,0.7344464864249248,0.3760513564391352,0.37825861328611865,0.22902200900083722,0.22235523947235572,2.210658754970307,-0.6598930471030702
2024-06-03 16:00:00,0.0,0.14250336231020302,0.33470961467514637,0.3652666325839161,0.35826397504840224,0.22937121738094465,0.22015017022192582,0.5,-1.3568783696686677
2024-06-03 17:00:00,0.0,0.02,0.04523357084088982,0.34531398116605866,0.34492847445068997,0.22856395909346294,0.2205831659198808,0.5,0.2814055192953945
2024-06-03 18:00:00,0.0,0.02,0.052316568101300934,0.32356827652282927,0.31944871669065833,0.22852709650348452,0.2209366901799465,0.5,1.0123204507262407
2024-06-03 19:00:00,0.0,0.02,0.032271299346959215,0.36186708318620053,0.3277324468815189,0.23793627600441758,0.2228927164733723,5.124998411157689,2.345874724684263
2024-06-03 20:00:00,0.0,0.02,0.006539722391717934,0.377735431642839,0.35306924445788856,0.23453555161611472,0.22781426132190272,0.5,3.483585531092607
2024-06-03 21:00:00,0.0,0.02,-0.08850034382718347,0.3684328356645565,0.34871066005294815,0.2404455306438892,0.2290342576389866,0.5,0.7861182897974316
2024-06-03 22:00:00,0.0,0.02,0.05894573467639719,0.3216709854071244,0.3184921544827779,0.2432162674759128,0.22604261954049684,0.5,0.3562009063668805
2024-06-03 23:00:00,0.0,0.02,0.07035028349965426,0.32876570674298056,0.30425025561292246,0.22285207405529195,0.2271032635359964,2.6325041110049776,1.4501695982689986
2024-06-04 00:00:00,0.0,0.02,0.028836178610681662,0.33879960672418447,0.33437897346980205,0.22888630007023253,0.22125463750793833,1.8583222864557878,2.0460648491732742
2024-06-04 01:00:00,0.0,0.0672125589494303,0.1054808328354124,0.329801486455,0.335232675718808,0.22083542394314254,0.21878413006657743,1.8017671430794655,1.8753553195267796
2024-06-04 02:00:00,0.0,0.02,0.027169497964816457,0.3521519716444852,0.33595233986265893,0.22265725871190603,0.21211353083382428,2.876933099157764,1.702198973835693
2024-06-04 03:00:00,0.0,0.02,-0.0038674471345189034,0.35739035992885243,0.3642320534682619,0.22297409198116563,0.20839310821905813,0.5,2.056780008926934
2024-06-04 04:00:00,0.0,0.08678895224329364,-0.015556921681200122,0.3330233994142607,0.35346013303203416,0.21984477133026326,0.2103860295407792,0.5,1.7265267721550215
2024-06-04 05:00:00,0.0,0.02,-0.014003196445151325,0.36314604974027753,0.33756375400860705,0.2193109076862647,0.20728224825114605,3.612106812379764,2.4069918732655804
2024-06-04 06:00:00,0.0,0.02,-0.03544473467525951,0.3605056820114448,0.3447853612108973,0.22419246947422453,0.20580848876413993,1.350090911601372,1.8325160013995998
2024-06-04 07:00:00,0.0,0.07335774462847919,-0.02867737813799909,0.3457243894056854,0.34087881248448254,0.21719521979566428,0.2086775912636626,0.5,1.7752620418653424
2024-06-04 08:00:00,0.0,0.0953391857931434,0.10822645127205566,0.35221626546970264,0.33680162095696187,0.22898705323504356,0.21141421039017738,1.1310240055672467,2.5206260474114384
2024-06-04 09:00:00,0.0,0.02,0.11485634754313964,0.3222421052163491,0.3219897950243471,0.21786793452701214,0.22177563718255502,0.5,0.9283945328998072
2024-06-04 10:00:00,0.0,0.02,-0.042018991116143205,0.3465051905068385,0.32891168176959185,0.2396734334327168,0.2197984332266556,1.9075227271967796,0.30096978967876775
2024-06-04 11:00:00,0.0,0.02,-0.012154118598332583,0.3515998974630995,0.3527437440695199,0.21955067285732174,0.2199063757093446,0.8785618812001637,1.6124824500852646
2024-06-04 12:00:00,0.0,0.02,0.06159941825023636,0.35402033677956746,0.3406182571027627,0.22213543796570265,0.21089258733054156,0.5,1.5629192823227163
2024-06-04 13:00:00,0.0,0.08776836694672287,0.02474952226976317,0.360198193082216,0.33374827057285705,0.21337702667711864,0.21176090647552986,0.7218530984511035,0.5381923352105793
2024-06-04 14:00:00,0.0,0.044643047505354624,0.07437788207701117,0.3563830281101614,0.34199859251299847,0.23083275164822092,0.21410888687882834,0.5054745689158362,0.5404364033464015
2024-06-04 15:00:00,0.0,0.04226144393922454,0.07107869945149504,0.3486446989443966,0.34486403815813543,0.22676171468152392,0.21832292354683017,0.821922048253464,0.9887488434635778
2024-06-04 16:00:00,0.0,0.02,-0.03647773925558147,0.3557820469894593,0.3542132392237471,0.22127609404463136,0.21286100454578727,1.2299724844357474,1.1933804011942837
2024-06-04 17:00:00,0.0,0.02,0.05348741857719459,0.3665196027507983,0.3755534662099229,0.21086504703048675,0.20874596464223888,3.1628904110434353,2.9910294621959523
2024-06-04 18:00:00,0.0,0.0660694268987323,0.13322675076036664,0.3522163992805913,0.3641609368192654,0.21966249893370396,0.20665400897024264,0.9763805127539293,3.924156150476341
2024-06-04 19:00:00,0.0,0.09530934936267535,0.07325438472999175,0.35956689099539385,0.34206183359093256,0.21112391514708434,0.21157331607598442,0.5,2.129832878350884
2024-06-04 20:00:00,0.0,0.09419191605665003,0.06748884428502279,0.3519681059981863,0.34826612634064125,0.22608200175047008,0.21258029932157194,2.583780305493561,2.9808299919509027
2024-06-04 21:00:00,0.0,0.02,0.09406901171579692,0.341787739103951,0.3379909721899401,0.2216197688853249,0.21216755681270066,4.731117414956311,4.559204330959419
2024-06-04 22:00:00,0.0,0.15768912758906056,0.11884474388267731,0.36484982758397216,0.33990006106103426,0.21679532322389675,0.20406536397480107,2.268610376799488,3.8629337362230065
2024-06-04 23:00:00,0.0,0.022885948518584446,-0.016004293973528247,0.34331914610068337,0.3422504593364675,0.201063878291004,0.19834144394190084,0.5,2.6626139569506035
2024-06-05 00:00:00,0.0,0.0758851431078958,-0.0633282821423495,0.35984053064961297,0.32492177007001827,0.20924243106785756,0.19874402543354908,1.0375731906090706,2.344530225078323
2024-06-05 01:00:00,0.0,0.03837988018947969,0.08776625071551913,0.35285175823002063,0.3328033128227454,0.21873163641206148,0.20530503716200513,0.5891897533062249,2.3158620517319823
2024-06-05 02:00:00,0.0,0.03839080489810087,0.1451407350205283,0.347869425817437,0.3415971714402518,0.22134585909874505,0.21410738819022207,0.5,1.751848237016561
2024-06-05 03:00:00,0.0,0.02,0.057146170412992685,0.3465669803689447,0.3454181867646789,0.22018840442498788,0.2100730852385274,4.568220641581198,4.462853990602142
2024-06-05 04:00:00,0.0,0.09931754516760681,0.11372132508273615,0.3473318601560217,0.3462829629229431,0.2034474740786963,0.2067138887124217,0.5,3.5261460071244013
2024-06-05 05:00:00,0.0,0.3583390293489754,0.3277944788764019,0.3382811500599881,0.32708360656074587,0.2142763670527921,0.2038015314870245,3.476165824224911,1.3208170107735961
2024-06-05 06:00:00,0.0,0.02,0.20737290297894234,0.35723254927856996,0.33033360716945415,0.21802897687778247,0.20220775143866465,0.5,1.580965257665882
2024-06-05 07:00:00,0.0,0.025423067811052462,0.00038251541767059596,0.3552559053910916,0.3335992755820979,0.20145603247144422,0.20492280561037413,0.5,0.005937902868845046
2024-06-05 08:00:00,0.0,0.02,0.030177870196672642,0.364234176637872,0.3312991559601166,0.21083010365803592,0.20049847239866894,0.5,-1.4134713505429968
2024-06-05 09:00:00,0.0,0.02,-0.0057484608859190815,0.34351726931654264,0.3419302344234745,0.2119933913132504,0.2023452065488727,0.5,-0.019125790165350987
2024-06-05 10:00:00,0.0,0.19408393737424073,0.06235457345009639,0.38661823390730854,0.35863511874243537,0.20801987357201077,0.19551185143228397,1.6721476463897775,1.3043131664255512
2024-06-05 11:00:00,0.0,0.02,0.11937458916395169,0.3457930836334001,0.36146772975713226,0.19818692879598127,0.19503508667247388,0.5,0.34027324885583066
2024-06-05 12:00:00,0.0,0.02,-0.049542643699762474,0.3383624782182241,0.32760161011531275,0.20682246151812514,0.19233809157334686,0.5,-0.5296370151430315
2024-06-05 13:00:00,0.0,0.02,-0.07443432805882189,0.33658384905350464,0.3161176858193928,0.20629087597159093,0.1964386852927657,3.1104785137462017,1.0632295009240884
2024-06-05 14:00:00,0.0,0.02,-0.0052388253966793065,0.32548028680269964,0.3187794549235584,0.20684563735445177,0.19620829117988903,2.3106433048168205,2.4270252541853785
2024-06-05 15:00:00,0.0,0.02,0.05563059172973172,0.3744785412370415,0.3444619245887462,0.20383390804973356,0.19983367183802747,3.3520785128202424,1.135718329885289
2024-06-05 16:00:00,0.0,0.06066111933920377,-0.0017411363726913542,0.3739884902883667,0.37502357948907816,0.20403862684132948,0.19837465248609057,0.5931642810691461,1.10885983101391
2024-06-05 17:00:00,0.0,0.3190599646604184,0.07267471452207969,0.3708979038257913,0.37139464983723863,0.20594172031729446,0.19813988401612873,0.823375387584476,0.2634938308037715
2024-06-05 18:00:00,0.0,0.02,0.12111151952455783,0.3380477907345079,0.35906747207446044,0.20831923574616618,0.19692094451633685,1.4988389089169032,0.07617020669344948
2024-06-05 19:00:00,0.0,0.02,0.04329581582785069,0.37865813807453136,0.3567924308315964,0.20332378626891703,0.194157480059825,0.5,0.6215563802993764
2024-06-05 20:00:00,0.0,0.09284451516534027,0.10049938732544277,0.3494337171275087,0.36111078769468047,0.2021795774087339,0.1959950647441448,0.5,1.2494232550672304
2024-06-05 21:00:00,0.0,0.02,0.1423005714119812,0.3474537353827448,0.34182632493152965,0.2046800015310213,0.19301358184545314,0.5,0.4572711726101646
2024-06-05 22:00:00,0.0,0.14717163166642483,0.20391005692032063,0.37821201774581625,0.34137438412286525,0.19209006705286977,0.19832023730248693,0.5,-0.9756743694905691
2024-06-05 23:00:00,0.0,0.02,0.09359417492822619,0.3613727816183577,0.3589485950201127,0.205968734465079,0.19624129905054724,0.5,-0.30216704584737986
2024-06-06 00:00:00,0.0,0.02,0.010851785118471992,0.3845056699324635,0.3594767193553379,0.20259537880972822,0.19635564160360178,0.5,0.9221889975522858
2024-06-06 01:00:00,0.0,0.02,0.013659494359475038,0.3552199567559299,0.3553942551639969,0.20233042165857018,0.1944986973441099,0.5,2.073606217694966
2024-06-06 02:00:00,0.0,0.09968321131234242,0.083252879936878,0.349011885548863,0.3477096119775806,0.20735143569330416,0.19030311021150753,0.9507536102377805,0.997896178885771
2024-06-06 03:00:00,0.0,0.02,0.034346434740800305,0.34231204959924766,0.34440507588653513,0.18936616909282855,0.18583775436697558,2.693681476789713,0.608736001425711
2024-06-06 04:00:00,0.0,0.02,-0.08841468449311728,0.3237841801932852,0.3311294127209559,0.18873735139828146,0.18649724063467557,0.5,2.1936727960886433
2024-06-06 05:00:00,0.0,0.02,0.0009796970991793885,0.3473101862590515,0.3274736807167842,0.2017217268028328,0.19012788916109108,0.5,2.9911044489711784
2024-06-06 06:00:00,0.0,0.02,0.10345231836392713,0.3686580229335553,0.3527843697213147,0.19953600534079338,0.19307352216677004,0.5,1.2560028294639716
2024-06-06 07:00:00,0.0,0.0645474942353363,-0.00784734641375845,0.3625681599202499,0.35591806988984764,0.20010082136453716,0.1922948553461174,0.5,-0.9135223352923233
2024-06-06 08:00:00,0.0,0.02,-0.0004116080504187186,0.3517937429495507,0.34039547345516263,0.19580929785508747,0.19213497987218164,0.5,0.1858305398425678
2024-06-06 09:00:00,0.0,0.02,0.08109680437812049,0.3365651061938997,0.33452845717612295,0.2020717272007964,0.19271134933132295,0.5,0.3146855619334179
2024-06-06 10:00:00,0.0,0.0998762250596892,-0.04312047347683905,0.35837765466780036,0.3418029170847863,0.20318622420041518,0.18861643825049415,1.4176241717748048,-0.16446130828472416
2024-06-06 11:00:00,0.0,0.04089512724122023,-0.17607642000153448,0.36773851809060154,0.35172508194749064,0.20000030892832146,0.18916306965956098,0.7290416660507617,0.601417356940831
2024-06-06 12:00:00,0.0,0.07083846875836691,-0.17242076812308096,0.360305466249207,0.3523448762558149,0.19503870337627327,0.18873679678028263,0.5,2.0152201144629074
2024-06-06 13:00:00,0.0,0.02,-0.033443307969255306,0.35399015039564496,0.35764691337153176,0.1834660286156976,0.19249155986108304,2.739098575643821,1.7208046546161966
2024-06-06 14:00:00,0.0,0.131619541718262,0.06917952327978363,0.3441641823646273,0.3476085609936035,0.20023730177725335,0.19451312563463313,2.2551173824481694,2.5083513823635206
2024-06-06 15:00:00,0.0,0.09858953494161045,0.13990141748672946,0.3679341439238366,0.34201375510863896,0.20246320181501357,0.19807610091252992,0.5,2.0392673158728356
2024-06-06 16:00:00,0.0,0.03838147594349326,0.07054811763125006,0.3054494310868755,0.3155344015775604,0.19851234821506764,0.19356329549399692,2.622133622203829,1.2904652318204557
2024-06-06 17:00:00,0.0,0.09440179131756649,-0.01854289321237328,0.36051131103423856,0.31449005917818595,0.18888053068460084,0.19007465637329152,0.8601398449965147,3.19294719040661
2024-06-06 18:00:00,0.0,0.0725508265284292,0.004832196641031714,0.3924690008020384,0.3711415756146028,0.19771575564769042,0.18867020981579674,0.5,2.174925457561533
2024-06-06 19:00:00,0.0,0.02,0.025867070415558163,0.32886352204116687,0.36096876090901175,0.19835198506023838,0.19321468377073636,0.7733299888243546,0.6232777900074342
2024-06-06 20:00:00,0.0,0.02,0.032599154093342735,0.3478685810306241,0.3359117606029024,0.20205873228223306,0.18765901325861786,0.5,0.9375594143215362
2024-06-06 21:00:00,0.0,0.03806908643035029,0.00021487715964828985,0.3522945021191472,0.3480638916253569,0.1869674106630822,0.1855122896564724,1.1956008539474923,1.2363311393530552
2024-06-06 22:00:00,0.0,0.056780707699771484,0.051568825309191685,0.3463181893465841,0.3510453772850436,0.19038478252566401,0.18495271442217914,0.5,1.0788714808729554
2024-06-06 23:00:00,0.0,0.1263273056473337,0.10271832889723875,0.3714787039138407,0.3613499677005223,0.19574778356470723,0.18734562482354788,0.5,0.725336040973436
2024-06-07 00:00:00,0.0,0.02,-0.0036601271163136904,0.3585758880664741,0.36885015819741257,0.19113045130833087,0.18310152003081276,0.5,0.9971775188889753
2024-06-07 01:00:00,0.0,0.02,-0.05122544358965968,0.3537736284393544,0.3629522491643532,0.18360506029019502,0.18004878849185907,1.128445230744844,0.3421631124626242
2024-06-07 02:00:00,0.0,0.06393803195693236,0.0672904097948496,0.3655193136971827,0.3594166659398761,0.19232095104790664,0.1797023115244045,0.5,-1.1575765044035475
2024-06-07 03:00:00,0.0,0.02,0.08777016262123112,0.3517403834872207,0.3410422249724223,0.19283064000729305,0.17954017488102575,1.655049775672816,-0.9207765450517288
2024-06-07 04:00:00,0.0,0.02,-0.02198549780052156,0.3991870901834973,0.3624725713592538,0.18941305090687707,0.18005964260069562,1.0328795261968118,0.09641634723103554
2024-06-07 05:00:00,0.0,0.061916681610561575,0.05126834460925568,0.3557456759388899,0.37707282146577414,0.18973056990814852,0.1784110125547281,0.5,-0.545254982039993
2024-06-07 06:00:00,0.0,0.02,0.1931314467601816,0.35441835432849017,0.36066333826670494,0.18638979228409183,0.1832825942626794,2.1696370966802028,-0.5170271254682163
2024-06-07 07:00:00,0.0,0.02,0.13700155871288472,0.32583210210754543,0.34906993723809043,0.19634184623926706,0.1771838851109141,0.5,-0.17940343407544612
2024-06-07 08:00:00,0.0,0.17735720930944057,0.16779582266914303,0.3495005922870939,0.3489229317367896,0.1815993390911322,0.1795663039514351,0.7502760627957951,0.8878644016156283
2024-06-07 09:00:00,0.0,0.23135985080761842,0.31151943619872624,0.3765512491754043,0.3697052572508457,0.1830120588863421,0.17799356109719464,0.5,0.9813270035300034
2024-06-07 10:00:00,0.0,0.02,0.14330575766211395,0.3314572700957465,0.3506001448379125,0.18613555658543263,0.18167991486705762,3.5568288911213743,0.0930423925299434
2024-06-07 11:00:00,0.0,0.02,-0.009570278559105022,0.3191257652366153,0.3105474860658698,0.19087819356171218,0.17458873876780567,0.5,1.0842575012832303
2024-06-07 12:00:00,0.0,0.02,-0.043415522461387746,0.3519738549189582,0.32103529511504986,0.17615621920145083,0.16922795927578566,0.5,2.0201277506619437
2024-06-07 13:00:00,0.0,0.20921789802049398,0.03668172678764821,0.3792229477775814,0.35535759878176787,0.1768158265778704,0.16484944878248273,0.5,1.7286032602527803
2024-06-07 14:00:00,0.0,0.02,0.06949943981656137,0.3521248412815865,0.35485176100024085,0.17198954201236358,0.17006282996388863,1.5474971577992616,0.8425895499030521
2024-06-07 15:00:00,0.0,0.02,-0.03207381631506795,0.34644725381174946,0.3424993216040007,0.18395154462764457,0.17090192505044877,0.5,1.968049182162381
2024-06-07 16:00:00,0.0,0.1706916224493157,0.03475104164889488,0.3295583009216646,0.33304819136086483,0.1765861499396954,0.17289817710434344,0.5,2.207189439435938
2024-06-07 17:00:00,0.0,0.02,0.04054049909789827,0.3582729346916775,0.3379080602551807,0.18053044422071982,0.17480006429381537,0.5,1.514915458262671
2024-06-07 18:00:00,0.0,0.0691642050759749,0.05545685126277719,0.3636954491116947,0.3573467081832101,0.1863489196579755,0.17497124842158904,0.5,0.3464594049693593
2024-06-07 19:00:00,0.0,0.02,0.06383709615055577,0.3247631353646281,0.3252389844915907,0.17807544256763164,0.17618713104122805,0.5,0.3708937423091356
2024-06-07 20:00:00,0.0,0.02,-0.07981325540976907,0.3685071095816029,0.32311691510745744,0.1828575792815581,0.17043113878026822,0.5,-0.25186095125285934
2024-06-07 21:00:00,0.0,0.02,-0.11114468813269358,0.3629745557395262,0.36531795280257345,0.17922018498072484,0.17769403614362086,0.9825403739426201,-0.8878086592953114
2024-06-07 22:00:00,0.0,0.02,-0.09389599587283692,0.3684738619893548,0.37538205757734655,0.1845963577867457,0.17625978913824458,0.5,1.3459887377510378
2024-06-07 23:00:00,0.0,0.09617482932897743,-0.007480251518934666,0.36358851791610786,0.3728585004749134,0.18296303112051474,0.17746233214999457,1.971673858769104,3.3533943298961137
2024-06-08 00:00:00,0.0,0.02,0.09365558431168733,0.36129436348331434,0.36824391228872366,0.17551037988258797,0.1714559431569041,3.294270169441609,3.8771074885766543
2024-06-08 01:00:00,0.0,0.02,0.05737327929541763,0.3592999363316707,0.3627729324197604,0.17820091658408382,0.17185781602417372,0.5,0.5974003023434133
2024-06-08 02:00:00,0.0,0.02,-0.007162808572261117,0.3645162076736625,0.3542530697047174,0.18502725542304832,0.1731079060841816,2.750297083530828,-0.9759199760612962
2024-06-08 03:00:00,0.0,0.02,-0.007647523208408558,0.32420775631428583,0.3392909637410476,0.18067814427065812,0.16919925813012504,0.5,0.023985058148775495
2024-06-08 04:00:00,0.0,0.051289024618310884,0.02337651609568868,0.33050181056968625,0.32265559680139844,0.16949031599500394,0.1670281528346457,3.4345761409592424,1.1761827705705337
2024-06-08 05:00:00,0.0,0.1348536467354701,0.009769138994950504,0.34519084278076095,0.32502470432956765,0.18136111648768527,0.16464885680059643,0.5,0.7194317930570182
2024-06-08 06:00:00,0.0,0.02,0.05521181534126915,0.3495418202760563,0.3312439532988313,0.1704761758657379,0.16629120048546175,0.5,-0.725379899270556
2024-06-08 07:00:00,0.0,0.02,0.09737788367163511,0.3573111767007673,0.3351799036234415,0.18501645842112047,0.1719053530410699,0.5,1.6887852116584992
2024-06-08 08:00:00,0.0,0.0342469936289084,0.11462883015357,0.35709930077348273,0.34512965814016855,0.18224461959039723,0.17481329480709146,3.6308786936816837,3.684279635428978
2024-06-08 09:00:00,0.0,0.02,0.04331001246575861,0.36824571002298506,0.35720697871287066,0.1773990893404831,0.1765778598976303,1.1447953378926767,2.7498481475588656
2024-06-08 10:00:00,0.0,0.05715514910320702,0.06593235537353494,0.37050045621460664,0.35841476329839905,0.17616402410437743,0.16683030062765009,0.5,0.13736036743938196
2024-06-08 11:00:00,0.0,0.03663416762448069,0.07972992702281526,0.3392588450614113,0.3408007197811245,0.17352838193998635,0.16398258242954883,0.7390535179683163,-1.5403989041037511
2024-06-08 12:00:00,0.0,0.02,0.03543520772458317,0.35506776450190164,0.33846162100307076,0.17841676274586066,0.16406021860948133,2.06072405616816,-0.9722499548120198
2024-06-08 13:00:00,0.0,0.02,0.02650943298859189,0.33877164963531703,0.3463066612598209,0.17168508597309448,0.17626801797695757,0.5,-1.1174067043558675
2024-06-08 14:00:00,0.0,0.02,-0.017364741275622306,0.3486654172758411,0.3333688937572745,0.17488839982623156,0.1801967596482402,5.536781074636797,1.565877558588967
2024-06-08 15:00:00,0.0,0.12547471330796453,-0.061775502459039205,0.36072990325433757,0.3316757244210424,0.17827289935000293,0.1787145511416734,0.5,3.2164975205476627
2024-06-08 16:00:00,0.0,0.02,-0.06567205499259644,0.3003584417040692,0.3206120640547749,0.1692378506568555,0.1694262855259784,2.1266344117117706,0.7746481235983657
2024-06-08 17:00:00,0.0,0.02,0.00883883761840559,0.38765778344573987,0.33322817817590134,0.16848001175326985,0.1609922976329698,1.621430092029578,1.115189955437757
2024-06-08 18:00:00,0.0,0.02,0.0034320174710594335,0.3599852530121067,0.35988392336343245,0.16458053238838424,0.15954046423674112,0.5,2.2948455283511056
2024-06-08 19:00:00,0.0,0.17033840962487626,0.15952588199931758,0.34848852795148183,0.3587215813056902,0.16493052198279215,0.1535684555775628,0.5,3.2133529268636165
2024-06-08 20:00:00,0.0,0.02,0.1219050586012457,0.380399669179598,0.37511430421284986,0.1599186931947513,0.15610162945782596,2.1593690551244653,3.437708348495912
2024-06-08 21:00:00,0.0,0.10268243005055072,-0.026862728761968296,0.349867554920375,0.37051304972493815,0.17484081513483501,0.15663375476402017,0.5,1.7316780714514477
2024-06-08 22:00:00,0.0,0.13908752839180272,0.04371485251083128,0.35836490468366744,0.354297532922498,0.18088917504723662,0.16658308697334437,1.0028297026520143,1.1599466115860804
2024-06-08 23:00:00,0.0,0.02,0.003645428056762188,0.34418238569518017,0.36060737949798904,0.17816257223607498,0.16399394761431793,0.5,2.3812670016951243
2024-06-09 00:00:00,0.0,0.02,0.042761804197261694,0.37626900041279465,0.3510853471445078,0.15943006514705593,0.16427240625669526,1.398959071258212,0.371974158343798
2024-06-09 01:00:00,0.0,0.02,0.14485224286338344,0.34991435225655637,0.33758508806879683,0.17311273367795518,0.16188092297644358,0.6246852679911915,0.535032848130404
2024-06-09 02:00:00,0.0,0.02,0.05824195917040109,0.3537313843622372,0.3456840565079471,0.17687433473403777,0.16157087508571394,0.5,1.280837220254525
2024-06-09 03:00:00,0.0,0.11488315193998445,-0.005839120567184792,0.3735819613656913,0.357996141762637,0.16517998250847823,0.1584384079428064,0.9841264366113313,-0.16313214234389395
2024-06-09 04:00:00,0.0,0.042876641836889315,-0.017572189480960586,0.3614153883776102,0.3640936544793216,0.16810972487082823,0.15029071230404073,0.5,-0.011405063938178195
2024-06-09 05:00:00,0.0,0.04513846706044301,0.050101157157026927,0.35192678335029237,0.35531352529299753,0.1550349293813826,0.15071160938947212,0.5,0.4441249329518699
2024-06-09 06:00:00,0.0,0.02,0.15292407696256494,0.36814498743650653,0.35194936294412227,0.16826499897485497,0.14842607298197388,0.5,-0.16093609193840896
2024-06-09 07:00:00,0.0,0.02,0.07013113034637579,0.3895663712925639,0.3689055582363363,0.15986656213546935,0.15131478178480512,0.5,-0.6448546307117744
2024-06-09 08:00:00,0.0,0.2723690635394652,0.06654876147008755,0.3653178126039025,0.3636003680031516,0.16703011081826655,0.15140053753326774,5.304737166931214,2.932206480237084
2024-06-09 09:00:00,0.0,0.02,0.006514723196714284,0.35324052416923307,0.3442387428135559,0.15605050242588722,0.156397636190337,1.9362904259893374,4.012843788476006
2024-06-09 10:00:00,0.0,0.02,-0.037421655753582944,0.35404852910543083,0.3435013960001707,0.16826132500598853,0.15715107913215576,0.5,1.6294376919753368
2024-06-09 11:00:00,0.0,0.17626123316000977,0.13108693590757933,0.37727329657195985,0.3538646589166501,0.1707387412725353,0.15649225302962305,4.6794591628258155,2.490181366437977
2024-06-09 12:00:00,0.0,0.03381702584202622,0.02594257215775396,0.34322008745649896,0.3526726109118984,0.15948110688663422,0.15528862798690857,0.5,2.7404977169189277
2024-06-09 13:00:00,0.0,0.06484925673444854,-0.07156892186964953,0.3494234489014211,0.34764863059122963,0.15694820010332033,0.14946111924813002,0.5,1.8721008595724107
2024-06-09 14:00:00,0.0,0.02,0.10595876383881539,0.328427478614245,0.341307106821081,0.1504241729975036,0.15150243282273537,1.905938004773571,2.7778870855855793
2024-06-09 15:00:00,0.0,0.02,0.08941933414635493,0.333731104911545,0.3229563412704466,0.16135342927022042,0.14867060657509756,0.5,2.274842374257803
2024-06-09 16:00:00,0.0,0.02,0.08298644420801693,0.34372212281067505,0.31362676971176673,0.15905496709279515,0.1535828106677492,0.5,1.5652022732534518
2024-06-09 17:00:00,0.0,0.02,0.12631421098731538,0.35065006794023823,0.3286316552719364,0.15283205289765026,0.15430444350714445,0.5,1.9199625542707277
2024-06-09 18:00:00,0.0,0.02,-0.0023816735939836964,0.3780253727376964,0.3729613041983986,0.16445093648618225,0.1530953881788732,0.5,3.310054792639102
2024-06-09 19:00:00,0.0,0.02,-0.049467544709360683,0.3595290149250229,0.38491659752933155,0.15862866959725058,0.1515637023110583,0.7984662302752285,3.7285360420761915
2024-06-09 20:00:00,0.0,0.20690014349502275,0.08886484292851057,0.3449085347902629,0.3480360990785866,0.154470754906846,0.14883067382687748,0.5,1.5163344074206493
2024-06-09 21:00:00,0.0,0.02,0.05587282919142804,0.3405694155706829,0.3337336347316893,0.15719542329822794,0.15202601939733812,0.5,-0.3283387391857209
2024-06-09 22:00:00,0.0,0.02,-0.0767389795452224,0.3721103530996044,0.3547003213623503,0.16654937782131812,0.15207137228841414,2.258137777952234,0.36358539750867
2024-06-09 23:00:00,0.0,0.02,0.046225028465380985,0.3683882780805825,0.3575185240161961,0.16333886837380243,0.15482250455659985,0.6544823491192792,0.9004166116904819
2024-06-10 00:00:00,0.0,0.32874049597299665,0.19543516892019733,0.3625784514292749,0.35671918977062084,0.15854178722550202,0.15589633314582874,1.022400604459431,0.9351989237898619
2024-06-10 01:00:00,0.0,0.10849328148749873,0.21689353801539643,0.34865520382321885,0.3542952342164989,0.16263826884629584,0.15270469667566955,0.5199602860157668,0.5769273983335481
2024-06-10 02:00:00,0.0,0.02,0.09435257478287633,0.36836311538671423,0.3483563099458745,0.1515608579003475,0.14954795892121964,3.876728790231258,2.4687739850534793
2024-06-10 03:00:00,0.0,0.08330715040243133,0.02694612395756854,0.3394418923643076,0.3450074666714546,0.15832423441893348,0.14568801283430755,0.5092276383573786,1.9122627667939227
2024-06-10 04:00:00,0.0,0.02,0.076862568787748,0.3573695788220074,0.34705394673137224,0.1586186227629537,0.1464037975459574,0.5,-1.9413150684646867
2024-06-10 05:00:00,0.0,0.02,0.0175442872666947,0.38557900771454456,0.36489505811647627,0.15452133300709242,0.14366413877024614,0.5,-0.9421129153934121
2024-06-10 06:00:00,0.0,0.02,0.017847282029492734,0.35456945808491647,0.34641953833222183,0.1595597511936841,0.1406299581069693,0.5,-0.3101400456966885
2024-06-10 07:00:00,0.0,0.02788687466872207,-0.050725078525696604,0.3402766256153609,0.33078080057442893,0.15187203294712803,0.14566616758628023,0.5,-1.2086343225438467
2024-06-10 08:00:00,7.090632250887234,3.2676480147800127,1.5163505383812248,0.4242065260857637,0.36274356127051033,0.16533762857523773,0.14830398071511333,20.543862881558123,8.416460232904122
2024-06-10 09:00:00,0.0,2.1667546223070153,2.5315269408608154,0.3929550878114585,0.38470629749399243,0.16518416019694732,0.14748743693881092,10.761876030652251,13.657464139296284
2024-06-10 10:00:00,0.0,1.5211539630678825,1.6520228670506334,0.3674402530345725,0.37638755050120276,0.1439653657646578,0.15143729538180772,8.136573521980994,8.318986990567128
2024-06-10 11:00:00,0.0,0.9517690591188418,1.2295010171804694,0.3874964581558483,0.3790049242211307,0.16820648845727879,0.148758664764873,2.7349964804165365,4.6431118754676
2024-06-10 12:00:00,0.0,0.7041263873566825,0.8761082583862349,0.38829017854772174,0.3883125785267463,0.14237619720851102,0.15215351788011072,0.6952104673977044,0.6913735621168546
2024-06-10 13:00:00,0.0,0.28266611503138916,0.4442952087618425,0.3561909879175508,0.37328305382062166,0.15656404346578925,0.14544979456601853,2.0494542289650246,0.8602816755061157
2024-06-10 14:00:00,0.0,0.362365603797552,0.1891141240198491,0.35741877000557787,0.3664256769904042,0.16601177498062472,0.15001918507440723,3.942564526255227,3.6357335344752637
2024-06-10 15:00:00,0.0,0.033736288490998884,0.0989945449929953,0.3377806176773731,0.35018987035603966,0.15755631720662586,0.14856411317977636,0.5,4.084880085371839
2024-06-10 16:00:00,0.0,0.3060165415307421,0.1394874372473085,0.3592713434405289,0.33902070932164524,0.15026427156942793,0.14867474826537502,1.3609933873938596,2.173199301228186
2024-06-10 17:00:00,0.0,0.02,0.0656691479873661,0.3430535971072967,0.3424946382221129,0.15210131162528454,0.15329861548836016,0.5,1.1770374238535695
2024-06-10 18:00:00,0.0,0.02,-0.08287783829461308,0.3363236325505958,0.3346481728652648,0.16442850913851934,0.15011035360277866,0.5,0.5058848811797434
2024-06-10 19:00:00,0.0,0.06871995814102806,0.05789510961690341,0.3821406485851049,0.35598192755740815,0.14634237979065232,0.1473714673032512,0.5,0.7104492822105899
2024-06-10 20:00:00,0.0,0.18455254561348888,0.12413013771551751,0.3648814184963537,0.37449038875611307,0.1642506750622814,0.13895391618108432,2.81236530455857,2.260610808266219
2024-06-10 21:00:00,0.0,0.02543079566317591,0.1138511182076475,0.36036903603320836,0.36105039535467875,0.15675242404111428,0.14259012262293477,0.5,2.9362900586896856
2024-06-10 22:00:00,0.0,0.05879295042188685,0.0782586612971757,0.36659411358728455,0.3600158804366906,0.14953595706112502,0.14475608081000635,0.5,0.021714443146386486
2024-06-10 23:00:00,0.0,0.02,0.02227867942576961,0.36305466610254167,0.3680702008262009,0.15279991278735403,0.14222459722442837,0.5,-1.2265618982941096
2024-06-11 00:00:00,0.0,0.02,-0.10451218098291928,0.34529247355919385,0.3490374749236689,0.1498045106665074,0.1419644208542861,0.5,0.5557537003323487
2024-06-11 01:00:00,0.0,0.02,-0.07075881393443337,0.3555774121957166,0.34508439186103396,0.16071543827648563,0.1433373245079585,0.5,0.722324729268426
2024-06-11 02:00:00,0.0,0.02,-0.021603114182957742,0.3474536655872347,0.3479014063104149,0.15952385871223318,0.14156799328406167,4.1924271866706,1.4424600403979446
2024-06-11 03:00:00,0.0,0.02,-0.05719089950457615,0.3580660772227945,0.3479969488979802,0.14442650182076575,0.14265882676642752,0.5,0.42399386303925146
2024-06-11 04:00:00,0.0,0.06336531488459721,0.03542957471666438,0.3586616439778938,0.35065762958888036,0.15193306224134598,0.13913527942398618,0.5,0.07756459743070754
2024-06-11 05:00:00,0.0,0.02,0.1352133751314592,0.34574921893818156,0.33830174361914844,0.14878961444101516,0.14574763347794772,0.5,0.5115172605059577
2024-06-11 06:00:00,0.0,0.055846480806803364,0.10571128295051335,0.3332771771644399,0.3251449235329741,0.16134486640479936,0.14101894023274708,1.0093866540367937,-1.297030572816247
2024-06-11 07:00:00,0.0,0.02,0.0625478556010893,0.3536826787056272,0.32312711307712816,0.1450992523687995,0.14670501782567813,2.6147727707964448,0.9919411433247254
2024-06-11 08:00:00,0.0,0.050721406980238276,-0.01025620355342556,0.3499285771755221,0.3383151129975073,0.16244222208797424,0.14515058287047689,3.568727666124479,3.9710568145914467
2024-06-11 09:00:00,0.0,0.02,-0.025683266325967367,0.32313353913551324,0.32609501892192816,0.15223503690411289,0.14706560525714968,0.5,2.194926500801018
2024-06-11 10:00:00,0.0,0.17754386403807737,0.1049908842923421,0.3652733130628608,0.32722567770833944,0.14508211188958098,0.14218789674111057,2.718873782238481,0.6949678730411517
2024-06-11 11:00:00,0.0,0.043375600758781795,0.16550156284152925,0.36714142141667033,0.36000077834348315,0.14760993892798618,0.14013159274287906,1.2150775441152621,1.0344305971337486
2024-06-11 12:00:00,0.0,0.14829394715929695,0.1273023511961804,0.3946164945742505,0.38066251355505504,0.14648468702735104,0.13708527827187528,2.365876139876983,2.571927064563309
2024-06-11 13:00:00,0.0,0.02,0.04243361273912299,0.34562116030133466,0.3556244442608616,0.14326845365968882,0.1363754240591593,0.5,1.0334041896142603
2024-06-11 14:00:00,0.0,0.02,0.060238842498521204,0.3434084444029086,0.3250474470232968,0.15110783481998466,0.1345583852811038,0.5,-2.0709415222147154
2024-06-11 15:00:00,0.0,0.02,0.06771903373690727,0.334847807394556,0.33319643062250515,0.14279503317329734,0.13867002198900577,1.9863626514171855,-0.5798311802526922
2024-06-11 16:00:00,0.0,0.02,-0.04066375868409591,0.3546187514484497,0.33953024556765365,0.13670492290882566,0.13617094328701346,2.0262161581360023,1.370409990344612
2024-06-11 17:00:00,0.0,0.02,0.09151959460014272,0.3545238955595199,0.35443815814150437,0.1471345935357626,0.1346696346607816,3.3093750795277606,2.1000505964357075
2024-06-11 18:00:00,0.0,0.02,0.0930320254976695,0.33931967782934336,0.3417292721603189,0.13822198355144225,0.13310196129641988,0.5,1.915244779363694
2024-06-11 19:00:00,0.0,0.02,-0.037784642244312855,0.34886517462108696,0.3186091198151812,0.14415355771971955,0.13382879523171215,0.5,1.8573204156922931
2024-06-11 20:00:00,0.0,0.02,0.03347940372380447,0.32180913784780424,0.31985677380428884,0.14284023928918424,0.13823619466767453,0.5,1.5660821752446519
2024-06-11 21:00:00,0.0,0.02,0.05009528325283639,0.3653847740686433,0.3369900683981266,0.1426968230470975,0.14326916007312018,0.5,1.1433608946908578
2024-06-11 22:00:00,3.365762486473466,1.4986216525296083,0.7396658809018309,0.3763649372228995,0.34820009880704594,0.16255805526433348,0.14844675890534098,6.423665857109692,3.933995801179596
2024-06-11 23:00:00,9.286272988269998,5.59402013222358,3.4176597409862843,0.4513278135047371,0.3924117444261718,0.1587059773499724,0.15425239300830043,40.60945740993828,22.424920296397836
2024-06-12 00:00:00,3.6912248718371936,5.241788410144642,5.2289646269366905,0.4255986855737665,0.43437240506250113,0.16260547832076686,0.15452441796558786,41.023616569459286,37.50357043115615
2024-06-12 01:00:00,0.0,3.422409908174304,4.130260798981563,0.41171892226536977,0.40841482477421254,0.15007202935807412,0.1570774947119452,19.359403025306527,26.643544922795606
2024-06-12 02:00:00,0.0,2.5850942327676774,2.9623500240779577,0.4028902533541288,0.4039657377191227,0.15640481428646605,0.1547346785626343,14.086094033879696,13.883146464276251
2024-06-12 03:00:00,0.0,1.492749665985057,2.072226783781167,0.38764425841121036,0.3947695278979491,0.16121958738521594,0.152065306187324,6.243006532114034,8.39579684960263
2024-06-12 04:00:00,0.0,1.079956996443298,1.2653233817020237,0.3868588379033809,0.37345228655905505,0.15338077869907493,0.1519399407298051,7.189553801494443,6.407187066497832
2024-06-12 05:00:00,0.0,0.7705446168293488,0.9096819383876719,0.39461413439700616,0.3745660811002577,0.1645775093572195,0.14942446466968384,1.67680621300765,3.211334444023384
2024-06-12 06:00:00,0.0,0.543020859983319,0.601951647013883,0.37870277885369774,0.3703135212514339,0.15151512994996513,0.1488566091679871,2.7919041023655216,1.0078973987126418
2024-06-12 07:00:00,0.0,0.12825900000742124,0.28472472541425686,0.37043347217833733,0.3650256656652571,0.15661628437651684,0.14741039793594557,0.6735061874116617,0.9935766318482695
2024-06-12 08:00:00,0.0,0.18126678696908965,0.04970077125717447,0.3794700769245683,0.35621348161767935,0.1544223351488753,0.14975791955466655,2.315679047825709,-0.1446371064056154
2024-06-12 09:00:00,0.0,0.02,0.011990411881022926,0.36003474107398503,0.368896349583013,0.15852972233254833,0.15031165357614873,1.8068135048624077,0.5901774767907366
2024-06-12 10:00:00,0.0,0.37553930656261375,0.16325735430757637,0.3628816672755069,0.36676614607414537,0.15330699844918363,0.14612151751434943,1.0493014955837192,-0.04857445171403241
2024-06-12 11:00:00,0.0,0.02,0.2298646367728537,0.3666258014449704,0.35006084637764456,0.15513170227068981,0.14469520203281677,0.5,0.32021640160690745
2024-06-12 12:00:00,0.0,0.02,0.018121219580013087,0.36758426214056944,0.36114195096202917,0.15494839082236475,0.14044604633029525,0.5,0.8229237599282871
2024-06-12 13:00:00,0.0,0.02,-0.06931236475696852,0.3612176104206351,0.3723550583860805,0.15156793190025228,0.14289340976303516,0.5,0.9897677111509284
2024-06-12 14:00:00,0.0,0.02,-0.054399382215446865,0.32966970889560304,0.3547971623344408,0.15849488600947126,0.14217546468359524,0.6219812850386328,0.8269493304432893
2024-06-12 15:00:00,0.0,0.14993690050002098,0.1095389246551465,0.34412476708161144,0.32836324474674694,0.15662569224051692,0.14739604413889523,0.5,-0.14977076465372963
2024-06-12 16:00:00,0.0,0.2755383035637918,0.23479883382677416,0.3565258375477451,0.33599386837793443,0.15427568991499463,0.1502042466577223,3.132938976750777,2.8889044601701825
2024-06-12 17:00:00,0.0,0.02,0.1278328780702304,0.36318343816218307,0.34121334570910294,0.15183760515177563,0.15316927234385405,0.5,1.9150049323328597
2024-06-12 18:00:00,0.0,0.02,0.09600306590660584,0.3511689265650862,0.34272594958053154,0.158813568447786,0.15484357694934897,0.5,0.20113661739148792
2024-06-12 19:00:00,0.0,0.02,0.06058192809952859,0.36854215235290305,0.3468181081687301,0.15223421304111928,0.15224320230226537,0.5,2.8232042248524207
2024-06-12 20:00:00,0.0,0.02,-0.056766695617793836,0.3712176722823088,0.3463724576491452,0.15142491173078873,0.1516647505974639,4.071301468748143,4.093927520374985
2024-06-12 21:00:00,0.0,0.02,-0.11766824298520794,0.36947667988130267,0.3566204268899991,0.15351007289842875,0.1558002405919588,1.4165554706054455,2.938546096887274
2024-06-12 22:00:00,0.0,0.02,-0.005839489698380523,0.3695722313183489,0.36330669900808815,0.16267924798512737,0.15071174671381402,2.2231206621030473,2.5950724165333825
2024-06-12 23:00:00,0.0,0.02203569718785334,0.00032479758732606445,0.33604650361304456,0.34544637427299413,0.1440763413194568,0.14777190754684522,0.5,2.1694255219924323
2024-06-13 00:00:00,0.0,0.047420777137858305,-0.009776708576189959,0.36008487486561463,0.3472610070176111,0.1563573237294972,0.13819077315872536,0.5,-0.3500375564805763
2024-06-13 01:00:00,0.0,0.04329932424184205,0.06927267516249025,0.343544843414036,0.3568252420740205,0.13999980994780853,0.14225441451273185,0.5,-0.40324314392190813
2024-06-13 02:00:00,0.0,0.02,0.05524260230175365,0.3267531278807566,0.33531319600939774,0.1522840787723208,0.14546347849575816,0.5,-0.2947696666481614
2024-06-13 03:00:00,0.0,0.02,0.061815864607845744,0.34717705587030706,0.32536987278299634,0.1600534856890441,0.14780859770238924,0.5,-0.741453491230496
2024-06-13 04:00:00,0.0,0.09505541630303348,0.03264005037021901,0.3746644214938577,0.3550784429270768,0.15315849239838705,0.1461757135665462,0.5,0.6027077673515061
2024-06-13 05:00:00,0.0,0.02,-0.03971559897281243,0.35840025300292155,0.3631133776740296,0.15087466551969303,0.1445482953424153,0.5,0.7412475851897449
2024-06-13 06:00:00,0.0,0.12410290298015803,0.05678780424816962,0.3861217036144184,0.3689335785615134,0.14611359094801468,0.14161666010472837,0.5,-0.17047627323452533
2024-06-13 07:00:00,0.0,0.11171276789672645,0.11853181871665082,0.35806892401476786,0.38572345122251883,0.14928888024436238,0.1430201909320238,0.5,-0.7067351026561417
2024-06-13 08:00:00,0.0,0.02,-0.10515981908251328,0.38820616415503817,0.37939135256260137,0.14721746365640734,0.14004202575937316,2.359114621468669,0.21913313521352173
2024-06-13 09:00:00,0.0,0.02,-0.08568965970606417,0.35415194123390037,0.3715387732100612,0.1436421562998673,0.1381176929194617,0.5,0.44940981135437363
2024-06-13 10:00:00,0.0,0.02,4.700490754835918e-06,0.35182632729345065,0.33221195504908263,0.1462478672147376,0.13558843024808265,0.7489687060517822,-1.2796162644619367
2024-06-13 11:00:00,0.0,0.02,-0.009076270508175742,0.33229827153232216,0.31418527115569367,0.14880744006907648,0.13289776818487625,2.9195565546650086,0.6997249366412726
2024-06-13 12:00:00,0.0,0.09063021311713207,0.14659822461636163,0.3712834522351743,0.3487908605451132,0.1426448078113707,0.13584899417770635,0.5,2.372178177869766
2024-06-13 13:00:00,0.0,0.0376278278292561,0.13262023616747093,0.34486028123906837,0.36163819738483216,0.14204229902289006,0.13345492678631865,0.5,1.6699087623365851
2024-06-13 14:00:00,0.0,0.12315207925423723,0.12852427942822645,0.34611517474633063,0.33542474410215994,0.13835132934657765,0.13646622362042077,2.1893971400674337,2.029022709209873
2024-06-13 15:00:00,0.0,0.035204049418545644,0.13420171995194996,0.37149409289622015,0.34111265034175825,0.14849085815373372,0.13464885251619882,0.5,1.57275801503483
2024-06-13 16:00:00,0.0,0.02,0.11380771237715286,0.36886246288308394,0.34431347394988626,0.1490530812990097,0.14272072017773035,0.5,0.0995540438963799
2024-06-13 17:00:00,0.0,0.12706387168124175,0.0975185567987637,0.37293978709903297,0.3492592620011027,0.14680665153830844,0.143781859792277,0.5,0.8364002986749746
2024-06-13 18:00:00,0.0,0.03886728076820582,0.026877538903077553,0.34701814900747724,0.34251745945365253,0.1508441701070791,0.1464767898949766,0.5,0.6543707809387467
2024-06-13 19:00:00,0.0,0.02,0.0617685287634446,0.3507244848715658,0.3359813019823375,0.1452177201053147,0.14070375367945148,0.5,0.6890055937015148
2024-06-13 20:00:00,0.0,0.16249891950545456,0.11255821890196382,0.35626849896187684,0.35889179233174995,0.1466808536213178,0.13765088109170495,0.5,2.1283048747054045
2024-06-13 21:00:00,0.0,0.02,0.13651108848252394,0.36322689556123056,0.3553639008051419,0.14579099058095585,0.13979243355815063,0.5,0.7876481247666259
2024-06-13 22:00:00,0.0,0.02,0.05538897285709446,0.37479259287855804,0.36043496505490236,0.1430588059955534,0.13493831767479197,2.3629241066172826,0.1226343554361693
2024-06-13 23:00:00,0.0,0.02,0.1012465806059054,0.3570113211791207,0.35894537329850873,0.1400640950280046,0.14009978033377044,3.915298249445008,1.9712081504231516
2024-06-14 00:00:00,0.0,0.08436305508544942,0.26014233298395695,0.3840063741998428,0.36176549337066033,0.156175819126542,0.13282316843381603,0.5,0.47389426800362977
2024-06-14 01:00:00,0.0,0.15297539831039034,0.2352039556952616,0.3703068698998596,0.3626727569512851,0.13982197029409,0.1352487545376061,2.4733871450635077,-0.14565355343984132
2024-06-14 02:00:00,0.0,0.02,0.12554023931047995,0.3479671319394283,0.34736911209755306,0.13818207571605542,0.1296827321104654,0.8591834606417289,2.2386109303613893
2024-06-14 03:00:00,0.0,0.16932424352434525,0.17894122678650798,0.36982157216596306,0.3441687319615239,0.14442595756852175,0.13113649938424998,0.5,0.846233949330222
2024-06-14 04:00:00,0.0,0.02,0.09195129782040881,0.3770782270317762,0.34366040965317396,0.1429784703730216,0.130271124000923,0.5,0.6956964530548806
2024-06-14 05:00:00,0.0,0.02,-0.10557987067725787,0.3814634576012646,0.35845719122694564,0.13268492623588646,0.1273868100206255,3.436995782290249,2.5716633298016944
2024-06-14 06:00:00,0.0,0.02,0.016600944963992212,0.3692924930201308,0.36436987432557133,0.147496960860127,0.1277320150133465,0.5,3.2027349525607383
2024-06-14 07:00:00,0.0,0.02,0.09590036933653172,0.35187423965601455,0.3522957162516017,0.13984382165230774,0.12770528610147414,2.925180809395115,2.762463399464355
2024-06-14 08:00:00,0.0,0.30121876912405243,0.1580046549852639,0.35813424777894637,0.3442209073101534,0.1333923800603574,0.12991426395682043,1.958562045706417,1.644490615497853
2024-06-14 09:00:00,0.0,0.02,0.14486139648567198,0.36013016540456544,0.3579301386868493,0.14684052640119583,0.1346100620612118,0.5,0.317109273561781
2024-06-14 10:00:00,0.0,0.02,-0.09936590847414542,0.3765987402802103,0.3718014859051607,0.14311260559036185,0.13297608831272584,0.6765584552376006,-0.7229714801504336
2024-06-14 11:00:00,0.0,0.02,-0.10945018934105352,0.35799565968436137,0.36084298779008495,0.13142290382869545,0.13600913844821227,4.500475124116992,2.9639425640734194
2024-06-14 12:00:00,0.0,0.02,-0.02780045268251125,0.3583071009291767,0.3521364411149462,0.14932572743247835,0.13153020043426905,3.2462323152317185,5.106618592970488
2024-06-14 13:00:00,0.0,0.02,0.027631244721092938,0.35226009066590097,0.3539576519765286,0.14226875802515182,0.13461640377638479,0.5,2.9709052242425145
2024-06-14 14:00:00,0.0,0.10923879633344856,0.15827131742351025,0.35040199027880337,0.352372659201611,0.13790900718666702,0.1370217685024386,0.5,0.24258278254993337
2024-06-14 15:00:00,0.0,0.02,0.14120174744925165,0.3490571052514858,0.34744425050393757,0.14716657125444693,0.14187147758035612,0.5,-0.05660867826569416
2024-06-14 16:00:00,0.0,0.02,0.06798694414645261,0.35352051262982753,0.3499258895535241,0.13823698197764234,0.14316390282084354,0.5,0.2187081091499551
2024-06-14 17:00:00,0.0,0.14023937442166937,0.02254157191124249,0.3821881817776648,0.35249405967776665,0.13676949383585363,0.1381070399722714,2.8156066978285996,-0.28204310242756003
2024-06-14 18:00:00,0.0,0.14333052811421948,0.09205443434246846,0.3529267628249129,0.3370673192402601,0.13263384660962968,0.1370729932406951,1.8581418900966804,1.3271674341572948
2024-06-14 19:00:00,0.0,0.0451351546992783,0.15231367459915257,0.35353103455380513,0.33357396674549106,0.13974526082333968,0.1367159487742911,0.5,1.4868865499376085
2024-06-14 20:00:00,0.0,0.02,0.12528751241640604,0.33850845794504697,0.3360728765715397,0.13877314059597237,0.1386423491454591,0.9845799318080132,0.9262290235818331
2024-06-14 21:00:00,0.0,0.02,0.1875501233099464,0.3622385888482419,0.34425737460332284,0.13566181982438666,0.1338557608751396,0.5,1.3174450869548349
2024-06-14 22:00:00,0.0,0.02,0.04066245694292944,0.3719893105319188,0.3619021753749087,0.13049488651438015,0.13266222937880653,0.5,1.744899784209074
2024-06-14 23:00:00,0.0,0.02,-0.08467187495949109,0.3758565905404959,0.36856009074316465,0.13567629675098825,0.12973919527321837,0.5441422253651828,2.3674716558342688
2024-06-15 00:00:00,0.0,0.02,-0.0371571731387929,0.35453959072158026,0.35245095444525065,0.13414068311735403,0.12315427891967867,2.538692806498663,1.6786072077500278
2024-06-15 01:00:00,0.0,0.02,-0.009107972438628525,0.36010443710033313,0.34120824653727383,0.12622223122994183,0.12007703345754836,2.074727118864443,2.4268728024868977
2024-06-15 02:00:00,0.0,0.02,0.028675452330155646,0.349185868018594,0.3380228610478376,0.12505664534154606,0.11717928802424368,0.5,3.9227333882206583
2024-06-15 03:00:00,0.0,0.02,0.008345989256894655,0.35940940304656244,0.340069299458278,0.13694372092372606,0.11483499888946574,0.5,1.6848651785948334
2024-06-15 04:00:00,0.0,0.04148376493669626,0.06946499852788074,0.35728322903723175,0.34079744180894006,0.11760758875893015,0.11751511434052897,0.5,-1.155777359620169
2024-06-15 05:00:00,0.0,0.045055171667271125,0.0382376222956417,0.35361217433173264,0.33773710718112,0.13411833451438476,0.11606864880635455,0.5,-1.9695924769138358
2024-06-15 06:00:00,0.0,0.221595131011398,0.022065287719145697,0.3611096314822116,0.34206010554306737,0.1296851583277127,0.1264410755184364,0.5,-1.004280235202264
2024-06-15 07:00:00,0.0,0.02,0.013785504050489908,0.35826795710204934,0.3399411001844058,0.14007175217382956,0.1246843145614393,3.895346193291901,3.3164355707327453
2024-06-15 08:00:00,0.0,0.0506875153210202,-0.03497954175316717,0.348578833110424,0.34800963301305166,0.12893090759629547,0.1291317539516722,0.5,3.699580675642258
2024-06-15 09:00:00,0.0,0.049899878183740747,-0.030711298013834983,0.3493187401734701,0.34730786184282625,0.13551889284460206,0.12377347015439363,0.5,-0.00808329323890744
2024-06-15 10:00:00,0.0,0.02,-0.029991594255533452,0.3770995530562179,0.34598244568533243,0.1288515995427662,0.12613787317783862,0.5,-0.5700691000872881
2024-06-15 11:00:00,0.0,0.09384936393925515,0.04445693265706224,0.39540588254136055,0.3630743281611083,0.13158748880463433,0.12542807354655713,0.7764438735757477,-1.004018158362718
2024-06-15 12:00:00,0.0,0.09302750242208573,0.0429415763205723,0.3366509600806415,0.34420110497851203,0.1349987565695285,0.1276814724934644,0.5,0.24396447206743166
2024-06-15 13:00:00,0.0,0.03475999813441078,0.06627560102247834,0.33336200422212314,0.3077895044292571,0.12747595874260068,0.12486275602084758,0.5,1.0980058279690443
2024-06-15 14:00:00,0.0,0.02,0.06724450538459498,0.33713183043402234,0.31773841937137165,0.13590499411493723,0.12107584844469205,0.5,2.0782086120346785
2024-06-15 15:00:00,0.0,0.02,0.06953734178725335,0.34993979662556624,0.33935872312324367,0.12363866338328804,0.12352186266120824,2.8163227879139043,3.747735480846469
2024-06-15 16:00:00,0.0,0.02,0.06275987564136859,0.36492583051670346,0.35485985163108236,0.1310444055746624,0.12740544018294395,0.5,2.731820925882339
2024-06-15 17:00:00,0.0,0.02,0.008417763028210665,0.36035791698186864,0.36019786519287583,0.13448949473474095,0.129011526808928,0.5,0.9422651882516737
2024-06-15 18:00:00,0.0,0.02,-0.009968864645653277,0.3540695899028516,0.3521849191437071,0.1325914972077608,0.12850983871034022,4.441090352505045,1.2656865112494482
2024-06-15 19:00:00,0.0,0.02,-0.009111447260859768,0.35942315605551306,0.34647265360986723,0.13980836333678873,0.12107197868994819,0.5,0.7605055915802463
2024-06-15 20:00:00,0.0,0.03763543143629201,0.06318360481071157,0.3420112283593858,0.33422122231959694,0.12340828393732135,0.1171613498022488,0.7691931012328149,-1.195203195592721
2024-06-15 21:00:00,0.0,0.1312209756076765,0.09685578290589017,0.35244280432852404,0.32981467395882313,0.11939405203349084,0.10960145021174389,2.5047453126273105,1.1782171520851867
2024-06-15 22:00:00,0.0,0.02,0.07862044919513758,0.35118770462550764,0.33280312002710744,0.1213837645217577,0.11371221889489389,2.1543742880742096,2.619488077588881
2024-06-15 23:00:00,0.0,0.029483639000062258,0.009258073169976316,0.3282290049610243,0.318556270803509,0.1309940561340872,0.11956560964053001,0.5,1.7069329458479707
2024-06-16 00:00:00,0.0,0.02,0.021290003319353587,0.33406946978030566,0.3186642237336358,0.1297013598385759,0.12258108996006403,0.5,1.3427319535197038
2024-06-16 01:00:00,0.0,0.02,0.02833723691051412,0.3346656319319797,0.32616945433297795,0.12701057763526172,0.11897517316012346,0.6563262455469678,0.42026282512786284
2024-06-16 02:00:00,0.0,0.02,0.03296870229585616,0.3629507462064012,0.35811832423365303,0.11934330278854102,0.11747936592564712,4.072298555922713,1.0619739537024926
2024-06-16 03:00:00,0.0,0.08460184650353757,0.09631241541409973,0.3580726335075313,0.36217300394273766,0.1303670462304502,0.11833013189966815,0.5,1.4637488367908227
2024-06-16 04:00:00,0.0,0.02,0.1297761084222004,0.36065504085225375,0.34191373917755435,0.11810319919839642,0.12133783708549581,0.5,0.5383997732127062
2024-06-16 05:00:00,0.0,0.1383029516048563,0.09504208040939562,0.32875529055510266,0.3271392567345769,0.1320914967889003,0.12431414160774552,1.1717572345429301,1.335910143911164
2024-06-16 06:00:00,0.0,0.02,-0.05481444492575098,0.32923562256037053,0.31023045767730884,0.1419695853352415,0.12324646365002881,1.3226441728493898,1.3267760659530332
2024-06-16 07:00:00,0.0,0.02,-0.08523970096437175,0.36143735445499203,0.3326391384349861,0.12671159928884063,0.12079967841010487,1.4498953044535465,1.229196311384136
2024-06-16 08:00:00,0.0,0.02,-0.08066140970049401,0.30980907822615383,0.3305549802131069,0.12770025899233428,0.1163261596685417,0.5,2.725915535477733
2024-06-16 09:00:00,0.0,0.04275890990620661,-0.10796060027357245,0.37100230177921095,0.3346072343647093,0.12093394753956849,0.1133033469028337,0.5,2.0027234647058054
2024-06-16 10:00:00,0.0,0.11617620826714178,0.03894485805656721,0.3282220481175919,0.3373755659139953,0.11272009846103859,0.11313262727324877,0.6822506750169806,1.4043002125292956
2024-06-16 11:00:00,0.0,0.03732788407371904,0.10524133109150795,0.3650280157462816,0.3345762057904,0.11965610876340926,0.11318543874377932,2.700455203221649,2.6823825336642018
2024-06-16 12:00:00,0.0,0.268659799969731,0.12405804441320567,0.347119877376931,0.33653995360495115,0.11640687243264414,0.11651840048981582,0.5,3.486600240476699
2024-06-16 13:00:00,0.0,0.16704516100715627,0.16776687489281733,0.37304972012870713,0.3391238388876495,0.11397480581104844,0.11725495038696881,0.5,2.2877215249690805
2024-06-16 14:00:00,0.0,0.02,0.04141336742637863,0.399611536559892,0.37085445874277484,0.1326843508383386,0.11831224119405769,0.5,1.329215418743471
2024-06-16 15:00:00,0.0,0.02,0.07203657517463523,0.3173914583993277,0.3480487965500346,0.12368149081655344,0.11928954890560778,3.9341382423915086,2.6238595089844345
2024-06-16 16:00:00,0.0,0.041208161772014716,0.07539852738734149,0.3629915739796431,0.33582355882472503,0.12401733040281171,0.11749624965601223,0.5,1.4443815990498194
2024-06-16 17:00:00,0.0,0.02,-0.07322662590777568,0.3243666821472385,0.337376933655001,0.1195807227156525,0.1157163351798908,2.2846469324869574,-0.2716980249572988
2024-06-16 18:00:00,0.0,0.1224545967838984,0.0427150881119502,0.36219768029172783,0.3321227722280613,0.1200940432699023,0.11263770477888663,0.5,1.3613520560982486
2024-06-16 19:00:00,0.0,0.02648836066117133,0.10117761258906163,0.3487368570450897,0.33509811768555653,0.12661574568358752,0.11672493768960124,0.5,0.678851755435308
2024-06-16 20:00:00,0.0,0.02,0.11367451401384074,0.35343585768807223,0.3355738129423988,0.12033234777400485,0.11815257907537285,0.5,0.2620041027527137
2024-06-16 21:00:00,0.0,0.07006007146173336,0.11926250712439732,0.3401376545644534,0.33752689375987033,0.12340921818810911,0.11737577758668803,0.5,1.401504904133755
2024-06-16 22:00:00,0.0,0.19798958600428695,0.14585898609041967,0.3700188584851697,0.3468637304746945,0.11874846613649072,0.11240272680526724,3.100755888090659,2.7665983594023857
2024-06-16 23:00:00,0.0,0.02,0.20202502993688187,0.32976375528158886,0.35387529463468204,0.11757176334935965,0.1039877439157663,0.5,2.0220154370288013
2024-06-17 00:00:00,0.0,0.02,0.04742307491986508,0.37011368179462567,0.34831133882015985,0.11088413399840638,0.1014092129875769,0.5,-0.5723535496531434
2024-06-17 01:00:00,0.0,0.1855756880880036,0.036388590873085755,0.35177803022287407,0.3450157976197865,0.10716081057033475,0.10148388202202693,0.5,0.1421135388932374
2024-06-17 02:00:00,0.0,0.12485604991893601,0.15032646521545567,0.33484083003503917,0.3288299444427485,0.11716036527577776,0.10474563214714251,0.5,0.5408241319137954
2024-06-17 03:00:00,0.0,0.02,0.13599567862796624,0.37541317520125506,0.3485959748649056,0.11877189249243014,0.10796230278869712,2.252196097801267,0.08034055031116488
2024-06-17 04:00:00,0.0,0.02,-0.0224059091398498,0.35047898305900727,0.3544344652116395,0.11042004983936685,0.11163202201027263,3.6756638141848166,3.3639476430446855
2024-06-17 05:00:00,0.0,0.040349411872714444,-0.09771299679845223,0.38113532532348016,0.3517504320268976,0.11763463879426274,0.11394082990908824,0.5,2.888607221397474
2024-06-17 06:00:00,0.0,0.060917553352597936,-0.1341794374109725,0.3717536665817426,0.3674067908576572,0.11786939964245238,0.10983738633489366,1.5061990220445636,-0.481106763953014
2024-06-17 07:00:00,0.0,0.02,-0.057847602949126456,0.33951693727934806,0.3534667175965619,0.10431696901749184,0.10619518661488506,0.5,-0.041688845726479795
2024-06-17 08:00:00,0.0,0.02,0.03605798304215285,0.35021427583709336,0.33749656380702564,0.11146913655433648,0.10660506636980419,0.5,1.280578240782829
2024-06-17 09:00:00,0.0,0.02,-0.0018188807055513744,0.3533046919460982,0.3313151214446704,0.11911106816234827,0.10962042939397382,3.91047583779227,1.3506434162653893
2024-06-17 10:00:00,0.0,0.02,-0.07329972593385677,0.37438367085094115,0.34792579316566774,0.1186981684643101,0.1067124665637746,0.5,1.2842634525994177
2024-06-17 11:00:00,0.0,0.02,-0.12009732253955897,0.3580518885516513,0.35556285894009354,0.10916282704931725,0.1054073635171479,2.6268584331545193,1.68260527094425
2024-06-17 12:00:00,0.0,0.07616527705080052,-0.032210986551731775,0.35670391974428256,0.3454829177399893,0.11674535265934494,0.1090024965758613,0.9308925923924065,1.1616998749797098
2024-06-17 13:00:00,0.0,0.02,-0.010922148904656512,0.34849092904467,0.3463280760513049,0.1216396210476185,0.11373065007126223,0.5,0.34619592631677876
2024-06-17 14:00:00,0.0,0.02,-0.008344476231509489,0.350730767313325,0.3307934466505198,0.11987885250516242,0.11398545248982042,2.902597958787264,2.6587541503701533
2024-06-17 15:00:00,0.0,0.02,0.05444521010747226,0.37105800413631945,0.34138572601163997,0.1143566589922554,0.1073242486281065,0.6306443421061576,3.3609199185371814
2024-06-17 16:00:00,0.0,0.02,0.16203403479585057,0.3515447031131067,0.3562038063964361,0.11183319490010742,0.10568156161128932,0.5,0.0668869585149987
2024-06-17 17:00:00,0.0,0.05356721744932221,0.14812309381691022,0.3471927267453811,0.3478939754150517,0.11057838324209601,0.10606780095690624,2.9776009765103373,0.8340813631697379
2024-06-17 18:00:00,0.0,0.0538942949812162,0.10683438442589688,0.34466434473332286,0.34215335988004836,0.11687548272019073,0.11521425601127734,2.7048896638150324,2.512972184684772
2024-06-17 19:00:00,0.0,0.02,0.05007328022425779,0.34318264554360217,0.3245104094980198,0.11495401645153329,0.11523595748413978,2.545484869840938,2.6920277260167285
2024-06-17 20:00:00,0.0,0.02,-0.10586595459775654,0.3304576829105031,0.32453585039502564,0.11727535816775748,0.11496464018884087,0.5,1.93062013159174
2024-06-17 21:00:00,0.0,0.25148737374711516,0.030173234496203252,0.3486880052888218,0.34155171821964586,0.11400642967454334,0.11643594454617338,1.5759185014418096,1.3297198333517388
2024-06-17 22:00:00,0.0,0.02,0.03403446435125897,0.3739654269858994,0.34790109497909655,0.11784473253091156,0.11631031013182143,0.5,-0.12302008675229059
2024-06-17 23:00:00,0.0,0.02,-0.059772427535256925,0.34839013394263213,0.3405630195159509,0.11321737365450105,0.11650333586165576,0.5,-0.9019440700083015
2024-06-18 00:00:00,0.0,0.02,-0.0189090478669781,0.36205529787948604,0.34335813774401114,0.11707632620740309,0.10870188910567742,1.3018991267604236,1.0636089509822781
2024-06-18 01:00:00,0.0,0.02,-0.11735627556316254,0.3143077750826321,0.33553123002107027,0.11731221004803627,0.10938879967492907,0.5685313276773075,0.8322636292640953
2024-06-18 02:00:00,0.0,0.02,0.00846768795527958,0.36001379248563276,0.33021985299501655,0.10697989546092297,0.10199686984816406,1.4447574718048801,0.9525910920110938
2024-06-18 03:00:00,0.0,0.02,0.07930317163773985,0.34906883228560787,0.3480576961945537,0.10067867332294171,0.10584068378914196,0.5,1.4815250568168536
2024-06-18 04:00:00,0.0,0.02,-0.0893790508024789,0.34426752250778697,0.33254469260885006,0.1205096758962431,0.10359394479675241,3.167541218788434,1.5822618362211973
2024-06-18 05:00:00,0.0,0.02,-0.017592375621845402,0.35420352221246154,0.32384251478231746,0.11251054934752897,0.1054469372544519,1.6571446981407336,3.0583747414090494
2024-06-18 06:00:00,0.0,0.02,0.027857871398400225,0.34405174404396416,0.3221076318075205,0.10040625509787053,0.09717800553882033,1.1606677354989634,0.8948174272021858
2024-06-18 07:00:00,0.0,0.02,0.03745758355756884,0.3196309990528192,0.30610656371495965,0.10613352056135789,0.10152964445597024,1.0581428862022129,-0.8834832606761898
2024-06-18 08:00:00,0.0,0.02,0.03721858495063064,0.36532284196872367,0.33792150666855936,0.11477164220502745,0.10382440073408569,2.451652641154283,2.102309738043567
2024-06-18 09:00:00,0.0,0.02,-0.04433460124704233,0.3551343862713675,0.3729784038959415,0.10818698447288409,0.10436422680739571,2.166906247982327,4.629942093938328
2024-06-18 10:00:00,0.0,0.02,0.009576700960712465,0.3467799860299268,0.35628856989992674,0.1065180143301175,0.10549183056968828,0.5,4.551613067307846
2024-06-18 11:00:00,1.1503091052791834,0.5817426525240846,0.3384468696569768,0.3541583950393196,0.3396348975275636,0.11889066742542675,0.1036854009102946,4.100976181388573,4.04073916962341
2024-06-18 12:00:00,0.0,0.29825656559474906,0.4944447770808103,0.33925271222910053,0.33322420569827205,0.10392543994458722,0.10634854490605697,1.18575888903259,2.901941281201866
2024-06-18 13:00:00,0.0,0.24783442643304268,0.2985182155680286,0.3631935013977482,0.34430395218979465,0.10514471976930387,0.1029962443931067,4.664350069344657,3.7815115938350288
2024-06-18 14:00:00,0.0,0.06105380199793577,0.17160012581607179,0.3776406966860266,0.35498924290004574,0.1109271246663329,0.10743100563770495,2.4016027514707012,5.00913221094001
2024-06-18 15:00:00,0.0,0.14514001146464528,0.1636131690465207,0.359631627135004,0.34697601385894117,0.11172738839382647,0.10457456742606266,0.5,2.640090264160607
2024-06-18 16:00:00,0.0,0.08851422093014985,0.16051536286979176,0.3338023613923655,0.3435701497921706,0.11208925536054382,0.10535575566136529,5.053609567852831,3.6126964025231985
2024-06-18 17:00:00,0.0,0.12561399265401635,0.1066406707466562,0.3592846973025463,0.3405615826738483,0.11430584742902686,0.10358078525525477,0.5,3.7300418951390073
2024-06-18 18:00:00,0.0,0.09357490068769288,0.02679936574928679,0.3539371192888492,0.33728383668506157,0.10975779483779825,0.10704342685157883,1.5099648284129676,1.7343015928932395
2024-06-18 19:00:00,0.0,0.07052860532828473,0.03720210909218408,0.36679271176990375,0.3473011700969908,0.11123121093955533,0.10294503118542742,0.5,0.6317871630175579
2024-06-18 20:00:00,0.0,0.02,0.07592850207761094,0.3605901205123205,0.35674083764664233,0.10646891448176957,0.09940919208229587,3.9739405121311404,1.1136335567048552
2024-06-18 21:00:00,0.0,0.024312649049112584,0.0028973708038172175,0.3069366420635657,0.32370188941686384,0.10813029943198621,0.09946641754215077,0.5586977352318871,1.457818918792114
2024-06-18 22:00:00,0.0,0.12367977724829737,0.11490985610314275,0.3640182189781089,0.32413773421065206,0.10812992941885632,0.09760308988547382,0.5,-0.8696263902956224
2024-06-18 23:00:00,0.0,0.02,0.0621094886107173,0.33643693170858335,0.34593153703705415,0.10850660134260241,0.10134835107094772,0.5,-1.8004005422315499
2024-06-19 00:00:00,0.0,0.02,0.030190134122578538,0.3301631917294141,0.3407172083827613,0.11158321134186555,0.10187424294395306,0.5,-1.1881861782424512
2024-06-19 01:00:00,0.0,0.02630110104333762,0.10352103529201812,0.3490015820594671,0.3424436542749472,0.11001147665679706,0.10617059635135984,0.5,-0.07800786002272656
2024-06-19 02:00:00,0.0,0.05858356283185418,0.05588886464095206,0.3594987529653297,0.34474291332344875,0.10667920307611636,0.10183422738375118,0.5,0.3449237996732659
2024-06-19 03:00:00,0.0,0.02,0.034197439390664726,0.3268781036968422,0.34386883623497355,0.10129311039642225,0.1032422153636614,0.5,1.0006199334943862
2024-06-19 04:00:00,0.0,0.02,-0.08372585135268004,0.3620577691070079,0.34207042485436734,0.10628852418867957,0.10259727036951341,0.5884958997413093,1.1088581322346682
2024-06-19 05:00:00,0.0,0.02,-0.0709541405494555,0.36293920556411857,0.342557410293148,0.1054496836893281,0.10503580984755846,0.8429326385719368,0.6206031229440488
2024-06-19 06:00:00,0.0,0.02,0.029136750421350645,0.35219376579563705,0.3425402656809414,0.106512835401585,0.10374015747742628,0.5,-0.30376578924000697
2024-06-19 07:00:00,0.0,0.02,0.06992851766476935,0.3384747683977389,0.3450047886908487,0.11832951340074147,0.09776290376414769,0.5,0.4415542253794743
2024-06-19 08:00:00,0.0,0.02,0.043289612398184636,0.3367984527883052,0.3381566649005151,0.1016849989827569,0.09935153142218461,0.6743704449318995,1.1745003541773098
2024-06-19 09:00:00,0.0,0.02,-0.10014865198216598,0.366878104824848,0.3449783489811334,0.10709930067962146,0.09767556075710018,1.1383950527688198,0.42713570507769083
2024-06-19 10:00:00,0.0,0.17865971294927224,-0.09045942836542979,0.33502611720369124,0.33325680616583464,0.11071492505192292,0.10389788131364032,1.9441178861551793,0.9587508452359845
2024-06-19 11:00:00,0.0,0.02,0.12176854488295583,0.36745617976343226,0.33377078520953696,0.10463140375143229,0.10539787071490622,1.1788280967654674,0.7386716001241636
2024-06-19 12:00:00,0.0,0.02,0.06735418199955892,0.34901113546418805,0.3566847639173665,0.1178103545012019,0.10206618156388234,3.324067124465478,1.1146319278083545
2024-06-19 13:00:00,0.0,0.02,0.036105673723354645,0.3500516053565017,0.34113684458915927,0.10125558982631463,0.10031837887523187,2.115204457973452,1.6928303975501389
2024-06-19 14:00:00,0.0,0.02,0.04402813604108065,0.3258678072699447,0.32097548782965085,0.10520955134668201,0.09408023024409226,5.649001107890509,2.9848684420552645
2024-06-19 15:00:00,0.0,0.02,-0.036447132357273156,0.3492883733992158,0.32568282473078053,0.09821401900337194,0.09570317952129566,6.532721008766983,6.044506870116433
2024-06-19 16:00:00,0.0,0.02,0.041517617493601826,0.3606929055913152,0.3399597283306025,0.10064018792818827,0.09681924511343912,0.5,4.1697379364249745
2024-06-19 17:00:00,0.0,0.11601757877799258,0.05615120756888892,0.33551994708132027,0.3370531827075337,0.10398606646058035,0.10131657597851337,0.5,2.035079580657114
2024-06-19 18:00:00,0.0,0.08577410268043557,0.13636910412551745,0.3619174140658533,0.3444968017144708,0.10731405621455128,0.10257541700891945,0.5,2.678773199514234
2024-06-19 19:00:00,0.0,0.02,0.1346447274400443,0.3528243066563299,0.3540507525887221,0.10389521026524459,0.10269555830514912,1.0802499981664748,3.280398691411844
2024-06-19 20:00:00,0.0,0.02,0.046208960218404045,0.34183278864365996,0.33572876535346496,0.10928037875395881,0.09703787285123436,0.5,2.7583422014589
2024-06-19 21:00:00,0.0,0.11076839150205897,0.07301947759677477,0.36819622823403586,0.3307573994886227,0.10090158357024949,0.09609594949637258,1.6929015722420973,1.9168605037337578
2024-06-19 22:00:00,0.0,0.02,0.08291294963264582,0.3184552713164662,0.3267843602338273,0.09922468581618699,0.0985176858867593,0.5,1.0796010978873858
2024-06-19 23:00:00,0.0,0.02,0.13125565134334766,0.35668933408230025,0.3280093838048865,0.11718856339640928,0.10438094769637457,0.5,0.7428792958866902
2024-06-20 00:00:00,0.0,0.02,0.0917553401113324,0.37578065022224394,0.36543971236984235,0.10307766701750332,0.10400739662010228,0.5,0.6079183739619273
2024-06-20 01:00:00,0.5338613197521174,0.14916893978094087,0.16188369398016694,0.3783198830485748,0.39033799269036995,0.09670160970280126,0.09674345348462139,0.5,-1.2292579635397343
2024-06-20 02:00:00,0.0,0.2295714328048959,0.23940555963634383,0.36513348003454615,0.38605643812702894,0.09660037015773745,0.09441131716417767,2.347463328151981,1.388696985180676
2024-06-20 03:00:00,0.0,0.37143446388860635,0.2988123684966314,0.3587967960355819,0.35958144808239045,0.09485795836220975,0.09553079180178448,0.5,1.5657161289798016
2024-06-20 04:00:00,0.0,0.07916127351579678,0.2809741535521713,0.3446416752907291,0.34105352312148407,0.10588216888991504,0.09681829168840902,0.5,-0.17626384402965845
2024-06-20 05:00:00,0.0,0.02,0.01907025019643757,0.34694523594255994,0.3461363423058065,0.09782583211552794,0.09593183133278307,1.2188172679109415,0.4580980838637533
2024-06-20 06:00:00,0.0,0.02,-0.023358618402251875,0.35964623156991316,0.3545924766508622,0.10052624048714408,0.09529618029603706,0.5,1.0083507504207416
2024-06-20 07:00:00,0.0,0.09935806737145467,0.06888776576585501,0.3428465337317761,0.3452402072033276,0.09913160842249255,0.09589993055461074,2.531075273843319,3.3423616161040703
2024-06-20 08:00:00,0.0,0.02,0.015537671720146168,0.3628504801219003,0.34992874451322287,0.10365283326559496,0.09772359610507356,0.5,2.864369763809152
2024-06-20 09:00:00,0.0,0.08546486723739713,0.026338241072382973,0.3864232787354586,0.3733234336583822,0.09393525456360037,0.09866931604055015,0.5,1.8924340135195081
2024-06-20 10:00:00,0.0,0.11152243691093457,0.1206549478749989,0.35447530825388146,0.3623299971186097,0.09231474610624414,0.09996755280864444,0.8570853275026057,1.6435057028270876
2024-06-20 11:00:00,0.0,0.05994638799744044,0.08676177560817273,0.3332262689429055,0.32714000571098184,0.09986704321663405,0.10227904984736713,0.9430277453612779,2.6428627757174916
2024-06-20 12:00:00,0.0,0.02,0.031675804166464816,0.3313179516563984,0.31893916875923534,0.10188071193331001,0.09761501538665301,0.5,3.065381027265689
2024-06-20 13:00:00,0.0,0.06326354513632364,0.03241180121943359,0.36518050344688363,0.34219736562640507,0.10002446271313371,0.09081991334436268,2.9226632387748857,1.4919879877971172
2024-06-20 14:00:00,0.0,0.02,0.01745569361005146,0.3505929301667379,0.350523638494616,0.09292747328787752,0.08700650140387024,4.063729195935274,2.6328213484795517
2024-06-20 15:00:00,0.0,0.02,0.007986723688432711,0.36464158629210536,0.3532337994033463,0.1016046442258537,0.08788281544755955,0.5,2.087763926504706
2024-06-20 16:00:00,0.0,0.20689403411877544,0.08472615366310676,0.3505850084763486,0.3515268799058158,0.09283272027279829,0.09064553334420053,3.623952393709118,1.6241646621085202
2024-06-20 17:00:00,0.0,0.02,0.21057492348585766,0.3639484760642421,0.34950367848099073,0.09392341425206537,0.08468211451890542,0.5,0.42045490076120906
2024-06-20 18:00:00,0.0,0.07559027605398912,0.10868730104839192,0.35166203584857836,0.353663246786619,0.0911462933571497,0.09056941432829506,2.3884172038342117,0.34711317344515047
2024-06-20 19:00:00,0.0,0.02,-0.05338997738683102,0.34050156202128534,0.3413020789471458,0.1043749395611302,0.09724492940408508,0.5,0.564222172612074
2024-06-20 20:00:00,0.0,0.1380210613674837,0.022037295141975877,0.3503254286009496,0.32719903168562237,0.10012709874170908,0.10581339433842936,2.3396041173998716,-1.7886350641576096
2024-06-20 21:00:00,0.0,0.1638772806877852,0.22300731221315764,0.3392560414398847,0.3311983065014529,0.09971571332587936,0.10534893608837938,0.5,-0.955243593903811
2024-06-20 22:00:00,0.0,0.02,0.12510648071058383,0.38132951622986877,0.35020545263161346,0.10332880721598131,0.10541746205708707,0.5,-0.4079258356124337
2024-06-20 23:00:00,0.0,0.06252319087923668,-0.004728131618579302,0.35205524676838096,0.3450921601375832,0.11248182033183614,0.09653023715633839,0.5,-0.8219445328222329
2024-06-21 00:00:00,0.0,0.06702182179290744,0.09648037679128632,0.36335596007141985,0.33504163787687435,0.08511155340683686,0.09049193440051775,0.5,-2.6997063704008597
2024-06-21 01:00:00,0.0,0.02,0.07126189114471806,0.3434360858580826,0.34048105268488316,0.0906982332699594,0.08748831994863873,3.864202356171733,-1.1032475489417977
2024-06-21 02:00:00,0.0,0.07440467665272059,0.12423633920251753,0.338210029124678,0.33376418556915965,0.09119362101828686,0.08987981711152329,0.5,1.2403157192124574
2024-06-21 03:00:00,0.0,0.02,0.16834769195614457,0.34798091518737556,0.32148596982767597,0.08954852711022951,0.08795224110674399,4.452995305662055,1.691577140057453
2024-06-21 04:00:00,0.0,0.02,0.057623626661348556,0.36800701085183257,0.33430407407078044,0.08795131174679208,0.08633345101828004,0.5,2.14036557319828
2024-06-21 05:00:00,0.0,0.15213687914553445,0.0705533490947051,0.3490098010374868,0.35461765589352046,0.09238285082000113,0.0884626663411276,3.4632777290272188,3.2946705478839626
2024-06-21 06:00:00,0.0,0.1344589228840243,0.05535143695041356,0.34315929791352334,0.3420861336123413,0.08664569498958606,0.09014485549641377,0.5,3.3978895590854377
2024-06-21 07:00:00,0.0,0.02,-0.013415103044200963,0.35382108651668176,0.33642579425577424,0.09572070819334368,0.08785312950657065,0.5,1.7062093874857283
2024-06-21 08:00:00,0.0,0.02,-0.015364820965499501,0.35897446186191073,0.35310931691215053,0.0937863677817206,0.08751436810672954,0.5,2.180416787000347
2024-06-21 09:00:00,0.0,0.02,-0.02963859268962178,0.37613184538394234,0.3697627621091665,0.09612865939709797,0.08945598269382667,3.2505436570917974,1.8424693442127167
2024-06-21 10:00:00,0.0,0.09666674797585895,-0.037062675144556904,0.36016043702066464,0.3702140758885857,0.09605575189982428,0.09301496863396912,0.5682370505064738,1.3386676344819697
2024-06-21 11:00:00,0.0,0.02,-0.00749993951057731,0.3611490130291131,0.34149419648987955,0.09639489885757985,0.09056057120139184,0.5,1.6516255246803846
2024-06-21 12:00:00,0.0,0.042805516684314586,-0.03415554760927621,0.3634241420200764,0.3473575162343349,0.09030446197173393,0.0954546496391264,0.5,0.9193575002535894
2024-06-21 13:00:00,0.0,0.08509228398682137,-0.015447720014035708,0.3371161614305363,0.3560832089271192,0.10504041371949754,0.09252758471854833,0.5,-0.5092697024630164
2024-06-21 14:00:00,0.0,0.02,-0.0029938377199332025,0.33703914179410144,0.34757504907033565,0.0934893561193289,0.09572990802841992,1.9828675130533535,0.9637373135101043
2024-06-21 15:00:00,0.0,0.10883327495302696,-0.04138760969318015,0.3390470921330973,0.34000498445597216,0.08067765398113647,0.08801542501949128,1.9008342674455008,1.0721293103384704
2024-06-21 16:00:00,0.0,0.02,0.07767427508520547,0.3315069365157699,0.311955706162108,0.08560867661604572,0.08363522179008274,0.5,-0.9225129896489015
2024-06-21 17:00:00,0.0,0.02,0.10651250242293923,0.36342102097420065,0.3285874503615632,0.08095085582874953,0.08349691062411395,0.5,-0.9318087445197811
2024-06-21 18:00:00,0.0,0.02,0.10623605417920826,0.3558398742261009,0.34939039361955526,0.09126939685341699,0.08364557743496816,1.52577720120291,0.7831731314055937
2024-06-21 19:00:00,0.0,0.105157579754366,0.196085360899582,0.35636301149226174,0.34982475815370695,0.09020664426149287,0.08245624565129685,0.5,1.491708226716872
2024-06-21 20:00:00,0.0,0.02,0.09998326865906661,0.31259837512011057,0.3368247106360448,0.0878995777294016,0.08440890022746159,0.9824667491135399,1.7007510264678278
2024-06-21 21:00:00,0.0,0.02959824945504258,0.060336999626023485,0.38283020839522747,0.3452949539537261,0.10254891326140943,0.0856330102594701,0.8185503505260667,0.9384807311808647
2024-06-21 22:00:00,0.0,0.02,0.025703652174066657,0.33807504278884126,0.3498337494336722,0.0935510454400003,0.08810010739487514,0.5,-0.8955186550564382
2024-06-21 23:00:00,0.0,0.02,-0.016590266081699903,0.38226631419022894,0.3532186528480067,0.094388095493728,0.08261259002088155,0.8564856220138016,0.2790124115762391
2024-06-22 00:00:00,0.0,0.02,0.0320181309972466,0.32975050064137484,0.34906255256076446,0.08421998563408474,0.07582572475950165,0.5,0.42045726530461724
2024-06-22 01:00:00,0.0,0.17047400197418236,0.02110276109452695,0.34524249153473413,0.3258187155824055,0.08358704114734695,0.07678722955649395,1.4300484697112645,-0.2107537779774486
2024-06-22 02:00:00,0.0,0.032948905116137524,0.08276688471851629,0.319122662451683,0.32839311217204253,0.08957878871367643,0.07931144024885399,0.5,-1.0572321260932191
2024-06-22 03:00:00,0.0,0.02,0.10362481415245142,0.35692099749028505,0.34369078282515353,0.09017260366771032,0.08179299759416173,1.3118160545280728,-0.3975578925332788
2024-06-22 04:00:00,0.0,0.05179483904807076,0.12779559510957816,0.3365211428832349,0.35246222910687774,0.07777385502503574,0.0810400523171601,2.233048350100495,3.138885177568488
2024-06-22 05:00:00,0.0,0.02,0.09129101329585712,0.33539412053966927,0.33338906773720267,0.08760760297955597,0.07986703668508223,0.6953598786031332,1.7918099283607427
2024-06-22 06:00:00,0.0,0.4319855682693018,0.23632786733767824,0.34433198225573697,0.317858225961286,0.08855215400110258,0.08102166794850302,2.6150392362256776,1.556440138534985
2024-06-22 07:00:00,0.0,0.05111856292113136,0.26700514591322194,0.36467050277030666,0.33226524224783305,0.08695565720547513,0.08044800820604346,0.5,2.2401425440826492
2024-06-22 08:00:00,0.0,0.02,0.07598847679614282,0.36216107762465777,0.3492566946383232,0.08314559334552159,0.0794698185266946,1.8931602845701898,-0.33027892120285635
2024-06-22 09:00:00,0.0,0.18277771880521718,0.1405018005162863,0.3850076009486229,0.3592920849536351,0.0845686598885258,0.07910070590275162,0.5605114279399472,-0.9699801469257427
2024-06-22 10:00:00,0.0,0.02,0.13551356979596246,0.34120352353505,0.3495861332776632,0.08652520114116574,0.0811286603113279,0.5,-0.9803939567578651
2024-06-22 11:00:00,0.0,0.02,0.0717191642808539,0.3547714134168466,0.3354847847434263,0.08791219055350631,0.0835078046916693,1.7438158206726457,0.04068497300197005
2024-06-22 12:00:00,0.0,0.2393314193617289,0.08642487357855443,0.34024090538139834,0.3328059186653605,0.09077772143111981,0.08716493712750153,0.5,1.1414702700023511
2024-06-22 13:00:00,0.0,0.02,0.037722008598916924,0.3464635375101148,0.32119180973535877,0.0934162367356821,0.09052990833372451,0.6151993584234035,2.341123797726355
2024-06-22 14:00:00,0.0,0.02,-0.05637599844659861,0.34370644315192694,0.33645479483819146,0.08494768541604843,0.0874963180069172,0.5,0.8605957310342025
2024-06-22 15:00:00,0.0,0.02,-0.03597722381203507,0.3584558722135759,0.34417341311358485,0.08376005015112677,0.08583773313775564,0.5,-1.0607385534707796
2024-06-22 16:00:00,0.0,0.15938672034885676,0.18284447568195022,0.37231845599720803,0.3508019162381948,0.08890667890070521,0.08167007051577263,0.7131901605362048,-0.5319808440914711
2024-06-22 17:00:00,0.0,0.028224649598433942,0.14928997843479883,0.36679409990051554,0.36641600610924424,0.08973011249581575,0.07984588022303374,0.5,-1.1585424957469186
2024-06-22 18:00:00,0.0,0.02,0.006023205147953587,0.3388469387678804,0.35556574070717173,0.08324467779030395,0.08224341129360846,1.0969945250862467,-0.18424400406307717
2024-06-22 19:00:00,0.0,0.02,0.06356693726094272,0.36646614142048956,0.3544476971187941,0.09037761655067966,0.08221398505833297,0.5,0.8313235580778388
2024-06-22 20:00:00,0.0,0.02,-0.04618181084224428,0.35082784579452764,0.3566257540774297,0.09129867959659627,0.0861054812170289,0.5,-0.9778578847168173
2024-06-22 21:00:00,0.0,0.030969377415714754,-0.10479700733762182,0.3471981270489137,0.3467978936858297,0.09295773342473831,0.08533667670263415,2.848725654600164,0.14407705366135426
2024-06-22 22:00:00,0.0,0.15183353595263827,0.08068827038340017,0.3461829031851741,0.35095249140109286,0.09566452103452824,0.08101779722059849,0.7597258289627342,0.7533927282691488
2024-06-22 23:00:00,0.0,0.1217614282466064,0.00593280683531279,0.34737248476762544,0.3492436936805753,0.07958361227326716,0.07601356238601213,1.569412084536522,0.1444984761507182
2024-06-23 00:00:00,0.0,0.05472146185309507,-0.10818420068330697,0.3793026429652448,0.3461443838167278,0.08465354308845581,0.07259418761550071,3.057967172723496,3.2091823792995813
2024-06-23 01:00:00,0.0,0.02,0.042405022283140456,0.35610028434855495,0.34468221521134856,0.08442639462759156,0.07757371739895891,2.961736820585981,4.227351848267697
2024-06-23 02:00:00,0.0,0.02,0.12457274369160072,0.35410830056366266,0.34758881063059416,0.08355939021556487,0.0800048734729196,1.2389113485157939,2.495173980202461
2024-06-23 03:00:00,0.0,0.07636461121641626,0.11555441052539495,0.3501337931744089,0.344085786572255,0.0800418845300322,0.08099844465213184,0.5,0.5397672261024169
2024-06-23 04:00:00,0.0,0.02,0.10951444750001757,0.38817880202271504,0.36625460769069196,0.07481424637318737,0.08091728046143998,0.5,0.10248151475311001
2024-06-23 05:00:00,0.0,0.02,0.07424509371823207,0.37106428018384097,0.3798521819845526,0.08407437602276639,0.08114477824128878,0.5,0.9760974984738052
2024-06-23 06:00:00,0.0,0.05399805354234123,0.07437701403445324,0.3423205416890347,0.34826420673312136,0.07869936964093842,0.08458532773490259,2.3802777293829918,2.1814275403134857
2024-06-23 07:00:00,0.0,0.02,0.04783911687134937,0.34738489703057523,0.34383621191673663,0.08361719072371608,0.08100054461343917,0.765423016143698,1.7767288150844902
2024-06-23 08:00:00,0.0,0.02,0.009387948704073949,0.3482754547005809,0.3451336174543589,0.07812921551443915,0.07924931432621785,0.5,0.6918057117201228
2024-06-23 09:00:00,0.0,0.02,-0.006447885174686481,0.3536772025253836,0.34251345955678403,0.07608829299765466,0.07554626241729738,1.8484924205533801,0.22914002561866387
2024-06-23 10:00:00,0.0,0.06918803450288631,0.07476725060497297,0.343258908350849,0.34655722522596527,0.08388531762730028,0.08043223010467612,2.070249666599794,0.20892738928044385
2024-06-23 11:00:00,0.0,0.1319115857389451,0.23668490369139308,0.36271097429660815,0.3410744199409516,0.08317885780721528,0.08331466175049934,0.5,1.1917362248497012
2024-06-23 12:00:00,0.0,0.07284641217246625,0.24427886049804257,0.3757074472868297,0.34980277706339025,0.08554333715268596,0.08556470289468848,2.1978803188152645,2.51307367361696
2024-06-23 13:00:00,0.0,0.02,0.09357428864852047,0.33178470121608217,0.34851929926737035,0.09497765880995422,0.08369781135128845,1.3400892656438894,2.4184268776355764
2024-06-23 14:00:00,0.0,0.02,-0.04871414005214749,0.3345669217947636,0.330548112691623,0.08332155720818493,0.08168567775002279,0.5,2.1265735935475267
2024-06-23 15:00:00,0.0,0.02,0.035539981069253795,0.344241744521685,0.3404562329249473,0.08436416607325234,0.07763453712926408,2.691094239474937,3.095784601693385
2024-06-23 16:00:00,0.0,0.02,0.11042404316707881,0.3449371894495271,0.3356677825012949,0.07478467330898644,0.07411144470635052,0.5,1.726109999910812
2024-06-23 17:00:00,0.0,0.032288568237609436,0.06895838851687452,0.3821097610620664,0.3352033610928593,0.07332547153576667,0.0772638874427238,0.5,-0.6903042167228977
2024-06-23 18:00:00,0.0,0.022894844795281147,0.011483976443360324,0.3666736538652965,0.3598844149766126,0.09034127556917747,0.07742915231285345,0.5,0.6471843975906859
2024-06-23 19:00:00,0.0,0.02,0.010384138687894676,0.36565395813291857,0.3671888370444619,0.0751013094617163,0.0738963668210145,0.5,2.239240565746794
2024-06-23 20:00:00,0.0,0.02,-0.013600712351258495,0.34752363744844356,0.3520660098923104,0.07417691824215097,0.071317570515368,0.6593290174806256,2.602106400318932
2024-06-23 21:00:00,0.0,0.132166537521974,0.05116390225025125,0.3518429071601806,0.34253374012829196,0.0800048876869861,0.07065701223403202,3.0251525445925846,4.911202400046102
2024-06-23 22:00:00,0.0,0.02,0.17437214021365852,0.3297135416446636,0.33947315528282673,0.07949772803098538,0.07948674081968024,2.641619826326714,3.378642278050833
2024-06-23 23:00:00,0.0,0.02,0.16987661217570815,0.36321522627186187,0.33773730137394237,0.07458496096134025,0.07957517461664934,1.541056746375822,-0.08279589841236001
2024-06-24 00:00:00,2.1184590920928756,1.006026408718687,0.6140882749250922,0.3854922785600938,0.3562449928725881,0.08032820741522954,0.08300508385833444,0.6727684621903829,-2.2731014269137537
2024-06-24 01:00:00,1.6340595275159329,1.0667816105793506,0.9706006105743339,0.3986809813842915,0.37957381767775605,0.09113622510942769,0.07583580482961405,1.7775147941378662,-0.3993365234445152
2024-06-24 02:00:00,0.0,0.7574394837321954,0.824600549260189,0.3695711947238562,0.38146995277533025,0.07871460922352747,0.07643591170988517,3.2354381891118456,3.625989667707748
2024-06-24 03:00:00,0.0,0.5234796390908139,0.7374559087579347,0.3651052013565205,0.35695087348843824,0.07497965954312993,0.076182964043139,1.6810341495068846,2.9239842939187968
2024-06-24 04:00:00,0.0,0.2763793949627822,0.45108520967973875,0.36322370180815355,0.3472410773946029,0.08878890193860241,0.07963284311194938,0.5,0.12676473383320586
2024-06-24 05:00:00,0.0,0.13088436583679736,0.15092963393977124,0.36947136097898525,0.354902085058287,0.08587928833429886,0.07897019481389661,4.270982341917561,1.1997701292505507
2024-06-24 06:00:00,0.0,0.4047992187952222,0.3272558356987515,0.3421565596238645,0.34831676009422063,0.07899508137162199,0.07595993370884646,1.4611680569441323,2.7821124329690665
2024-06-24 07:00:00,0.0,0.22476846488064411,0.40655845643468536,0.37018112339464765,0.35007635372323753,0.07301839551601369,0.07625589717123628,1.6989430162808203,2.265517356071678
2024-06-24 08:00:00,0.0,0.1714583176385906,0.34683638845850373,0.35715322143601436,0.3516116685544929,0.07783737898011188,0.0765046576082709,2.4630523901192714,2.809031896896408
2024-06-24 09:00:00,0.0,0.11954774841002555,0.22835678606338033,0.3398130857249948,0.3443356510762997,0.08177112969985077,0.08056488919944034,0.5,2.147991295701458
2024-06-24 10:00:00,0.0,0.02,-0.018520374343813144,0.3202200365613336,0.32635201347054776,0.08888814046944696,0.07900898223269348,5.462592448033775,3.246079975533636
2024-06-24 11:00:00,0.0,0.1743558050961315,0.10588387007379328,0.3555079094800031,0.3247671146003187,0.07546988081110075,0.07939033256065921,0.5,3.660224454680905
2024-06-24 12:00:00,0.0,0.02,0.09557772794725758,0.37320481760025564,0.3443102468215198,0.08097802993959906,0.07879215206028183,0.5,1.9225695770949551
2024-06-24 13:00:00,0.0,0.029465082488783143,-0.045666498388638184,0.3771115795544736,0.3523236607349147,0.08533230431496562,0.0777598743318548,0.5,0.027837605394093967
2024-06-24 14:00:00,0.0,0.02,0.010845105781959791,0.356819766011196,0.35697319783300574,0.06679062872397572,0.07913774942832903,3.3029442969151366,1.956819545708278
2024-06-24 15:00:00,0.0,0.02,0.06789714642631728,0.3809192078087783,0.3650366874203109,0.08707825419042889,0.0729206266994745,1.7057422312769575,4.455933553603771
2024-06-24 16:00:00,0.0,0.023039499752145996,0.10336550970047319,0.35101170257855935,0.36270299794754446,0.07357864490659988,0.07542193038168343,0.5,2.3939473409771868
2024-06-24 17:00:00,0.0,0.02,0.07441928174002022,0.3657886761257863,0.35670158046378925,0.08246363792973051,0.07512423928831949,0.5,1.0689539536323256
2024-06-24 18:00:00,0.0,0.02,0.022111701813759797,0.34472065951754816,0.36256073372739217,0.0817505847042309,0.07731403821375193,2.9296319466832674,3.170249697927135
2024-06-24 19:00:00,0.0,0.047969438393590406,0.07355984996070837,0.3451510148339471,0.34469650833661913,0.08657732794083309,0.07430856345018813,0.8291349568901394,1.7943769405716492
2024-06-24 20:00:00,0.0,0.2392542479598669,0.4012012791287104,0.34941597949730374,0.3247449978083602,0.08330554628536124,0.06955033597055475,3.5710075077636607,1.763196569546655
2024-06-24 21:00:00,0.0,0.1543728623588428,0.4265676420319238,0.3259878910696095,0.31357722839961577,0.06573625704962012,0.07257845043340981,0.5,2.5335298040526877
2024-06-24 22:00:00,0.0,0.02,0.12403136713634694,0.3707955067503483,0.3295050691447207,0.07529132451706405,0.07282291186067905,1.0955860725283582,1.2482932245022127
2024-06-24 23:00:00,0.0,0.02,-0.04052953817226619,0.3418646362640743,0.33771027715634716,0.08082923077611968,0.07534676217385322,0.651839971430205,1.7972277276119846
2024-06-25 00:00:00,0.0,0.1065247508140695,-0.03546597924604902,0.34319932493542665,0.3290272165315241,0.07883012068328128,0.07391354161031224,0.5,-0.3543716744762995
2024-06-25 01:00:00,0.0,0.139184695669483,0.07648664265805831,0.33868087969429944,0.3408354343785176,0.08286566437854062,0.07716339513442705,0.5,-0.9195566667551438
2024-06-25 02:00:00,0.0,0.02,0.039709461341142685,0.34842373130310034,0.35206093403789274,0.08473619933401823,0.07910487928285337,0.5,0.8921674105042192
2024-06-25 03:00:00,0.0,0.02,-0.00815390373969904,0.3779415075095407,0.36673004198946796,0.08365071041857808,0.07599949495924069,1.05898622524501,1.3850584517925184
2024-06-25 04:00:00,0.0,0.05122922137797205,0.12260746987164943,0.3844217454605782,0.38790675175322176,0.07871435034467321,0.06928306918443705,1.67467219948378,0.6249321396416061
2024-06-25 05:00:00,0.0,0.08336886039351843,0.21647192032711324,0.3294312080542961,0.35906963626858424,0.06892197793327712,0.06604164855112951,2.2260974405554568,0.8414372920880193
2024-06-25 06:00:00,0.0,0.02,0.10449892290570868,0.34617240291150037,0.31776120955989556,0.0772671125068711,0.06953864354422434,1.421106171076911,1.7327403962414936
2024-06-25 07:00:00,0.0,0.02,-0.04897563305670574,0.33597375629973913,0.3294112798503993,0.08249820888883373,0.07094189421367524,0.5,2.821068074647305
2024-06-25 08:00:00,0.0,0.18073532413675444,0.10371064945608514,0.37258647052861604,0.3410648927490719,0.07345731648469714,0.07519504880502506,3.6762548813829907,1.6589936316157168
2024-06-25 09:00:00,0.0,0.15751685296391107,0.22829884827732488,0.3612997939705679,0.34257491258890854,0.08378764838072945,0.07558847798882995,2.2202979920799364,3.311013817640106
2024-06-25 10:00:00,0.0,0.06603926881233067,0.019535206047403143,0.3440990812242369,0.3428253063534027,0.08545035978360382,0.0793169539082457,3.0230948059503153,4.878425941725814
2024-06-25 11:00:00,0.0,0.21082242169204596,0.08343597369390454,0.35980015014095484,0.34600920942045765,0.08076120185777505,0.07126020207832398,3.561197963995312,3.734962478834303
2024-06-25 12:00:00,0.0,0.02,0.19873930344612134,0.34432784353002893,0.34185445545391835,0.061617320802125626,0.07078457316724729,0.5,2.032055349526924
2024-06-25 13:00:00,8.987821561706292,3.2874992674273114,1.532472309033472,0.4425745139915892,0.3757778936964006,0.08213577120491417,0.08714224121375291,21.756536372267902,10.153263670107062
2024-06-25 14:00:00,21.6735484398509,11.16922114672655,6.8417578883041665,0.5292749218914781,0.4671129701774167,0.12432598425618109,0.1029954499372647,110.79077565895398,62.71352958855614
2024-06-25 15:00:00,9.683014330662717,11.671506683023594,11.019582200841914,0.5368558854742783,0.5262289945903158,0.11917882566961642,0.10938850887715165,113.43002644905653,105.14695221081621
2024-06-25 16:00:00,0.0,7.285468633260583,9.215857385739728,0.43416179762934487,0.47999841178621094,0.11024704795794327,0.10866072089202769,58.948380760170096,79.8787862582793
2024-06-25 17:00:00,0.0,4.8075787901267075,5.870019692965364,0.43990632386809964,0.42168369551212265,0.12925801185833707,0.11142416757753332,32.253873191347616,43.35057274722334
2024-06-25 18:00:00,0.0,3.2677839456780458,3.8451188211674974,0.4493012830606882,0.42146672613981806,0.1216220447589163,0.11733492248055985,20.545610573362254,24.62713289336868
2024-06-25 19:00:00,0.0,2.163426417830875,2.6261727885053894,0.4198395363666952,0.41179792161924567,0.1278676993653765,0.11306291798935797,11.203986094095454,14.096763433403492
2024-06-25 20:00:00,0.0,1.624798696460005,1.8483374116922375,0.36258926326613306,0.37932168923757287,0.12259671334186727,0.11386674889157539,5.072859944339725,7.7390890852968885
2024-06-25 21:00:00,0.0,0.8342717684145331,1.1951062540934405,0.36974072237524597,0.3617926490816374,0.12338397870459772,0.11313045055228607,3.602278227925637,3.0296859702334427
2024-06-25 22:00:00,0.0,0.7108581249035582,0.7201423830913205,0.3536540109783728,0.35027520084715025,0.1225090978138935,0.11351505590254879,2.4486534479725433,3.6650195130190015
2024-06-25 23:00:00,0.0,0.5377740544860694,0.4817698572037251,0.39325012825226435,0.34642162080908456,0.12421514459331338,0.1182612223367179,4.300558698271023,3.9995715655933335
2024-06-26 00:00:00,0.0,0.35010502572839286,0.40032422128060685,0.36640820438094646,0.3599687863751475,0.1333947218763195,0.11938606399184519,5.245652937073115,2.8381282430857055
2024-06-26 01:00:00,0.0,0.04340007919623473,0.24104267673036261,0.3411454826549433,0.3424200314616957,0.1252568518527756,0.11996391351887153,1.0193398234919795,1.9034168203827184
2024-06-26 02:00:00,0.0,0.21820950703262615,0.18549862670555417,0.3594518702595335,0.3406396387025049,0.10965020089535472,0.11431618242138372,0.5,-0.04729667340989585
2024-06-26 03:00:00,0.0,0.15989336042861418,0.20268397590070922,0.317969477876362,0.3301793349116422,0.12151437530209529,0.11621038061203343,1.7116463878055241,0.43415471335816513
2024-06-26 04:00:00,0.0,0.08710558694107302,0.0532860748305541,0.33821502425477584,0.30975397646520986,0.12538620480351512,0.11850910882506632,0.5,1.1733210579609585
2024-06-26 05:00:00,0.0,0.04142542442513313,0.09055395425998515,0.3531176924712388,0.33236199448383374,0.12545718173362544,0.11119498105272,0.5,0.7840458898290535
2024-06-26 06:00:00,0.0,0.04463296120532455,0.03358329401527876,0.36540407167522393,0.36570384772718956,0.11538574455381796,0.10809490239920996,0.5,0.5606137747130906
2024-06-26 07:00:00,0.0,0.02,0.017739766963287475,0.3223694110421845,0.35427383489295294,0.1246401776871709,0.1074614068067266,0.5,-0.18884204026863083
2024-06-26 08:00:00,0.0,0.09204966067654484,0.1828863314309364,0.3489619034282712,0.3329211772035169,0.12292283913580926,0.11893721397505587,0.5,0.42499307166968425
2024-06-26 09:00:00,0.0,0.02,0.16331777168520892,0.3666344089289269,0.3521814254438336,0.13249809839847418,0.1137019493199661,1.7099643189652411,1.468471379491743
2024-06-26 10:00:00,0.0,0.02,0.027994099862781365,0.3297173229855455,0.33146605922363476,0.11227032587472309,0.11083187914634265,1.0945156142743182,0.8378664656417738
2024-06-26 11:00:00,0.0,0.02,-0.05583656768679037,0.3549268653729072,0.316865626525496,0.11343400699308108,0.10209300564883696,3.8550717955676403,3.1237063670794396
2024-06-26 12:00:00,0.0,0.02,-0.03194898048617795,0.35247874039773464,0.32341432020127503,0.1143505001345952,0.10635922352261319,1.4374718504953898,3.5850259919066074
2024-06-26 13:00:00,0.0,0.02212653581664012,-0.05484446588831782,0.37732206561507736,0.3514564635114291,0.1129554134890589,0.10542153469999041,0.915503344028308,1.887144004699297
2024-06-26 14:00:00,0.0,0.02,-0.09242637717608768,0.34803707995447003,0.3735188225803333,0.11026688002473671,0.10419474489685557,0.5,2.5231776172661466
2024-06-26 15:00:00,0.0,0.02,0.00353201463777246,0.34891511387551855,0.3516338979212583,0.09874193397796759,0.10568954238457379,0.5,2.483609026028147
2024-06-26 16:00:00,0.0,0.04494213145930567,0.09616863297869375,0.36555745072561924,0.35183021330114994,0.11242149520214122,0.10877195408748264,0.5,2.055064514829515
2024-06-26 17:00:00,0.0,0.02,0.01145317707649364,0.3315938928304044,0.3317110062588593,0.11695826617256826,0.11305725792316293,0.5,1.0244194489882688
2024-06-26 18:00:00,0.0,0.15837922020144174,0.06775208762585444,0.3537163691919203,0.3238060680904048,0.11149593144679745,0.11446692717701559,0.5,0.4202598499785677
2024-06-26 19:00:00,0.0,0.02,0.14294599423959256,0.34465324768853695,0.35024292454658235,0.125781411464708,0.11824398980576947,0.5,0.22547055269254843
2024-06-26 20:00:00,0.0,0.02,0.11758947801584549,0.3494054456605681,0.3502434896139609,0.11396395642891968,0.1172143381446542,3.386002394286343,-0.09461950069397795
2024-06-26 21:00:00,0.0,0.04551197980912949,0.13569168903975448,0.3654851007172298,0.3462672038242683,0.12134516662984778,0.11339761382590775,0.8388819392627104,0.8356743140229422
2024-06-26 22:00:00,0.0,0.02,0.11312642899761823,0.35980154512737716,0.3400035804148751,0.11488351729437592,0.11083308403806912,0.5,1.4025701730383524
2024-06-26 23:00:00,0.0,0.02,0.09616293223322947,0.34025888822321443,0.3393629018814518,0.11799015119031067,0.11257772432439007,0.8581695219118428,1.4970478804173548
2024-06-27 00:00:00,0.0,0.11772873584302009,0.1395799075473132,0.3576780449109678,0.3484545549296998,0.11442457738622513,0.1164493515150786,0.5,1.2078741861317206
2024-06-27 01:00:00,0.0,0.02,0.05137017017241388,0.37384574706265244,0.34602270455678374,0.12067996303388857,0.11426013437562005,0.6137670999888895,0.963956959580005
2024-06-27 02:00:00,0.0,0.14285890363197865,0.008462058125759245,0.34403588090947557,0.3342402372377922,0.11252172320515544,0.10873299532925566,2.98638436595991,1.129125971201498
2024-06-27 03:00:00,0.0,0.1937107566338608,0.15503163913187706,0.3603531713487705,0.33053103530544603,0.11488234613513285,0.10875885783241339,0.5,-0.3918447169653342
2024-06-27 04:00:00,0.0,0.02,0.08940622583096496,0.3485917126970652,0.33750941415594715,0.1138238554337839,0.10607773041316579,0.5,-2.4443817671863615
2024-06-27 05:00:00,0.0,0.05192123405121587,0.04485267206688625,0.3521004821401169,0.3423913637439499,0.10961708043854003,0.1122969741554401,0.5,-1.6164486364424064
2024-06-27 06:00:00,0.0,0.15179045018212317,0.1526116252516766,0.3323492616256174,0.3322362063896841,0.11349832011788374,0.10834654893331598,3.0160062453187866,0.934055120902286
2024-06-27 07:00:00,0.0,0.02,0.13456430969158364,0.37265056566582766,0.34568289291147536,0.12419707261601094,0.10903694229146207,0.564484174902904,0.3492655079854218
2024-06-27 08:00:00,0.0,0.11928850702936952,0.07825094144822006,0.3440681052693942,0.3548938044381442,0.10889139659840513,0.10518179362912752,0.5,0.047452932790081115
2024-06-27 09:00:00,0.0,0.02,0.021851583602406393,0.3668802024034476,0.3537894618988142,0.11275428316246984,0.10826837395873293,4.993383171703928,2.5201930040583975
2024-06-27 10:00:00,0.0,0.02,0.03745279971555546,0.3421684737304319,0.35024646379648167,0.11750857377605363,0.11081543580429096,0.5,1.105998296243221
2024-06-27 11:00:00,0.0,0.02,0.09172594453850345,0.3421065530727082,0.35005500216351493,0.11652851500632556,0.11163538258988667,0.5,1.3613406127587484
2024-06-27 12:00:00,0.0,0.041117663903376456,-0.0038325439280927805,0.3707535463086526,0.3627607497093272,0.10948307633867443,0.10117186354991527,0.5,2.478204921811218
2024-06-27 13:00:00,0.0,0.13442695301857174,0.024436296896232283,0.37112443782712834,0.3532295439668821,0.09483891367003318,0.09897462073458296,0.5,-0.42413893873901765
2024-06-27 14:00:00,0.0,0.02,-0.02202950223035125,0.3546191113356043,0.3425850687403037,0.11196661468494871,0.09336951681821476,0.5,-0.9303988110949967
2024-06-27 15:00:00,0.0,0.02,-0.06601645316799593,0.36290638109823936,0.3427289926478153,0.09527738622688696,0.10356308477369185,1.3572772310945618,0.20225210912283031
2024-06-27 16:00:00,0.0,0.02,0.011229533587442346,0.34716083114729857,0.33492993867130194,0.1171423695848261,0.10473507233477092,2.731477930378963,1.6511812912023802
2024-06-27 17:00:00,0.0,0.030448228604406224,-0.014200177888861876,0.3519154223775181,0.3325993722378827,0.10906878256084034,0.11127397541162684,0.5,2.426792231769811
2024-06-27 18:00:00,0.0,0.20379396960731233,0.1639970070059872,0.3485684464545127,0.332171682435609,0.11377985360457851,0.10295245227676075,0.5,1.4501874523309346
2024-06-27 19:00:00,0.0,0.030343297957669012,0.1348618096483043,0.3655966336518151,0.33805076201884254,0.1020996881325469,0.09765012876500395,1.0426428048540641,2.148749975279954
2024-06-27 20:00:00,0.0,0.02,0.0019032694675017864,0.3410879228836343,0.3377245786690646,0.09792852923442881,0.1009067998314267,1.0880854111690925,2.143931900247847
2024-06-27 21:00:00,0.0,0.07956770735126938,0.19289560984240048,0.3764721394312104,0.33977403950078555,0.10853999144389057,0.10815102238612226,0.6425886588522444,0.8120886380483001
2024-06-27 22:00:00,0.0,0.02,0.21143935744411813,0.3467516103263472,0.3542726718322017,0.10650640583645911,0.10375439849292595,0.6004155025219376,1.7454309518387923
2024-06-27 23:00:00,0.0,0.02,0.07166645608094604,0.3517967513113896,0.35834306897726786,0.10349201145306247,0.09806906648434398,0.5,2.2931021164219616
2024-06-28 00:00:00,0.0,0.02,-0.03890037107605473,0.3628700431609596,0.3561136186810776,0.10668312095337704,0.10172647902460241,0.5,2.477619617712393
2024-06-28 01:00:00,0.0,0.17354319459885673,-0.031034863017243064,0.3578865576287636,0.3443593133641396,0.12251433073800157,0.10958514380193389,0.5,1.3038883812389428
2024-06-28 02:00:00,0.0,0.02,0.005090984206047214,0.3470204981368649,0.3387501864684151,0.11065209438155785,0.1101249251720438,2.2688737221957562,1.0849075959523538
2024-06-28 03:00:00,0.0,0.10811747270427668,0.007145294081650544,0.3548289920876905,0.332940777245565,0.11167782037978005,0.10478874029292498,4.888218232660607,1.3902179412213274
2024-06-28 04:00:00,2.9947377604282828,1.1548572967715425,0.5415838936674323,0.3946000690349582,0.3562123199126705,0.11326558761594127,0.10945596554989198,5.47835621644825,2.7526770558479914
2024-06-28 05:00:00,3.8320403360092707,2.335297147274508,1.6386868099188425,0.3929522192838566,0.384980075573586,0.12071985595856226,0.10768060724040014,13.184291492060476,9.524965029879656
2024-06-28 06:00:00,0.0,1.7814185685637018,1.973120736905766,0.3912814614181958,0.38472209985104094,0.11042304535030602,0.1060462336101517,9.694944432900872,12.389471882810447
2024-06-28 07:00:00,0.0,0.9601776104562273,1.347451591473136,0.377313797284927,0.38564202725136676,0.09895599885318945,0.1013847681049455,2.5941586063797004,6.448736121617071
2024-06-28 08:00:00,0.0,0.6118857397235916,0.7240354795712656,0.3823401677315069,0.3867028866530133,0.10987483848445706,0.10345596834336368,3.7704395413299583,4.29421218325486
2024-06-28 09:00:00,0.0,0.44391542196144695,0.41553366205662723,0.3637299806080999,0.3605180439580521,0.1155992536542659,0.10513075366845598,2.3296220885963517,3.931336416193339
2024-06-28 10:00:00,0.0,0.35321642385495977,0.3441145853502725,0.38995336510085693,0.359537177646056,0.10463321492511073,0.10191195749866408,0.5,0.45546553912571275
2024-06-28 11:00:00,0.0,0.14585390038762663,0.2240417082832456,0.35426032505265986,0.3561649677618058,0.1091176915496257,0.09954275197865381,2.206616353513084,0.33008167146116063
2024-06-28 12:00:00,0.0,0.02,0.1624031404373128,0.3479238682750654,0.34265521632137025,0.10574982907641639,0.10059951423277601,0.5,0.005021510808187801
2024-06-28 13:00:00,0.0,0.02,0.12281351500686402,0.3489236410268786,0.3350293185176374,0.11863787192665298,0.10948044012935575,0.5,0.07194400549393687
2024-06-28 14:00:00,0.0,0.20069148530128272,0.037857863666693116,0.3386460366197881,0.31765561646956697,0.11384837426699461,0.11151998457198423,1.2188361193768316,1.539992122995581
2024-06-28 15:00:00,0.0,0.03330630210169116,0.05360150547810784,0.33663209281672535,0.31794074216990886,0.11298749681798259,0.10641477780256231,0.5402107877145045,1.5490391465324391
2024-06-28 16:00:00,0.0,0.05511986262260053,0.0910347310254565,0.3452252143965283,0.3332947699664029,0.11253516534010936,0.0992039220680344,2.1008270554088395,1.4030564975076905
2024-06-28 17:00:00,0.0,0.02,0.05742235816561199,0.36852657058389654,0.3598069134782139,0.10831004805241733,0.10036054036960665,1.7676104905749814,1.4479472166879914
2024-06-28 18:00:00,0.0,0.02,-0.04754623513269697,0.35099223196071444,0.36680679043534387,0.10944754740397578,0.10253632428285989,0.5,-0.718881210647138
2024-06-28 19:00:00,0.0,0.18440463202499066,0.12626694526132104,0.35060962380972477,0.3538437678802966,0.10088044670134483,0.10389873731082747,0.5,-0.9697545376782886
2024-06-28 20:00:00,0.0,0.02,0.13344258330271824,0.36988714403524353,0.3542838946098816,0.09460292342657398,0.10545365370272122,0.5,0.8520536050965573
2024-06-28 21:00:00,0.0,0.02,-0.0010755853582661845,0.3747567798445285,0.36765665250906454,0.10835275814289985,0.106881169847163,0.784310542721977,-0.19515438898227916
2024-06-28 22:00:00,0.0,0.1227870839626408,0.11222147895389291,0.37463868258850486,0.36360573683661396,0.1091275822200605,0.10676147063284756,1.2634014117662784,0.002371887654406768
2024-06-28 23:00:00,0.0,0.02,0.10922339608458473,0.33869277289261723,0.3301708032381,0.11417126899127385,0.1096492762273162,0.6543275325036465,0.6151625943699929
2024-06-29 00:00:00,0.0,0.02,0.134763423659855,0.34406039354823975,0.32473542735715977,0.11607640727326399,0.11065646847941019,0.5,1.7500127016915814
2024-06-29 01:00:00,0.0,0.02,0.13280483981541827,0.3786951639058654,0.3492904670008291,0.11580176230582154,0.10666180338037552,2.1146776374665692,1.7966758183879707
2024-06-29 02:00:00,0.0,0.02,0.019528732254875107,0.3551062182311449,0.35166916358697503,0.10012767540757503,0.09865976259160114,0.5,0.6503672134753388
2024-06-29 03:00:00,0.0,0.04352773041915019,0.05814558779229966,0.3486538810782534,0.3437608501652304,0.10373693721522134,0.09456259180804687,5.267782878126323,2.1149197794262973
2024-06-29 04:00:00,0.0,0.2661557352936862,0.1737862803920613,0.3711507401666148,0.35347113461780233,0.10846790688164594,0.1014247199744287,2.305815885132062,2.2558251788590526
2024-06-29 05:00:00,0.0,0.05725349152234305,0.13331469845992355,0.3683867355703721,0.3680097547458697,0.12051336442004484,0.1050335782228936,0.5,1.0995015054799009
2024-06-29 06:00:00,0.0,0.02,-0.0190469631884509,0.3429173792872206,0.35773560841140595,0.11393922673499131,0.10996659169768802,0.5,0.5243647702632949
2024-06-29 07:00:00,0.0,0.056059575171846024,-0.07946737759686773,0.3565174583963187,0.3474866523223237,0.11151236790591633,0.10430521833842554,1.7085222079471207,0.8685394044897066
2024-06-29 08:00:00,0.0,0.02,-0.012243863674268909,0.3653875238894005,0.35080754007562065,0.10220726723829548,0.09748239197987699,0.5,1.3038074837657718
2024-06-29 09:00:00,0.0,0.02,0.040353668950852926,0.3340848156617468,0.3393369825502014,0.09897346219723151,0.09193456912951985,0.5,0.34322602962672955
2024-06-29 10:00:00,0.0,0.03826367712754058,-0.03848644413721451,0.35260759413794823,0.33217520601425954,0.10874542563450129,0.09152271863714326,0.5,0.7843655708935056
2024-06-29 11:00:00,0.0,0.02,-0.0320264111662249,0.33477327805538387,0.33068602959825955,0.0971479808029602,0.09518399858382903,1.1597570785434568,1.2463387743347796
2024-06-29 12:00:00,0.0,0.02,0.0032729195701183406,0.33673541539724244,0.3422267094143271,0.10206195041151363,0.09531330274208691,0.5,0.46097717724037024
2024-06-29 13:00:00,0.0,0.06903597188320038,0.06615088033105404,0.345324569009051,0.3496474511370549,0.10254516940209042,0.09884662957808549,0.5,0.6830046504282271
2024-06-29 14:00:00,0.0,0.02,0.0895241077197435,0.35864591591933664,0.34733220495257966,0.11253322503809855,0.09901080323170156,1.1487148639790439,1.248842596400261
2024-06-29 15:00:00,0.0,0.02,-0.0543993349187247,0.3466587834215726,0.3426572794864068,0.10059012930434524,0.09822473787844013,0.5,1.4751759163642588
2024-06-29 16:00:00,0.0,0.3476983297484593,0.12575895518359184,0.3529519977836007,0.3432976178325216,0.08782601950786235,0.09528001579557505,0.5,1.2409538608220463
2024-06-29 17:00:00,0.0,0.02,0.13612831860715485,0.35226244130101897,0.35482672130785414,0.10523203143192461,0.09378044993492513,0.5,1.1007960504327037
2024-06-29 18:00:00,0.0,0.02,0.03701550701772002,0.33428468192714816,0.3442007459992566,0.09775571901846138,0.0974028579920346,0.5,0.5869265179128262
2024-06-29 19:00:00,0.0,0.02,0.08285376744831127,0.35792117111865324,0.3436899190948024,0.10195076165836871,0.09604129189642616,1.0387140993731843,-0.3890418348963869
2024-06-29 20:00:00,0.0,0.02,0.01182267922199063,0.3684599242805192,0.36196846260991755,0.10092050986791014,0.09640058904566703,0.5,-1.2708549457665617
2024-06-29 21:00:00,0.0,0.02,0.041386219791886045,0.3503010622363244,0.3645906131746287,0.09954491225287386,0.09559150838455828,0.5,-2.006679240316128
2024-06-29 22:00:00,0.0,0.02,-0.0012773210134642624,0.3484493879516415,0.35031892438763157,0.10567621187791926,0.09152368634096256,0.7496106822508726,0.6634294980919928
2024-06-29 23:00:00,0.0,0.12087842660324061,-0.04644945703717029,0.3613417075680142,0.3473889739756858,0.09148464369612677,0.09118772270445698,0.5,0.229778887490532
2024-06-30 00:00:00,0.0,0.05664114820536884,0.041968130200427424,0.3228238845971726,0.33855256076329776,0.09732804303410125,0.09088431541332823,0.5,-0.3432399295336188
2024-06-30 01:00:00,0.0,0.07273847623827254,0.02811847161458564,0.3619740233657747,0.33412405318724836,0.10428328054157213,0.09612899397832834,0.5,0.7702835901437033
2024-06-30 02:00:00,0.0,0.02,-0.06505225135047024,0.39801740990731754,0.3611433059142186,0.09624409677814447,0.09109858987195871,0.7929561717402099,0.9027328817192444
2024-06-30 03:00:00,0.0,0.23280178905024607,0.10931976066841578,0.35754406773322983,0.3640864373475857,0.09002594366101532,0.09078785110743753,0.7529429655809922,-0.08321485182090882
2024-06-30 04:00:00,0.0,0.02,0.1905734738550856,0.3497022473453996,0.33436825729043285,0.10344091901638398,0.0955147294843038,0.5,-1.3587180640847578
2024-06-30 05:00:00,0.0,0.20033099967532242,0.07031209771924514,0.36953845018670856,0.3455068896264204,0.1059195807721007,0.10478723533386633,0.5,1.4471444009135883
2024-06-30 06:00:00,0.0,0.14008526391777834,0.07128340044114492,0.38109138261156045,0.36549544672214085,0.09866308921111981,0.10207961564938657,0.5,2.20578717320068
2024-06-30 07:00:00,0.0,0.08618363097422028,0.0334838996307905,0.3690782757314166,0.3574763638175673,0.08692065421501821,0.09593125597353301,1.1624781055053515,1.085444948026358
2024-06-30 08:00:00,0.0,0.02,0.09507535631172274,0.31915501967239135,0.3317492244539691,0.10267483196651374,0.08936525700002157,0.5,-1.039504543976893
2024-06-30 09:00:00,0.0,0.030565150049107433,0.158615301479352,0.3604977944517192,0.3306266166479106,0.08823358866408691,0.08993011700504977,3.477808447913296,-0.7348470715284554
2024-06-30 10:00:00,0.0,0.02,0.04875709427705928,0.3900680750297697,0.36444994557785165,0.09980022932381252,0.08958103170458039,1.5013883508883592,2.4035077485611387
2024-06-30 11:00:00,0.0,0.02,0.027147492166910932,0.3608257385525366,0.36397003508624515,0.09237778213011377,0.08785422530416731,0.5,1.7773800178638284
2024-06-30 12:00:00,0.0,0.02,-0.019619574829366833,0.33417009415206833,0.3383959742821226,0.09049927295126851,0.08515667617644694,1.5717472832205832,0.6418124739463833
2024-06-30 13:00:00,4.253357681621585,1.3426612924088297,0.5587677793160619,0.38915216034550615,0.34994130865471107,0.09905449356115356,0.08948827932896522,6.353975628635533,3.9103100154274397
2024-06-30 14:00:00,9.230049425925095,4.806140787823523,2.9507054636101944,0.42167745075924445,0.38836349772752293,0.10996992950527994,0.10083284897202086,35.06320724728382,18.733467270725992
2024-06-30 15:00:00,9.76233371453096,7.020420933898908,5.757823854928907,0.48925408280619986,0.4463842651802378,0.11680020948311036,0.11400383584360527,61.04532252616627,44.64678706647054
2024-06-30 16:00:00,4.101217570017273,6.311660594289063,6.477132081588695,0.44715942273947384,0.4508322000388222,0.12791506169420347,0.11912827897551961,48.63173549940905,51.757711147408486
2024-06-30 17:00:00,0.0,4.12510323722432,5.064139795628273,0.4321601327314936,0.415247217902175,0.12139546864909727,0.12219545317146203,28.499214213675717,36.305078108501235
2024-06-30 18:00:00,0.0,2.8004212714172327,3.3717341229701994,0.3977476646029552,0.4009473173138488,0.12964285043758159,0.12154675433244326,19.36395376116215,22.363936776154276
2024-06-30 19:00:00,0.0,1.7051763982258876,2.178700023838632,0.38358487422786797,0.3809896310384953,0.12513933993839266,0.12102568345186498,9.281405529527085,11.799676000726766
2024-06-30 20:00:00,0.0,0.9201927179234599,1.2490051870636982,0.39859900531506426,0.3754927253581958,0.11895832695259262,0.11623076900670942,2.9789143198528683,4.186480095408798
2024-06-30 21:00:00,0.0,0.8315051225764851,0.8125770804787895,0.37593315016769785,0.36624722304901225,0.11764017171369634,0.11161806077316289,0.5,1.8127716272073413
2024-06-30 22:00:00,0.0,0.5776544264130365,0.6730214332829634,0.3601647478413078,0.3556029037769946,0.11264374369486371,0.11563657854653961,0.5,1.2998701649480302
2024-06-30 23:00:00,0.0,0.31703081686881057,0.4656126552614571,0.34465156399757013,0.34975664343565666,0.12396679875262641,0.1171527157273258,5.250690416136163,3.054318641545679
2024-07-01 00:00:00,0.0,0.09002982020380249,0.22767961648759555,0.32652649046358584,0.3359484420400394,0.11978931840270376,0.11539958939146283,0.8106810124455055,3.604217490566603
2024-07-01 01:00:00,0.0,0.15463659440686892,0.06952898374475901,0.33813544955761254,0.31924720726590416,0.1073788784086153,0.11025316418492523,0.5,1.1742717102471716
2024-07-01 02:00:00,0.0,0.02,-0.024264815067084368,0.35316851147281025,0.3273305434053092,0.11809373221143751,0.10820201677757016,0.7552213625904648,0.4746103243194921
2024-07-01 03:00:00,0.0,0.02,-0.010622302259756012,0.36619262938198455,0.35343968454078006,0.11559854721890407,0.11448180705966057,0.5,0.25367203059989285
2024-07-01 04:00:00,0.0,0.02,0.11290775533094727,0.34308385046481155,0.3442385810856622,0.13015630506897166,0.11218067718485382,0.5,0.8534808776477839
2024-07-01 05:00:00,0.0,0.1181763904670454,0.14815089929276515,0.37920175202574063,0.34479885920961684,0.11018381224579799,0.11028764636677592,0.5,1.470517219580176
2024-07-01 06:00:00,0.0,0.02,0.05398381363537154,0.3407266165177212,0.3507984555238175,0.11145137790896063,0.10969283433230206,0.5,0.25965635003871396
2024-07-01 07:00:00,0.0,0.02,0.010013602148289068,0.3479189470079464,0.3336896139258435,0.12645905185923073,0.11323979686775049,0.5,-1.164790285360941
2024-07-01 08:00:00,0.0,0.24971854641557728,0.08505458738481454,0.3436974842096997,0.3513686307714802,0.12764031486037883,0.11550910575269424,0.5,0.1647452226964179
2024-07-01 09:00:00,0.0,0.05466986833341026,0.15608227364703622,0.3680271208873881,0.36101972922748704,0.11473108894345223,0.1133634590665201,2.227729350885468,1.5762052325888902
2024-07-01 10:00:00,0.0,0.049429341256979016,0.12521293209876821,0.38439791969758297,0.3674056220049874,0.11511046917251311,0.11282521590379638,0.5,0.7498876946618664
2024-07-01 11:00:00,0.0,0.02,0.009495362403880336,0.3250618684371016,0.34431716084461716,0.12230313902841304,0.1052936337378828,1.1446353302038461,2.71599910436351
2024-07-01 12:00:00,0.0,0.02,-0.022432633965171173,0.3462966918216241,0.3261916586369389,0.10434661355079858,0.1026807286193265,2.030321414092748,4.021866963210297
2024-07-01 13:00:00,0.0,0.02,-0.01531158490782454,0.3704608205568951,0.35816887957382537,0.10684627719460593,0.10135343120972921,0.5,3.124439011900017
2024-07-01 14:00:00,0.0,0.10749886383082721,0.10100488676369669,0.33355248987733205,0.3452554368525379,0.11603400529828091,0.11049210120913196,0.5,1.3304198210286742
2024-07-01 15:00:00,0.0,0.041422796020001,0.12762403856621501,0.3610711728400076,0.33512035229427395,0.1267234530859015,0.11329436753293641,0.5,0.8982812674232468
2024-07-01 16:00:00,0.0,0.02,0.027415627505117172,0.36981120585425814,0.35097071129214524,0.11451616888590348,0.1107048493074193,0.5,1.3501163118176787
2024-07-01 17:00:00,0.0,0.02,0.05583461013834423,0.35266255506649713,0.34032909383768395,0.1174433437917776,0.1137099742557396,2.549571345736723,1.7535464061641117
2024-07-01 18:00:00,0.0,0.0708373114713266,0.03565867005219523,0.3620985763583337,0.3481577818580193,0.12334836436914733,0.11661655792494417,4.058509688163454,5.0285011550473975
2024-07-01 19:00:00,0.0,0.02,0.016657820526388496,0.3779026586430587,0.36401736960037884,0.12889557306159774,0.11330614892036622,3.065966739196806,4.756509584825926
2024-07-01 20:00:00,0.0,0.02,0.042787251776468346,0.3807155211626618,0.3523999920988413,0.11250253816138417,0.1091019233512647,0.5,1.4756232045223565
2024-07-01 21:00:00,0.0,0.02,-0.04460216258132057,0.35055961465562735,0.35297272924723844,0.1155726995853728,0.10758510288150255,0.5,-0.2351681582651411
2024-07-01 22:00:00,0.0,0.20383111389840947,0.043377058071628824,0.3505083055255893,0.3479007100490198,0.126316866956011,0.10893170260659854,0.5,0.4602031235200911
2024-07-01 23:00:00,0.0,0.10054933053310158,0.15781904651879064,0.34119998075455354,0.3312628335038459,0.10596287863773549,0.1088153479947862,1.1614214487124246,1.046464249889417
2024-07-02 00:00:00,0.0,0.02,0.06261636200193059,0.3661435851075753,0.3535508609111966,0.12097382052648478,0.10368533752297909,0.5,1.1538577378180588
2024-07-02 01:00:00,0.0,0.02,0.027659800280328165,0.3309124894842801,0.3491583508686655,0.1084114200737364,0.10665175146721963,0.5,-0.029762260740778146
2024-07-02 02:00:00,0.0,0.02,0.03411997932203244,0.3477005122812766,0.3293326726832546,0.11484984418735314,0.10171997348021808,2.7656203696311232,0.6603526785368945
2024-07-02 03:00:00,0.0,0.02,0.099205654931312,0.3530294694154616,0.33360717318749383,0.11249370817537072,0.1043613146493163,0.5,1.465328627082331
2024-07-02 04:00:00,0.0,0.02,0.027271790679552432,0.3439440851603633,0.32294505416793395,0.10791647929941557,0.10250238702789106,0.5,0.541459466613724
2024-07-02 05:00:00,0.0,0.25027517047811726,0.05486533271737132,0.3641049699343116,0.33472061910085915,0.10748177596541425,0.1054703688117683,0.5,1.045566773180786
2024-07-02 06:00:00,0.0,0.055004789677909505,0.16413145536871576,0.39164792891441985,0.36998595569505355,0.11475542274805803,0.10412272440626563,0.9037091863443499,0.22343226577651742
2024-07-02 07:00:00,0.0,0.07388166070362973,0.11982271004439313,0.352143919313813,0.3669804330290916,0.11878743019010525,0.10750996490980597,0.5,-0.07496808944089584
2024-07-02 08:00:00,0.0,0.02,0.09250223566440836,0.3449580384397337,0.3391313413501801,0.11175374151644532,0.1057149805265541,0.528775744004304,-0.5039761823776767
2024-07-02 09:00:00,0.0,0.0990472663321248,0.21832753898868557,0.37017353841341255,0.3462181898176017,0.1126715072911367,0.10716285387808791,0.5,0.47550171537980634
2024-07-02 10:00:00,0.0,0.02,0.22606403752741666,0.3550828775133274,0.3430234177963629,0.11539724566563686,0.10258202540427441,0.5,0.3033203247163554
2024-07-02 11:00:00,0.0,0.02,0.10663366601858655,0.37307915941931524,0.3470808161753347,0.1058605631266431,0.1051374987001499,3.01256023818258,0.6053556418956079
2024-07-02 12:00:00,0.0,0.07332023517903112,0.0864069408143664,0.3564155769228843,0.35972286852778645,0.1158492051257866,0.1054680358816851,0.9595949288149589,1.9373859915985792
2024-07-02 13:00:00,8.097568267325139,3.1876905258886414,1.5149604920997977,0.4130719111470277,0.3883202946118344,0.12422924203668494,0.11693972671230063,19.387372756101243,11.170756031401242
2024-07-02 14:00:00,7.68711698386019,5.874279331992182,4.325162905986713,0.42889521544140236,0.4227668010188253,0.14220378985878898,0.12060027035686528,44.75499811955794,31.558555792956497
2024-07-02 15:00:00,0.0,3.761505223073223,4.688419754034677,0.4013313993107353,0.399539449764741,0.12400895184276332,0.12295150978074992,28.19443465575192,34.23068492000205
2024-07-02 16:00:00,0.0,2.612024015146563,3.1439143172261153,0.37999406017915643,0.37532646931365776,0.12320142223364676,0.11882327254356395,16.59433689544111,21.16519959502518
2024-07-02 17:00:00,0.0,1.4846553138226426,2.025345096156983,0.39334982244421546,0.3751206771155775,0.13024883349048885,0.12060176979427757,9.568816456368289,10.909144901607313
2024-07-02 18:00:00,0.0,0.9466841447343703,1.1874293168609604,0.35643899215463554,0.3665383899367667,0.13023557567886662,0.12146195589934929,2.6747983481931414,3.161298254660875
2024-07-02 19:00:00,0.0,0.5523281896291363,0.6968641257186139,0.38677297889536083,0.3654570414553717,0.12179712536847004,0.11717522894601384,1.990983835051709,0.943039430836233
2024-07-02 20:00:00,0.0,0.4820576872131038,0.4734769641747527,0.36665247786710214,0.3602732950641172,0.1222761531064282,0.11651691129131835,2.4129315009734134,1.207979518914975
2024-07-02 21:00:00,0.0,0.30352595844173497,0.40784618661336614,0.35778718102831436,0.33615241360548326,0.12763017637439672,0.11198384832434546,0.5,-0.476138283521401
2024-07-02 22:00:00,0.0,0.13855504759371412,0.2924483913409567,0.3437009684497495,0.33408920643192913,0.11910692742231781,0.11289334332627346,0.5,-0.12244371046066194
2024-07-02 23:00:00,0.0,0.02,0.06854420948411402,0.3608230040751977,0.3536838350543878,0.12129904785646888,0.11227166954772691,0.5,1.3660283045799257
2024-07-03 00:00:00,0.0,0.02,0.007185045488011077,0.3394216555580084,0.3504941684517303,0.12399040275930819,0.11626350501659223,0.8593862101724551,0.9616478726732629
2024-07-03 01:00:00,0.0,0.03405547351035781,0.03177094334952933,0.33743905008499786,0.3356638957816186,0.12911984614864339,0.1152712529068099,0.5,0.19864956810390622
2024-07-03 02:00:00,0.0,0.02,0.017099897970009537,0.3693143716602248,0.3558523088604115,0.11920876180753333,0.11342205596300604,1.222498935836621,0.3213409485223182
2024-07-03 03:00:00,0.0,0.02,0.03322779546892826,0.3568084402627699,0.362025538218411,0.11147495584866501,0.11050878579918771,0.6738596190779119,1.370155177203439
2024-07-03 04:00:00,0.0,0.20080618290202057,0.17567173595485377,0.3548753150336723,0.34401547473226335,0.11072335465918767,0.10753777721833835,0.5,0.7537044646349972
2024-07-03 05:00:00,0.0,0.02,0.1643662916289209,0.36111061762215035,0.3456860347191464,0.11436090371539939,0.10265784493048284,0.9653479012871747,0.8353851576772136
2024-07-03 06:00:00,0.0,0.16990515207123102,0.08003590677419331,0.357543888257613,0.3591176847052008,0.1137335823511475,0.10507245794206757,0.5,0.4104536153397461
2024-07-03 07:00:00,0.0,0.02,0.13126929610122198,0.35723432010791983,0.3592335463055824,0.1203808926369768,0.10821201532347054,0.5,-0.08686013506832146
2024-07-03 08:00:00,0.0,0.04452859862206647,0.017895821404218484,0.3404614530647159,0.3481443526628176,0.11387200487413889,0.11503644934452326,1.2047627858482188,1.7966349116530096
2024-07-03 09:00:00,0.0,0.02,-0.016076689245100164,0.3825451019848039,0.3545413934709866,0.11648624282230799,0.11361319271259326,1.2540913062419807,3.0601935206682853
2024-07-03 10:00:00,0.0,0.02,0.0024079029974958775,0.3427948233360012,0.349976483547929,0.11575650033988984,0.11592069406006741,0.5,2.875617903366776
2024-07-03 11:00:00,0.0,0.1759299300409636,0.05590813270339134,0.38094635887858863,0.3512592104968447,0.11745696594556972,0.11444910757811005,0.5,1.7625257763060633
2024-07-03 12:00:00,0.0,0.02,0.04725122686038622,0.34865609011157744,0.35502560322657806,0.12773478906701977,0.11665025629413574,0.5,0.72574589623253
2024-07-03 13:00:00,0.0,0.08504085306666131,0.08450687314347513,0.36651584901469353,0.35570362817447354,0.12347194920676945,0.11408472445356468,0.5,0.13826003095866507
2024-07-03 14:00:00,0.0,0.02,0.07656548647962046,0.3625024753365366,0.34868564980944544,0.11929828950266691,0.11505481958454022,3.224112026170564,-0.047238061788958896
2024-07-03 15:00:00,0.0,0.02,0.017772857395563623,0.3686918991783953,0.34292304222074876,0.11613735154499834,0.11254480442597646,0.6859608952256329,-0.6763531434353225
2024-07-03 16:00:00,0.0,0.02,0.0634301442351375,0.3388797672436824,0.3450012247872958,0.11600685451567404,0.11375732508577602,0.5,-0.6505901921461026
2024-07-03 17:00:00,0.0,0.13141611597154854,0.019241852501013696,0.372245984380914,0.338323381689969,0.12027621364898533,0.11446575323792452,0.5,0.25092526312504826
2024-07-03 18:00:00,0.0,0.02,0.029470574320778542,0.3791857206148162,0.3625002684887762,0.1215189749323142,0.11691847478311863,1.5732397341947442,2.021716818282368
2024-07-03 19:00:00,0.0,0.02714272124164781,-0.021876540124984294,0.3479920028915763,0.3545463312189747,0.11227322055436637,0.11729658043737928,0.5,3.1601868810856133
2024-07-03 20:00:00,0.0,0.14782665308636972,0.04550159278229778,0.3571959186904544,0.33764250868424245,0.11764351281067795,0.11152189288282835,0.5,0.9746503903112329
2024-07-03 21:00:00,0.0,0.1263865869571182,0.1389013240527855,0.3480834786710036,0.35312684146279677,0.10494134929432192,0.10802886514325785,1.8798535027420278,1.228762512176184
2024-07-03 22:00:00,0.0,0.08309110433635397,0.07655072193796747,0.3491368078306352,0.3573960331565583,0.11810852174455791,0.1097388625638162,0.9594769374576171,1.6131694481863184
2024-07-03 23:00:00,0.0,0.02,-0.014347994767530833,0.37716046483513194,0.3639398325929994,0.12111903889368762,0.10868365547351087,0.5,0.8533110972239075
2024-07-04 00:00:00,0.0,0.02,-0.03921488130107613,0.33642560495919155,0.353961585302367,0.11457436632204543,0.11232735730121315,0.5,1.6629072568884369
2024-07-04 01:00:00,0.0,0.02,0.07184663707877179,0.337357340523383,0.3301026588686907,0.126863303114963,0.10883453300238616,0.5,2.110488432203586
2024-07-04 02:00:00,0.0,0.09605404323509614,0.06222743344480402,0.37899460005300156,0.3605879304588242,0.11038680010066075,0.11611896476724451,0.5,1.0715595658920325
2024-07-04 03:00:00,0.0,0.032852601680770706,-0.008251356246594108,0.3615288810424483,0.3781847281554416,0.11668968770013344,0.10872384071662243,0.5,0.8893282659185815
2024-07-04 04:00:00,0.0,0.02,0.017979782385507327,0.38329467658678246,0.36378960242791447,0.11488163411529737,0.10928848682104894,0.5,-0.21480827915227851
2024-07-04 05:00:00,0.0,0.02,0.06609196736072144,0.3447325432837568,0.3423793701437257,0.11420705513414442,0.10736016803848471,0.5,0.010721316334071807
2024-07-04 06:00:00,0.0,0.02,-0.07834804873807837,0.3533833399097081,0.3356809653410406,0.11383588602792938,0.11046552279133738,0.5,1.4889591669762763
2024-07-04 07:00:00,0.0,0.02,-0.001558646731286653,0.3415789686945675,0.34220741983155145,0.1148781446684248,0.11221913455906025,0.614080851128814,0.502850385089429
2024-07-04 08:00:00,0.0,0.02,0.14657799236655525,0.35363864038086,0.33035734944786094,0.11903767816292926,0.11054807871048819,0.5,-1.1070854412081201
2024-07-04 09:00:00,0.0,0.07583366787691824,0.10770501938643154,0.32743481692199794,0.32636173515638717,0.12193146830554016,0.10868649352333912,0.5,-1.468881914350267
2024-07-04 10:00:00,0.0,0.05410551512408926,0.09062444495353536,0.36341547202145746,0.3380922950368066,0.11336738679364702,0.10504444457682453,0.5,1.2454508098929362
2024-07-04 11:00:00,0.0,0.23348315249091975,0.03939201169875877,0.3642569140316983,0.3566739509852357,0.1179893324730501,0.10121886853491416,0.5,1.2150220063285895
2024-07-04 12:00:00,0.0,0.10174479473968129,0.10338636806812597,0.35418087871015613,0.35643207369867524,0.10860409077231957,0.10230011404000046,4.3036280274063925,2.4967211243537326
2024-07-04 13:00:00,0.0,0.02,0.06446205470234329,0.3456336579821496,0.3405103510640676,0.11712838843515286,0.10291276939488177,0.5,2.8657267398872714
2024-07-04 14:00:00,0.0,0.08941841119293824,0.05195040352060126,0.34115724316038276,0.335301444214838,0.10767937493653654,0.10574411951088061,0.5,1.349779413851046
2024-07-04 15:00:00,0.0,0.02,0.06926975141900914,0.362404816531636,0.34414792322044097,0.11851465538582852,0.10924977873224323,1.7837468710730866,2.0812646069895555
2024-07-04 16:00:00,0.0,0.02,0.020341915442682434,0.3339227730655935,0.33422314198855274,0.12495461429423592,0.10906218349292005,0.5,0.48568007043131467
2024-07-04 17:00:00,0.0,0.023073401888954494,-0.005978786899444914,0.35933608454453103,0.33251940283492665,0.11067903877947344,0.10401729998853898,0.5,-0.22828868099932725
2024-07-04 18:00:00,0.0,0.02,0.025338691278682803,0.38260589377328647,0.3656599035462043,0.0979777523071891,0.09839589036929774,1.9673183361223072,2.4907083214898535
2024-07-04 19:00:00,0.0,0.02,0.003180495161062988,0.3737719451808091,0.37421479764811005,0.10756674311943454,0.0994925999148989,1.012324911492591,3.085481198264163
2024-07-04 20:00:00,0.0,0.02,0.0722395192940759,0.32891220371108476,0.34946108941430354,0.11796929357284204,0.10472950239724824,0.6274759947073496,1.0789450443204014
2024-07-04 21:00:00,0.0,0.02,0.24355590301631014,0.343438051945995,0.34704249306516155,0.11362005838233993,0.10917711693529945,0.5,2.2436066789735833
2024-07-04 22:00:00,0.0,0.02,0.21291241102267616,0.35781088395947463,0.3484780751218637,0.11151932525808818,0.11086939528196565,0.5,3.203967617355623
2024-07-04 23:00:00,0.0,0.046380443205328484,0.17757025329503268,0.35174416736805214,0.3243045783385248,0.11580278919260195,0.1090852882967092,1.9925557587245086,2.757246012485713
2024-07-05 00:00:00,0.0,0.02,0.09170785611002512,0.3304980370769083,0.3216752811405867,0.11238312274472127,0.10828910216497914,0.5,2.083747422632236
2024-07-05 01:00:00,0.0,0.17257324331505353,0.1474016537618218,0.3632767499131992,0.34277732192663923,0.11650906222866449,0.10349997580114595,2.977520398309487,2.4794826679984636
2024-07-05 02:00:00,0.0,0.02,0.14682024675969746,0.35133886942440007,0.3414834723737956,0.1144462463860797,0.10615762798365876,0.5,2.835794354349236
2024-07-05 03:00:00,0.0,0.02,-0.06310470202607174,0.3802040039802013,0.34826349510573573,0.11778758278180405,0.10370656762171915,3.032308199879933,0.5311828524478905
2024-07-05 04:00:00,0.0,0.02,0.016864193589269064,0.3476906923118829,0.34919142022542304,0.11053851311865637,0.10565503858929462,1.012646069903477,0.478915109159618
2024-07-05 05:00:00,0.0,0.02,0.15098129384765968,0.36900917363104346,0.3550438101961143,0.11354632868264453,0.10068567256267907,0.5,0.9012732277894733
2024-07-05 06:00:00,0.0,0.06623647056465279,0.09665583775192778,0.33464946124195627,0.3521280397980914,0.1060017229044819,0.09857807867210479,1.1764348717928133,0.26281155350842067
2024-07-05 07:00:00,0.0,0.08768573151789144,0.0117491386596634,0.33909171131758703,0.337446751425611,0.10396610926028509,0.10370065062056001,0.5,0.23510641694155715
2024-07-05 08:00:00,0.0,0.31145896896936565,0.10281636069056985,0.3724986330064177,0.3579230005264341,0.11754654278682887,0.10908964207226154,0.9398407547636445,-0.7214239372447111
2024-07-05 09:00:00,2.9505356440017394,1.1055867787749898,0.566191351708816,0.39644523498762185,0.37635454395305934,0.11135536586401204,0.11228964621124721,3.787579586009135,-0.45702462864275284
2024-07-05 10:00:00,2.6489753710794472,1.8225631307085703,1.3748853945313082,0.37955988126945606,0.37449296917049557,0.11730016631911604,0.10780273480424964,9.165206202391936,5.667228746054359
2024-07-05 11:00:00,0.0,1.152362549332532,1.4084400862676039,0.3815034036647718,0.37242639233314523,0.11293214580310026,0.10369147986068446,7.063218604005106,9.026744698345341
2024-07-05 12:00:00,0.0,0.8276995463443646,0.8935161805195811,0.35357386713678374,0.367009914431653,0.10839013754682056,0.10538635971750492,4.342574104339909,3.822850712336164
2024-07-05 13:00:00,0.0,0.5701466249959924,0.6494133461327524,0.36565334358170376,0.36188618872082334,0.1116953557292039,0.10894805939885861,0.5,-0.10582235764277909
2024-07-05 14:00:00,0.0,0.33349965055058833,0.3242967808633601,0.37484179555307773,0.36577315294372414,0.11996634883438151,0.1120290477109064,0.5,0.7153337535958317
2024-07-05 15:00:00,0.0,0.3478320405981993,0.27068778677554234,0.35615754866132615,0.3562096840468014,0.11440344921163234,0.10793418782524883,1.5781099683432314,1.4612977927987245
2024-07-05 16:00:00,0.0,0.06233169338681556,0.1939521145140667,0.34975740815093753,0.34904197651834346,0.10052548978565816,0.10303845775748716,0.8198004251601879,1.9038061697957982
2024-07-05 17:00:00,0.0,0.20132840826854628,0.15296280525768963,0.3414687027691007,0.33851879442888944,0.10922587618272388,0.10765544752868857,0.5,2.4587512031356056
2024-07-05 18:00:00,0.0,0.11297209621575272,0.1308077862574759,0.3457307753078684,0.3262399149431231,0.12093481232110363,0.10917069589132165,3.5629499191164804,1.672144833795715
2024-07-05 19:00:00,0.0,0.02506525485740132,-0.034366899115183334,0.3781355156744127,0.34159948339632384,0.10868266576986343,0.10536759151440275,1.7373125812425387,1.3016956536418203
2024-07-05 20:00:00,0.0,0.02,-0.13541372671982474,0.3525829962269016,0.3503067947523407,0.09888766117320569,0.10212964386029627,0.5,0.5828807194204495
2024-07-05 21:00:00,0.0,0.28982398258752384,-0.07848972497728542,0.3460254763098374,0.34344796477796247,0.12077460030283702,0.10604378852448004,0.5,-0.9978621753286439
2024-07-05 22:00:00,0.0,0.02,0.1308020059461848,0.3467675436023747,0.3496101015259139,0.11323712128170275,0.10994291212658655,0.5,-1.8028100953658976
2024-07-05 23:00:00,0.0,0.03122264794691571,0.21890690563418977,0.32811833183947653,0.32876188893664826,0.10844983215439213,0.10772520164806582,0.5,-1.3362366968775992
2024-07-06 00:00:00,0.0,0.02,0.13363359539646177,0.3362767274690414,0.31250443560656915,0.10636922811750835,0.10451359296792766,2.659292632254531,0.33362855782064593
2024-07-06 01:00:00,0.0,0.2188038231238502,0.07914532426937747,0.379362851722025,0.343500869579281,0.11482035177641617,0.10267423935149907,2.6074107821798314,2.1997275057975982
2024-07-06 02:00:00,0.0,0.11516915945590446,0.10569602549006019,0.3533983060038778,0.3602085721817009,0.10480352419581444,0.10473272971839756,0.5,2.5286524895551064
2024-07-06 03:00:00,0.0,0.02,0.09424572160619855,0.3798500754926627,0.3594248491518206,0.1146748245827746,0.10294849503227196,1.4449635732851502,2.164309549812023
2024-07-06 04:00:00,0.0,0.076666843777975,0.06479434494364478,0.3526493461320036,0.3517126605308213,0.11076899453493502,0.10736748805664238,1.8593077839858057,2.5708298375064462
2024-07-06 05:00:00,0.0,0.047827188513245335,0.04647960100607841,0.35232393153488983,0.3329766100288578,0.10871512481646212,0.10458416272447585,0.5,1.5005968090896655
2024-07-06 06:00:00,0.0,0.02,0.044106163662689345,0.36110253522927643,0.34258060421385134,0.10785200451239275,0.10296249009385484,0.8668611220928877,0.914264349741861
2024-07-06 07:00:00,0.0,0.10788340802743954,0.03288107516108907,0.31518195576869407,0.3319588810552698,0.10566166017089317,0.10244627262574915,1.455638143987438,1.4599198256080168
2024-07-06 08:00:00,0.0,0.06187209149875693,0.027496268716705723,0.35654768443972323,0.32291139976425076,0.1127185304414559,0.09846453678519135,1.122094217256846,0.7448117826328668
2024-07-06 09:00:00,0.0,0.038258214337078794,0.03686953946214426,0.3516873555706093,0.34013734996827216,0.1009865210032888,0.09789817255077832,0.5,1.9301313230595056
2024-07-06 10:00:00,0.0,0.02,-0.005952258388781981,0.3737797062538718,0.35923281983504174,0.0961815807899288,0.10456333428580179,0.5,0.12529999387850177
2024-07-06 11:00:00,11.699332117646431,4.8920759783015315,2.353642871948896,0.45657407103288195,0.40594529487760433,0.12136495150270661,0.11967107237464275,35.208963249780446,13.491606450812483
2024-07-06 12:00:00,26.524371604712996,15.390174552495868,9.825757901470055,0.5505604560376138,0.48040236997386127,0.14742387267221868,0.1435562428809186,166.79428986269676,94.15305183455024
2024-07-06 13:00:00,26.58016551339613,23.391598852751592,18.77255863209235,0.6664514639534412,0.596365373853807,0.17020751281059074,0.15824508929598613,293.0349607064921,217.13358019313802
2024-07-06 14:00:00,12.067325778394686,21.546964795639344,21.848300581186248,0.6260907992354626,0.638728788089092,0.17933628924135306,0.16764356459372107,266.46505596143743,262.7224345083032
2024-07-06 15:00:00,0.0,14.451990634889944,17.502282432138518,0.5439741442441796,0.5754648659664501,0.17452445195606042,0.16958871259159083,155.3068676115921,197.0830716854054
2024-07-06 16:00:00,0.0,9.260299319751851,11.526185097772201,0.5015935037807687,0.5166660482764804,0.18073147121683367,0.16654064484397244,81.94774502329678,110.4009637652471
2024-07-06 17:00:00,0.0,6.232266829181654,7.462536873373692,0.4574025698585036,0.4701885880822353,0.17529320979251697,0.16642598430988825,49.15575900936449,61.85519849563141
2024-07-06 18:00:00,0.0,4.029948409652035,4.858923489738702,0.45271723549104975,0.441836662981927,0.17220496079177056,0.1636652159764263,27.180894220882017,37.71469789923263
2024-07-06 19:00:00,0.0,2.887818295709127,3.329524249119257,0.4171369949010247,0.42738841785134385,0.17281847517773757,0.1670913812782427,17.962072590205622,23.58905873186941
2024-07-06 20:00:00,0.0,1.6521416051739302,2.297161536991968,0.393888014125576,0.4077435719467509,0.18637693668629682,0.16565482256603653,6.0000119313041385,11.350544968569631
2024-07-06 21:00:00,0.0,1.0700174853857822,1.317055009173509,0.3929675658014032,0.39746467249332934,0.16340760925513512,0.16756222740498528,1.7584039603658015,1.2970644970915157
2024-07-06 22:00:00,0.0,0.6465943703261793,0.728890346834812,0.38658287212244774,0.37981291398704975,0.176381650708814,0.16693141705343675,3.422744080972688,0.20330186990212307
2024-07-06 23:00:00,21.372812916226167,11.545361058403978,5.975026354670936,0.5371274557807768,0.45148727632195346,0.18013072701891114,0.18080892930836515,110.93486337309858,53.859375143337225
2024-07-07 00:00:00,21.216388738726415,19.22194015567903,14.940340860505685,0.6283350501295792,0.5744275574661338,0.20504164561378907,0.18525951782409922,226.69425407319363,160.72580860280155
2024-07-07 01:00:00,0.0,12.63825604110084,15.386372096555219,0.5468125692762961,0.5667942495196123,0.2025750531186925,0.19208065706752123,128.2965950695955,167.95361973210788
2024-07-07 02:00:00,0.0,8.075120777740874,10.041576077460304,0.4866428808525922,0.4987801162570177,0.19215370620446431,0.18809913154005492,70.1942628284315,93.93554725612248
2024-07-07 03:00:00,0.0,5.529175526292114,6.617093936242899,0.46954850435424844,0.4705922004118198,0.20648644183718481,0.19180888842718066,42.782077383697334,53.46311291349177
2024-07-07 04:00:00,0.0,3.573009670355227,4.497522679234497,0.4214034246338083,0.4430140970618325,0.20136160738069264,0.18757370228485168,26.790945606834608,31.896130591894874
2024-07-07 05:00:00,0.0,2.223390389705341,2.9090680433757274,0.40148104473114044,0.4032780876831378,0.19053749310909374,0.1878616095488667,8.99258956600851,16.403453195484673
2024-07-07 06:00:00,0.0,1.7200972987922152,1.9994321203564387,0.4178791528912907,0.4033414531698886,0.20766230788119558,0.19304182710097367,10.575478397826462,9.49775550623508
2024-07-07 07:00:00,0.0,0.8965236511510416,1.3161410771577233,0.4001264643018838,0.4050518998760936,0.21072837415614232,0.20428889719841758,0.5,4.118457788467706
2024-07-07 08:00:00,0.0,0.7941179550331849,0.7640891697682473,0.37343174917694666,0.3748977428689896,0.2105537872992676,0.20429485422903648,6.003556533804244,2.5688498294586153
2024-07-07 09:00:00,0.0,0.3787278868411689,0.5199313801746278,0.3567144478476986,0.34862530365703964,0.2032627472862833,0.1992103515443791,0.5,3.1884769312239793
2024-07-07 10:00:00,0.0,0.4979122408944935,0.35549082756856654,0.3885443365150002,0.36189948413777573,0.2008825849522312,0.1948240472221185,6.754774550082598,3.2656102680940178
2024-07-07 11:00:00,0.0,0.21589989090581174,0.31206240799937257,0.37087471774531217,0.37256280113066853,0.2080736602558414,0.2007720189801322,0.5,3.5062570480736683
2024-07-07 12:00:00,0.0,0.02,0.11917517631660826,0.356222841664105,0.34607547165642016,0.20969876024118106,0.19747081332400823,2.7311663230411725,2.1382301932168604
2024-07-07 13:00:00,0.0,0.02,-0.03350335063663606,0.3466610321982954,0.3398372684827866,0.20590685979957138,0.193309481897796,2.298089544580615,3.2630421666804836
2024-07-07 14:00:00,0.0,0.06391302462691723,0.03199933591391771,0.3585346295575334,0.34633680172351494,0.19295845834998304,0.18509698605176195,0.5,0.7898685045397589
2024-07-07 15:00:00,0.0,0.02,0.008402992014077043,0.35116349595282903,0.3530037529652431,0.19931923387274297,0.18281531093175432,0.5,0.022642438945381038
2024-07-07 16:00:00,0.0,0.02,0.0007193217940752866,0.34152405015754966,0.3391663004788693,0.2002529837073184,0.17921344374562653,0.5,1.0133535584092754
2024-07-07 17:00:00,0.0,0.13576496145259306,0.09007636509200302,0.3581981503285808,0.33196224234796334,0.18626414531096255,0.184403811249012,1.9369509933675775,1.8430582276790444
2024-07-07 18:00:00,0.0,0.02,0.1095060766039225,0.3554704835357387,0.34298617564081246,0.1994452064643794,0.19082860177880212,0.5,2.388006651886125
2024-07-07 19:00:00,0.0,0.02,0.057697943293230844,0.34585819684734115,0.33219599479804357,0.2097754208562645,0.19733157158936776,0.5,0.8079131756437918
2024-07-07 20:00:00,0.0,0.09939989067204896,0.06980785144702557,0.36851414042091435,0.3398404211640944,0.19948674322044196,0.1974792438196501,1.3143684375969231,0.8979442081484348
2024-07-07 21:00:00,0.0,0.08471972993550744,0.1297795582009026,0.3737293845169926,0.3699175015233702,0.20399848689872369,0.19431613139875137,0.5,0.010876646017529357
2024-07-07 22:00:00,0.0,0.02,0.096909921528123,0.36603758825597577,0.3724899093879075,0.1957676017698202,0.19115127423877562,0.5,-1.0038416425032892
2024-07-07 23:00:00,0.0,0.02,0.06207243829310571,0.34734539707293466,0.3442408696282007,0.19374412816167244,0.18277590945400873,0.5,0.15628423992324106
2024-07-08 00:00:00,0.0,0.02,-0.05829252600978082,0.3628264454139702,0.3308418404388005,0.1959856078507973,0.1790027312586791,0.5,1.41054826829811
2024-07-08 01:00:00,0.0,0.02,-0.013350193655055576,0.3526585438130452,0.32785672900267293,0.1883187746736291,0.17841694748914005,0.5,1.5052078329630356
2024-07-08 02:00:00,0.0,0.04695310718896826,0.07849431127226636,0.3342880807875648,0.3216829986622991,0.1869480491017255,0.18319744202874605,3.291072419994589,2.1507088615935452
2024-07-08 03:00:00,0.0,0.02,0.06753043817790041,0.3615800635286108,0.3325627476567493,0.1998467008175852,0.1890759208822298,0.5,0.8663543064766879
2024-07-08 04:00:00,0.0,0.02414669399417463,0.09537720095136108,0.3539071213858377,0.344011314096012,0.2000023053480817,0.18701809376461515,0.5,-1.2188292700489112
2024-07-08 05:00:00,0.0,0.141614135116146,0.07615862149682608,0.3953670211376461,0.35066837451143806,0.1853421927691313,0.19025528388171292,0.5,-0.48649426569772897
2024-07-08 06:00:00,0.0,0.02,-0.006102545845559207,0.373348185800323,0.3609498286128346,0.19661860141332196,0.18542238452653623,0.9757173712658403,1.999859603927033
2024-07-08 07:00:00,0.0,0.02,0.006407984813685347,0.3621563752051625,0.3645425148512803,0.18981182221089768,0.19044900600920478,0.5,2.143510092176811
2024-07-08 08:00:00,0.0,0.03780076017557371,0.04560977190698997,0.35613795648828284,0.3664310600014691,0.19189659955631505,0.18491070486394381,0.947603948741194,0.20845491623791945
2024-07-08 09:00:00,0.0,0.02,0.05966348080786462,0.35394495667701487,0.3448908322213476,0.19214441557570944,0.1907687831516334,0.5585842945422045,0.8708047507790617
2024-07-08 10:00:00,0.0,0.18052725367129047,0.13506687123391392,0.34269936093815695,0.3237873935532661,0.19487574878849723,0.1841667864498917,0.5,-0.6706702039052663
2024-07-08 11:00:00,0.0,0.11355974948287169,0.1847455947574548,0.3293926154696751,0.31804712476573993,0.18893368107598107,0.18562959828546455,3.9906788442629053,0.4271894533082774
2024-07-08 12:00:00,0.0,0.03481599925065088,0.14422376334426118,0.33916840872045073,0.3220067052040881,0.19642725040695155,0.1796993826726647,3.1128577501468975,3.2558541542463395
2024-07-08 13:00:00,0.0,0.21077848023013682,0.15455449920460415,0.3579944368200771,0.3337711623816727,0.18935283977761164,0.1830124872597683,0.5,2.097659888381768
2024-07-08 14:00:00,0.0,0.02,0.10751036342019499,0.31990603367800985,0.33359037428816773,0.19077272746702167,0.1803652570901191,0.5,-1.2997509574133215
2024-07-08 15:00:00,0.0,0.02,0.012300820766062114,0.34332429596705333,0.33401111518926535,0.1815604772284005,0.18498931883084171,0.5002700391708085,-1.8217944747214085
2024-07-08 16:00:00,0.0,0.028804991705859956,0.09491003493220046,0.3482435617815177,0.3370073716756219,0.19904560670990892,0.1864124503654352,0.5,0.8351916320424553
2024-07-08 17:00:00,0.0,0.02,0.08057788129595864,0.3482577245488627,0.3487100323961271,0.1884473680532955,0.18513105819230585,2.886356098192536,2.8855957493547395
2024-07-08 18:00:00,0.0,0.02,0.043227949251026784,0.3415632688783224,0.3460926414506629,0.18944233201985117,0.17510590320517655,0.5,3.043365101657388
2024-07-08 19:00:00,0.0,0.02,0.048256725996678074,0.3463664156354236,0.33801522073720003,0.17505232173184188,0.16979263663256342,3.427156444866314,2.0395266534984304
2024-07-08 20:00:00,0.0,0.0677114336266827,0.05104439554188416,0.3795750820085164,0.35215648164948254,0.17930347086913873,0.17161615558702614,0.5,2.089843600261514
2024-07-08 21:00:00,0.0,0.11456580350470395,0.18071406137434284,0.3654459573384853,0.3508424651712583,0.1912063859276067,0.17606317043052117,0.5,1.461218789591901
2024-07-08 22:00:00,0.0,0.02393000813539921,0.21335826013852247,0.3432990786757065,0.3339823953955739,0.1850409828003497,0.17159624813267504,2.688362338237369,2.7431601857678443
2024-07-08 23:00:00,0.0,0.02,0.08534078125336439,0.35046390602571514,0.3480160217789373,0.17137865859139403,0.17325367001945008,0.5,2.7813285716662084
2024-07-09 00:00:00,0.0,0.02,0.034072895156587624,0.3510644228163606,0.35926580519832363,0.18863392323176958,0.17088078181395147,0.5927545560868546,-1.1195566964314367
2024-07-09 01:00:00,0.0,0.07229453367487315,0.0203458807847293,0.3423844646030624,0.3438483917730664,0.17868547637260568,0.18155325698417843,2.4156548141579814,0.4613924856298268
2024-07-09 02:00:00,0.0,0.02,0.0009745990746799337,0.33995216958498675,0.32876924616532305,0.1899612046809855,0.17660155269880423,0.5,1.7007817869485682
2024-07-09 03:00:00,0.0,0.02,0.026201312064183094,0.36664698315604527,0.3444296510024155,0.18051255543718872,0.17961829723340406,0.5,-0.1837946314745012
2024-07-09 04:00:00,0.0,0.16429509063041636,0.14729154026632388,0.3509288768489185,0.3474983648424427,0.18181521070116208,0.1770073498514164,0.5,-0.9914608339506026
2024-07-09 05:00:00,0.0,0.033302482710518666,0.17572774860768536,0.3357623619591363,0.31755682619435366,0.18720923063012618,0.17335985748525995,1.2677287209577723,0.9696504106410873
2024-07-09 06:00:00,0.0,0.02,0.007823144923566727,0.3508420176901029,0.32230727583344454,0.1743002065755519,0.17008569477482396,0.8377965081127979,1.8746865682838656
2024-07-09 07:00:00,0.0,0.13629837366805847,0.06911274578088038,0.3580511064280261,0.3543134673041258,0.17327887064267453,0.17515745290529955,2.5144709035038795,2.4254178991708097
2024-07-09 08:00:00,21.487396948492552,11.57061324026795,5.716409129517049,0.49607042182879535,0.43992561665545327,0.19454557331890504,0.19617359424170216,113.91789213806636,55.87110944627689
2024-07-09 09:00:00,45.606750033202175,35.42758853649464,22.71684050908872,0.7559858565224051,0.6196834076602382,0.23368436402413584,0.22119582824483008,515.6288013105434,296.0588486167501
2024-07-09 10:00:00,45.54537755369311,52.43939746024812,42.589024384509585,0.9086535437467705,0.8055914116526666,0.2486852285664318,0.23871652289239503,875.6764446680522,657.0095032794015
2024-07-09 11:00:00,21.42308912132645,48.718379496487564,49.15092612224693,0.8730987945654449,0.8556077747438146,0.25747574177844795,0.250921984567414,803.3463165781725,793.4956988482418
2024-07-09 12:00:00,0.0,32.16808379247971,39.27584276245857,0.7616516295887737,0.7883842190970205,0.27175756506660087,0.2538905162318933,456.38100966913004,594.4817725836424
2024-07-09 13:00:00,0.0,21.11670372214714,25.865106580049,0.6445878312422383,0.687685117750583,0.26253033153017524,0.25539460619192733,258.2129290924361,336.2121807373486
2024-07-09 14:00:00,0.0,13.942254896911049,17.059877591466176,0.5737602569152217,0.6002632810579507,0.26312947482454163,0.2505638798409078,147.8499140994971,190.27026255060898
2024-07-09 15:00:00,0.0,9.243095953772194,11.341463555233865,0.5404310976587972,0.5539269636372537,0.2536782614131672,0.24670922221629213,81.54209568326125,108.24988659260974
2024-07-09 16:00:00,0.0,5.872974011983382,7.429927932320775,0.4670058247025815,0.495908931686316,0.2600832001291342,0.24621142350924183,44.16687292609769,58.63824584751513
2024-07-09 17:00:00,0.0,4.041526837371999,4.77359467391234,0.43225785790294546,0.44099231285406687,0.26345127954542114,0.24899972792947608,31.335868455615813,34.166679781824236
2024-07-09 18:00:00,0.0,2.518935639509572,3.212650043625749,0.42059099510396775,0.41532257430885194,0.2684202087626324,0.2501173900734095,16.000676690218246,21.575222003570257
2024-07-09 19:00:00,0.0,1.7515068221989707,2.2228026046203473,0.3842416079661562,0.3917767322913054,0.25755346576544497,0.25476188250203685,7.347109143347469,10.736950407288248
2024-07-09 20:00:00,0.0,1.0197541771241734,1.3704825883824272,0.3800291165036152,0.3731429762723052,0.2714696513673407,0.2499610346166683,1.7360795546768206,5.524065425749274
2024-07-09 21:00:00,0.0,0.5605269901244502,0.6886887616504493,0.3584227548791255,0.3600778718614717,0.25676424501425205,0.2474994563522841,0.8394903866125569,2.15935422241281
2024-07-09 22:00:00,0.0,0.14814587815599697,0.3171114225842103,0.362655904435563,0.3569141447930818,0.2561208513969215,0.24564867681354846,0.5,-0.16012357383531015
2024-07-09 23:00:00,0.0,0.02,0.09279434756840577,0.3417104865308473,0.34641462849749083,0.2687929990123033,0.24536201440845692,4.3245685706958765,3.9218923410581406
2024-07-10 00:00:00,0.0,0.021467005404621382,0.02267752990010806,0.3412663869646932,0.33847277432895023,0.2601886924808477,0.2439270561279328,0.5,4.127744588169446
2024-07-10 01:00:00,0.0,0.08158768756520503,0.10360010850774203,0.360476512567975,0.3377953788527341,0.2549604833636781,0.24030939378985522,0.5,-0.02707481175410073
2024-07-10 02:00:00,0.0,0.06226140180061445,0.07854313146181294,0.3514243024742499,0.331595706003116,0.2566961513713196,0.24502820536220246,0.5,0.03319637571181697
2024-07-10 03:00:00,0.0,0.02,-0.04427184486165894,0.32257630581539337,0.32090244149470204,0.26510132424825955,0.25306247498986045,0.5764726790116012,0.0004027282529474041
2024-07-10 04:00:00,0.0,0.21221484759787632,0.0759936174205531,0.3369213177021394,0.3115549019091978,0.2651376424938038,0.24848769741168972,0.5,0.3488837140185424
2024-07-10 05:00:00,0.0,0.054268477454658015,0.12173270161770311,0.3359392493461529,0.31725518930619845,0.250798815436488,0.2421308712270606,0.9267507990055183,1.472267449617993
2024-07-10 06:00:00,0.0,0.07002079602317275,0.04085354952278023,0.34056676686071086,0.3254459670511559,0.2548057227153547,0.23558190837578408,2.654682857000715,2.750264046328286
2024-07-10 07:00:00,0.0,0.142242729246127,0.042980145431482396,0.3627016576793738,0.34880531212509613,0.25496361572789517,0.23499173738066534,0.5930935544299465,2.7178170955071335
2024-07-10 08:00:00,0.0,0.058666604529819574,0.017565114142600997,0.35662181304366264,0.3597431586465907,0.24786917741188547,0.23458432377108443,0.5,2.212839548070018
2024-07-10 09:00:00,0.0,0.02,0.06125242822296553,0.36746831342663255,0.36038776138763606,0.2528180412138976,0.23680366259049646,0.5,1.4740646241786475
2024-07-10 10:00:00,0.0,0.02,0.08542421993433968,0.36278115019527113,0.36434836401673054,0.25255120831368333,0.23987300117008806,0.5,0.9398912605437213
2024-07-10 11:00:00,0.0,0.02,0.010258726838676412,0.36756766719388445,0.3550062675713738,0.2587292298467161,0.2460707261584456,0.5,1.6600389170659187
2024-07-10 12:00:00,8.447983651894674,5.681926434205849,2.664752240363168,0.4621716102232243,0.4025010645986357,0.26315229256056344,0.24600246908058404,44.487370257833796,21.23206016031046
2024-07-10 13:00:00,0.0,3.638658325215385,4.458198281961275,0.42691250678645287,0.4390519079507945,0.2532927166445655,0.24599093814410725,22.13414102161796,32.55495434328988
2024-07-10 14:00:00,0.0,2.517061786370351,3.0112862184018487,0.42244392827922245,0.42602290627429806,0.2533460842389679,0.24497644291174758,18.67683899224862,20.85128342391358
2024-07-10 15:00:00,0.0,1.6072104460486507,2.046520293467604,0.4037592079334293,0.40955367805282294,0.2579789824067112,0.24288379263042956,9.633588317990919,12.671681648755794
2024-07-10 16:00:00,0.0,1.1953428790132619,1.3524878507840588,0.38765082106143506,0.37552916990876956,0.24984711482932942,0.24340273474526666,1.579139460791687,4.042114794591196
2024-07-10 17:00:00,0.0,0.6437825123306508,0.8803394820123903,0.38918999021740613,0.35890643849642545,0.2562566908195087,0.240838467774221,0.5,-0.9338876006088549
2024-07-10 18:00:00,0.0,0.4975192372276263,0.6429696933491151,0.33140008451465675,0.33938266726401395,0.2515655988600963,0.23533406561961523,0.5,0.30550660874827085
2024-07-10 19:00:00,0.0,0.34633162914456994,0.49422075268658017,0.3582839277197304,0.3205799133027918,0.24564641372341908,0.23271288675717502,4.307296398013147,4.864425777087796
2024-07-10 20:00:00,0.0,0.3644762700876041,0.27298626475250864,0.35854753504715836,0.3465569716177749,0.24509312789959833,0.23486728714769708,2.9461690968891943,4.785998247061029
2024-07-10 21:00:00,0.0,0.02,0.11478137297154525,0.36877936601336814,0.3692877539003563,0.25888941498262064,0.24180508624011612,3.4311575060902024,2.8341592904616117
2024-07-10 22:00:00,0.0,0.022917052086279373,0.13315117720146494,0.37522013926710973,0.36283935590828814,0.24864301627455815,0.24229247366305934,0.5,2.3094928419463203
2024-07-10 23:00:00,0.0,0.15443296990793845,0.12375439356104921,0.3351451483754271,0.3361863727485217,0.2587997158499343,0.23702932905950447,0.5,1.4483289265031374
2024-07-11 00:00:00,0.0,0.1855075775734376,0.10181788769039801,0.3790821131036838,0.34805373261360995,0.2452533797440386,0.23397820616844134,0.5,3.0471672215473253
2024-07-11 01:00:00,0.0,0.03333791480634325,0.0962001024978482,0.33461287153743663,0.34777004414681734,0.24946159052184622,0.23888336319956577,0.7769172734750034,3.594455259079389
2024-07-11 02:00:00,0.0,0.02,0.019319596035819786,0.33437089416773225,0.31367289414861,0.26145113375487905,0.23507810734965776,0.5,1.6285562626808723
2024-07-11 03:00:00,0.0,0.10322857291169779,0.07421099919715937,0.35158498406595723,0.324041432356274,0.24013301526524802,0.2306428799068227,0.5,0.7040866837831101
2024-07-11 04:00:00,0.0,0.11939976559402934,0.1745746369668596,0.3509142618412077,0.3389084808499823,0.23447425539449598,0.2275268708882505,3.636250632821544,2.877770681453258
2024-07-11 05:00:00,0.0,0.02,0.128776950053494,0.32811286365539144,0.33577454636467075,0.2529660303256333,0.22893207049312803,0.5,2.4386840679514545
2024-07-11 06:00:00,0.0,0.05713687746130554,0.10547495931064542,0.3630204115538458,0.3481538563374862,0.23967251868170672,0.23192606586855097,2.8831834836549284,0.7040411925536457
2024-07-11 07:00:00,0.0,0.1585669734494952,0.16248871068756118,0.3672269027668505,0.36978655058267396,0.24389755169614258,0.22851903534252124,0.5,0.08109272263732425
2024-07-11 08:00:00,0.0,0.24201052375916188,0.17069017575953857,0.375471882834327,0.36871147742246324,0.23989622614336853,0.23317884120700064,6.263657930154656,3.471947688925952
2024-07-11 09:00:00,0.0,0.10148696377899982,0.1154585448615774,0.3485327788021425,0.3594420489765436,0.24441218275329477,0.2341275795539339,0.5,5.112015060434009
2024-07-11 10:00:00,0.0,0.02,-0.06545306665701252,0.35089538212655785,0.3434180766918856,0.23649298080927952,0.23420687449770902,1.5064483442932535,1.782036123292706
2024-07-11 11:00:00,0.0,0.02,-0.05768528085971565,0.35103271537760494,0.32758971781140145,0.24051106702996317,0.23161748853154146,1.8405350105054747,1.6225665668417206
2024-07-11 12:00:00,0.0,0.06688758686323511,0.15858612085512153,0.3790026387069636,0.3413052702762346,0.24368562274770905,0.2290784544079374,0.5,2.2713878972703694
2024-07-11 13:00:00,0.0,0.02,0.1677088241231226,0.3089754511116463,0.32686895831556084,0.23433441064375338,0.22451932606474131,1.7413250845418118,0.6523013993408113
2024-07-11 14:00:00,0.0,0.02,0.07662914157237705,0.337134957616308,0.3066723939427889,0.23558279912362012,0.22322576655975815,1.8504685662384,-0.02517043912946415
2024-07-11 15:00:00,0.0,0.02,0.033065801457361224,0.3515722354930216,0.3265409394311064,0.23709954804165057,0.22120638546071003,0.5,2.366636323779555
2024-07-11 16:00:00,0.0,0.14049141901271153,0.04488985669725245,0.3401417756333164,0.3290335315887233,0.23001299282527599,0.22159551783222398,0.5,2.325743278148769
2024-07-11 17:00:00,0.0,0.02,0.11477349736463832,0.34761431749207783,0.33657841926427556,0.2354540548202646,0.22277996619141413,0.5,-0.19192669480009372
2024-07-11 18:00:00,0.0,0.02,0.16904675643115413,0.3495979898055959,0.3542512518618017,0.23810722640468185,0.22759961229297299,0.5,-0.3375470329037761
2024-07-11 19:00:00,0.0,0.02,0.194212078804332,0.34162383121925755,0.33725571243054975,0.23440366739782073,0.228984829399412,2.9469350967018224,2.5379276743168524
2024-07-11 20:00:00,0.0,0.2237629810204089,0.2327627925806302,0.36007663185853883,0.32435133937500604,0.2345806996871426,0.23054512200411595,2.0321009390483713,1.1300271328258464
2024-07-11 21:00:00,0.0,0.02,0.16012292476031464,0.3609113620175118,0.33936705569773923,0.2354990262226816,0.2257139365929507,0.5,-0.7010460528791604
2024-07-11 22:00:00,0.0,0.02,0.031623474682891624,0.3479451261756796,0.3457677399505279,0.23109492938290693,0.22251451355526802,1.2941256087039132,0.6899242973871311
2024-07-11 23:00:00,0.0,0.02,-0.00780942025804654,0.34469120184161356,0.3413712946792203,0.23858819207730836,0.22257008580302995,0.5,-0.7647028575153012
2024-07-12 00:00:00,0.0,0.19906766011335694,-0.003945460711624136,0.3558581846917846,0.33629376063183825,0.24247158088921247,0.2222436290588502,0.5,-0.7760566970453109
2024-07-12 01:00:00,0.0,0.02,-0.02261001262820847,0.35137757765146077,0.3450867947311145,0.23048479050687815,0.224422654034536,0.6257860128874634,0.48772861677877166
2024-07-12 02:00:00,0.0,0.02,-0.03446991616190018,0.32538432937112827,0.3402985502713078,0.23559908456676698,0.21570435113914238,2.363629449391946,1.282547711029412
2024-07-12 03:00:00,0.0,0.3401290137699107,0.16237289582628475,0.36939400760371366,0.3446776102852329,0.2306684725073481,0.21647694558880007,1.3989340015112854,1.4780492508724037
2024-07-12 04:00:00,0.0,0.08606129338522413,0.11841750550934474,0.3476839972021049,0.34492419122897444,0.23371883407158714,0.21552646907852746,3.215495249865545,1.0823320688907416
2024-07-12 05:00:00,0.0,0.02,-0.023951557543329952,0.3704121489733104,0.34715528137729174,0.24034177241357227,0.21907205932653315,1.844035597270853,0.40718625140647025
2024-07-12 06:00:00,0.0,0.02,0.0015923148242159464,0.3603549249857817,0.35683640024473384,0.23342168474639544,0.21545439723927898,0.5,-0.6100094171864545
2024-07-12 07:00:00,0.0,0.02499824988820222,-0.05276230691666729,0.3693113104367808,0.3532314341727823,0.21915331593670806,0.215970855760542,0.5,0.6068497390411519
2024-07-12 08:00:00,0.0,0.11669047407490055,-0.008503206535084254,0.3404252362703184,0.3418309540187406,0.231943292450324,0.22015175654234623,1.0887574149003472,1.6237514260752117
2024-07-12 09:00:00,0.0,0.23311460900947234,0.13492396218755792,0.35382286714465916,0.3412685726388306,0.2360434528248422,0.22470632170356017,0.5,0.881011071257088
2024-07-12 10:00:00,0.0,0.05537620175350589,0.09289429078262242,0.33455944380863734,0.342979748587102,0.22674507766908708,0.22176967499808126,3.300185805559918,0.9065345174098172
2024-07-12 11:00:00,0.0,0.02,0.05202142099214725,0.3409112547172047,0.33734318752990944,0.23347827688906003,0.21629767242472203,0.5,0.6627412346837205
2024-07-12 12:00:00,0.0,0.09445013305178425,0.0066395195977208485,0.373552038107568,0.3628902490626956,0.22279501363531046,0.2122162634245835,0.8375127261029989,0.9219001071230166
2024-07-12 13:00:00,0.0,0.02,-0.1389839381766247,0.373801481519982,0.375480359064313,0.21745513265788297,0.21309566259149187,1.5658002039884191,2.127916759677312
2024-07-12 14:00:00,0.0,0.02,-0.07974566031309396,0.3342671234290777,0.34525250113903005,0.2266494608089749,0.20926242448983726,0.5,0.9971256104527542
2024-07-12 15:00:00,0.0,0.02,0.02435064869206989,0.34461495782638535,0.3344975503566737,0.21469908025476125,0.2112844785857591,0.5,-1.998880816992414
2024-07-12 16:00:00,0.0,0.02,0.04439711627056397,0.35034618777078536,0.34817698465840813,0.22323621965042947,0.2117433805563016,0.5,-2.1569998253035068
2024-07-12 17:00:00,0.0,0.02,0.012642081386993964,0.3602732074782913,0.36519645975606535,0.23183421218934458,0.2105966254945925,1.726558772266665,0.12490202229209041
2024-07-12 18:00:00,0.0,0.02,-0.053464865668571296,0.3250919688980972,0.35193903006349153,0.2120942982824602,0.2100397308281874,0.5,-0.06090462374085387
2024-07-12 19:00:00,0.0,0.020684681324907212,-0.02655026878744642,0.3274821943524505,0.32450293723131995,0.21531701275216214,0.20506330219069258,0.5,-0.5842253766739736
2024-07-12 20:00:00,0.0,0.02,-0.0027329853002296366,0.3588335150092306,0.3408507377503611,0.21624431507285696,0.20635626409994134,2.4375899271031543,1.709241921637099
2024-07-12 21:00:00,0.0,0.02,0.07485466346538491,0.32225354431737574,0.3335184367479514,0.2215004981142011,0.20507667976753458,0.859884488582533,2.1798108643946073
2024-07-12 22:00:00,0.0,0.02,0.08072220773652514,0.34478716175906154,0.3233685237165673,0.2191314155154085,0.2083285346274391,2.1378624994457858,2.1768562543081083
2024-07-12 23:00:00,0.0,0.02,0.0005093799178865124,0.3539204999795272,0.34118205269885726,0.22916722022888905,0.20835511028450954,1.615958531079424,1.3568626962155288
2024-07-13 00:00:00,0.0,0.02,0.14049164939404324,0.35772411240014135,0.35217508842011275,0.22594656090841594,0.20890464570857764,4.599129442809926,1.4827726087954942
2024-07-13 01:00:00,0.0,0.18687229480639547,0.2142625224770614,0.35583246285380876,0.35826899063267736,0.2226415574329427,0.21114916345903195,2.777791225010104,1.6866376201710986
2024-07-13 02:00:00,0.0,0.02,0.1182994587571188,0.3460027720654316,0.35127502538827843,0.2199945268432031,0.21292466487297773,0.5,-0.3453622543407099
2024-07-13 03:00:00,0.0,0.11808518425466799,0.12702558670065883,0.3683088938820443,0.34765986127963944,0.22093232175665592,0.21086176854638858,1.222370842902221,-0.36482895025776907
2024-07-13 04:00:00,0.0,0.02,0.135787825626615,0.35576721174663095,0.3486106805146483,0.21285461660512986,0.20453974849115977,0.5,1.0014353403544152
2024-07-13 05:00:00,0.0,0.02,0.07042444545647335,0.34178387352187267,0.33050618397401677,0.22262470658150726,0.2021047061173269,0.5,1.8247718714175103
2024-07-13 06:00:00,0.0,0.02,0.0435464029910881,0.35205496630137817,0.3406230152377612,0.21026547532286197,0.204651299947045,0.5,1.6116332011492158
2024-07-13 07:00:00,0.0,0.02,0.03408875421238129,0.3572366581909875,0.3528545541325832,0.22140765846030805,0.20769185643537716,0.5,0.9403853362560672
2024-07-13 08:00:00,0.0,0.02,-0.0044029806198328525,0.3772626814729153,0.3609932788356869,0.2229712630183654,0.2091816075647552,1.1659339013406687,-0.3729319364788626
2024-07-13 09:00:00,0.0,0.03277728638131344,0.013046840282021126,0.36395179360226293,0.3691766117421696,0.21657995959816684,0.20689275423453132,0.5,-0.8707040718912697
2024-07-13 10:00:00,0.0,0.02,0.1432788272649394,0.36970747569045376,0.36150741954453736,0.21371920670190236,0.20409282259443579,0.5,-0.1568989710140648
2024-07-13 11:00:00,0.0,0.02,0.18134638731940747,0.34233001190665013,0.3485919976807891,0.2166414032928931,0.19802876111583012,0.5,2.1324806199714255
2024-07-13 12:00:00,0.0,0.11902732076407155,0.14308873346960238,0.3478113046598461,0.3313574819010561,0.19653483476282343,0.20048432820212525,4.672217197173346,4.21932154603695
2024-07-13 13:00:00,0.0,0.046691524313276896,0.13827817145650667,0.3492817615076174,0.3296434105550103,0.2149832344318817,0.2006592269904633,0.7499372941490207,2.5893485700904812
2024-07-13 14:00:00,0.0,0.02,0.031644737998549555,0.3493355331515721,0.34548481972356226,0.21195663692112768,0.2031100101264254,0.5,0.1391395353070043
2024-07-13 15:00:00,0.0,0.02,-0.03710440314651854,0.33636874848410125,0.3456782482440617,0.21180140032755418,0.2006245178059773,0.9911071607938393,0.5277456303919871
2024-07-13 16:00:00,0.0,0.02,0.05374688449921683,0.37047812724949686,0.3523766483081453,0.21581410116076835,0.20235782868184551,4.618652658810581,4.244080417594375
2024-07-13 17:00:00,0.0,0.02,0.14113085188211236,0.3647393974175265,0.37384720014050477,0.2105973552887846,0.1990595640562982,1.3243328506741785,5.41329006128724
2024-07-13 18:00:00,0.0,0.02,0.055195051068140696,0.34690395493162196,0.35312631599166067,0.20367711275622058,0.19845285818242347,0.5,2.055939161506411
2024-07-13 19:00:00,0.0,0.02,-0.04334272407592676,0.3611147825863524,0.3455890969237433,0.20914364198643492,0.19515731216672108,5.59117444019038,3.1707871133350367
2024-07-13 20:00:00,0.0,0.02,0.10426937422276897,0.35483261029620217,0.3521934269752018,0.20987241077084368,0.19998606718919684,0.5,3.202302622310645
2024-07-13 21:00:00,0.0,0.02,0.13326185218237543,0.3622865425651152,0.34328092843116964,0.20963301364117892,0.19777936357085496,0.5,1.1069032477223621
2024-07-13 22:00:00,0.0,0.02,0.11536116112346757,0.3313245159982601,0.33042603390540026,0.20939256784997404,0.1993558265102569,0.5,0.5368621730459846
2024-07-13 23:00:00,0.0,0.0635071458607532,0.1419701766683435,0.3513572993903553,0.3355608855956541,0.2141362132866593,0.1991322800937645,0.5,-0.5338215202817859
2024-07-14 00:00:00,0.0,0.02,0.06311109214959632,0.3506185449325577,0.34309507604095174,0.20086404170140024,0.1969737134360286,0.6186222338813375,0.6785027449345745
2024-07-14 01:00:00,0.0,0.3070143763482503,0.15547293507400417,0.37090317103370285,0.3471593626892388,0.20791600113404524,0.1990619638320249,0.5,1.3713520872934706
2024-07-14 02:00:00,0.0,0.11503227843832788,0.2363348169366137,0.346104043285336,0.3469102602831459,0.21408422209277295,0.19774938590229665,0.5,1.2485685331095617
2024-07-14 03:00:00,0.0,0.16889398459002206,0.252578909027947,0.31987785032693244,0.33662813893833377,0.19542111330968767,0.20145450729956443,2.790071368102379,3.6288230334174525
2024-07-14 04:00:00,0.0,0.11058460601507836,0.15154614315632778,0.33914394477637194,0.3232675183756465,0.2063920904202629,0.1937568553780587,0.5,3.2863324720451255
2024-07-14 05:00:00,0.0,0.23924749895268754,0.10012101573881738,0.35866269381522586,0.3325352058042366,0.20128865379790536,0.18984147893097766,0.5,1.1753305709357043
2024-07-14 06:00:00,0.0,0.02,0.15373681185026628,0.35244738623369454,0.3485115443945237,0.20206466019088065,0.1844122754276009,0.5,3.319033168069708
2024-07-14 07:00:00,0.0,0.02,0.05865649432949463,0.37674534469051935,0.3504820887764888,0.19834935517218846,0.18769613367496585,0.5,3.197810487037506
2024-07-14 08:00:00,0.0,0.02,-0.011766705315876905,0.3602303194610161,0.35413294041199705,0.20225145039679365,0.19444168469892545,0.5,-0.23482134365322438
2024-07-14 09:00:00,0.0,0.07936059773646906,0.07394804387012884,0.35540955669391316,0.3515692627836684,0.21380811649083026,0.1922318123568289,0.5,-0.6254176320146686
2024-07-14 10:00:00,0.0,0.026932036609758105,0.1571485492698427,0.3513756175090498,0.3532625640381698,0.1946670991801949,0.18778129051883152,1.1222112825822868,1.7820513090376826
2024-07-14 11:00:00,0.0,0.037586046605427824,0.0639495670197762,0.3689529164739085,0.3569835688824155,0.19473038712901708,0.17923364926264362,1.3001184944490072,1.3493535439311666
2024-07-14 12:00:00,0.0,0.15850920032038518,0.08314436900134675,0.34818228691245506,0.3576345298858937,0.1934320696050493,0.18663734655151526,0.5,-0.7876456341664902
2024-07-14 13:00:00,0.0,0.041317575646206174,0.04701065955999914,0.3504617579696288,0.35510773977180016,0.21110507755323385,0.19322084550709306,0.5,0.7551737614524296
2024-07-14 14:00:00,0.0,0.08711955131092275,-0.04296999730841764,0.33815111178907786,0.348554334064556,0.1974646781807539,0.1949317901897706,0.5,1.1398449307643868
2024-07-14 15:00:00,0.0,0.02,0.013333638692876116,0.37277271358157416,0.34855192772569854,0.19958428526076086,0.18880213486142694,0.5,0.1665068564083766
2024-07-14 16:00:00,0.0,0.02,0.027158600985661176,0.3573766069061688,0.3560023629864125,0.19682207667715237,0.18117173576514972,0.5,1.2425016265233073
2024-07-14 17:00:00,0.0,0.17678996880287975,0.048571274677455686,0.34702113456600836,0.34970795108853114,0.1930741401175618,0.18343518258422176,3.487769088534022,2.167468325369393
2024-07-14 18:00:00,0.0,0.02,0.011202239062184736,0.34977229769636997,0.3381366102969927,0.19683292181482379,0.1902860310032587,0.5,0.13388810804724027
2024-07-14 19:00:00,0.0,0.02,-0.06967091473405675,0.3591338842992388,0.3316357948476522,0.2124976777646935,0.19474089877764486,0.5,-1.813990737907678
2024-07-14 20:00:00,0.0,0.02,-0.01111922565211744,0.34772833916031043,0.3233954779556871,0.205606271115794,0.19109558001041696,0.8447792397934707,-0.010948620779813067
2024-07-14 21:00:00,0.0,0.02,-0.05624896698893447,0.34347206352545556,0.32558827572307936,0.19164308406921998,0.18567414826046388,0.5,1.3074658309748513
2024-07-14 22:00:00,0.0,0.02,-0.12958082131260482,0.34167501756137963,0.33655914680025,0.2001542538169038,0.18335143096612533,0.5,0.1252524644411716
2024-07-14 23:00:00,0.0,0.02,-0.12434593886962586,0.3565735513397613,0.3354428504470438,0.1907890005395391,0.18721810669380035,1.0195399284632556,-0.7638636610345148
2024-07-15 00:00:00,0.0,0.02,-0.05281604719871702,0.3461183086629843,0.34209913221073357,0.1846304859995212,0.19014532528972428,1.4725404412522836,0.03277013774093335
2024-07-15 01:00:00,0.0,0.02,-0.04980564730983604,0.3446827568297034,0.3443004228515183,0.20091753560900483,0.19269830878749172,0.5,1.6077944171523617
2024-07-15 02:00:00,0.0,0.02,-0.06917021757595805,0.3314481965253135,0.3389619298225188,0.2012740260076208,0.19091502381971734,0.5,0.6965594659369729
2024-07-15 03:00:00,0.0,0.14523348292395982,0.1636182831908067,0.35775191855459426,0.3466495870683886,0.20010399876172752,0.18382479106386126,4.643921259747601,1.229129253975413
2024-07-15 04:00:00,0.0,0.050324642958257615,0.2603958118408506,0.3502566935478069,0.34133341649459836,0.1905239245469841,0.1824873406175676,2.595406008981604,1.9343979994010316
2024-07-15 05:00:00,0.0,0.048741823569416684,0.04137402363726224,0.3480798615836328,0.33713992475260857,0.19185910384818386,0.18415063656800865,1.8215545566017561,0.8384578217965056
2024-07-15 06:00:00,0.0,0.02,-0.04206948485801089,0.35447068301347534,0.3496150172123623,0.19687620217851404,0.18708750001689226,0.5,1.0723066320075558
2024-07-15 07:00:00,0.0,0.02,-0.015148084737474948,0.3627091567921831,0.35071868447907184,0.19424564105851252,0.18715604943831884,0.5,2.4345985182077365
2024-07-15 08:00:00,0.0,0.05847557700200026,-0.07108394954706651,0.363853057970299,0.34262406130490997,0.18905509834455556,0.18086735616609645,2.4584325534742524,3.2627407011302694
2024-07-15 09:00:00,0.0,0.09831785743628585,0.010636119480333016,0.36320715913234164,0.34675460434806904,0.181223949943698,0.18236388253117236,0.5,1.5276628913061814
2024-07-15 10:00:00,0.0,0.02,0.11306606205503306,0.3478790686716088,0.3416067877422703,0.19114428607709805,0.18288156231951402,0.5,1.1194068005984896
2024-07-15 11:00:00,0.0,0.13402418680819922,0.1660222200662467,0.34769721996682224,0.340161487022024,0.19645894016038207,0.1828346499288257,0.5,1.7193217262523004
2024-07-15 12:00:00,0.0,0.02,0.0688506157954464,0.335830388231308,0.33784373869649476,0.18232439038494805,0.17992314856935968,0.5,0.5668437899708489
2024-07-15 13:00:00,0.0,0.09061232093282816,0.05308632293831134,0.34572697870277685,0.34050454162023364,0.19286870160891098,0.17716349915142734,2.3846208356459573,2.7410604416756064
2024-07-15 14:00:00,0.0,0.02,-0.023342047231628596,0.35178387427819313,0.33798795088856015,0.19055280512636014,0.1824638785607297,1.4557397699735495,3.6347915827613058
2024-07-15 15:00:00,0.0,0.02,-0.130452706515746,0.33969483102635734,0.3255054298083785,0.1925930356475631,0.18335263387256545,0.5,1.0927027458769893
2024-07-15 16:00:00,0.0,0.02,-0.05946186715672455,0.35292997993790626,0.34738603721603944,0.19285376870131274,0.18211949015251216,0.5,1.102179126113542
2024-07-15 17:00:00,0.0,0.0701351856175364,0.006391954783580414,0.339334164139097,0.34105943225486174,0.1829860694621891,0.17331119969647363,0.5,1.1897767639192682
2024-07-15 18:00:00,0.0,0.051541679816908326,0.05272707770693504,0.3281139660291212,0.3194176560130045,0.17698322236046718,0.17276282045172103,0.5,1.9690160291900345
2024-07-15 19:00:00,0.0,0.03375869741243389,0.024113079903622072,0.36449628830037023,0.33462038421284535,0.18301714916045594,0.1750827698609706,0.5,1.2203911437956962
2024-07-15 20:00:00,0.0,0.02,0.01023655771002304,0.3443729039206569,0.33940734566476327,0.19108748455392888,0.17644921933782642,0.5,0.6267788077781884
2024-07-15 21:00:00,0.0,0.02,0.011764385544147419,0.3389336180527862,0.33081871271681224,0.1820363154259891,0.17369255847795356,0.5,1.2303605553901473
2024-07-15 22:00:00,0.0,0.05745739228525334,0.06565501695957078,0.33687829216867826,0.3234914184287657,0.18066085805688123,0.16932193681540086,0.6964477645485146,1.482556657262501
2024-07-15 23:00:00,0.0,0.046644356654498675,0.08491039701434018,0.35915586989558196,0.331226328793383,0.17343495315347918,0.17314135216754056,1.7711450787424055,1.7788940181463107
2024-07-16 00:00:00,0.0,0.02,0.025538151273995828,0.37211273852316407,0.35928923364647414,0.19441803289432008,0.17390489161675007,0.5,0.6196598322692961
2024-07-16 01:00:00,0.0,0.13766023599234004,0.08225620749829993,0.3502818621151571,0.3543339682692883,0.1883966740466488,0.1764037835988863,3.2475545517357474,2.074172253437586
2024-07-16 02:00:00,0.0,0.02,0.13777997551116605,0.34825567223120585,0.33359452929279054,0.18760316210525027,0.1812553960770668,0.5,2.640899144032067
2024-07-16 03:00:00,0.0,0.02,0.032884882646506734,0.36756360044948067,0.3494996922598693,0.18833267907273454,0.18114157654159535,0.5,0.1021591638117697
2024-07-16 04:00:00,0.0,0.21152647004722722,0.08140314366811632,0.33157667865996854,0.35174311036672135,0.185530261104438,0.17990313603032304,0.5,0.8922543872711918
2024-07-16 05:00:00,0.0,0.12113353448812812,0.2162989638160752,0.3852522151681881,0.34794691893001906,0.18014886277676245,0.1735663437079727,2.536619236422493,3.095781608809591
2024-07-16 06:00:00,0.0,0.02,0.07133649174845956,0.3881506273860401,0.3634088187485056,0.18017821419333682,0.17138561800924376,0.5,1.9599284272813418
2024-07-16 07:00:00,0.0,0.05138938711728476,0.06968523400775382,0.31242706683585514,0.3284057228941867,0.1781425106334721,0.17577322688489283,0.5,0.03805175821826448
2024-07-16 08:00:00,0.0,0.033730513909088204,0.0645179531230961,0.3507412671506047,0.32118623948235275,0.1960645716054623,0.1752984519962386,0.5,0.3887198281139753
2024-07-16 09:00:00,0.0,0.02,-0.05819354530826237,0.34070491737310116,0.34235081443426707,0.18314095894907154,0.17526335513451663,0.5,1.2916928967202947
2024-07-16 10:00:00,0.0,0.02,-0.04539773040403744,0.3475175462875736,0.34224649593485884,0.1765731703962631,0.167055578132129,2.322861670182723,0.5855188283710081
2024-07-16 11:00:00,0.0,0.02,0.08126684999966825,0.34521334680690574,0.3408362707964765,0.18170056375675844,0.16448877399924516,0.5,0.35767538716784686
2024-07-16 12:00:00,0.0,0.02,0.10360884840111126,0.36366550932833497,0.3384275750606931,0.1723951006468435,0.1703279158325656,2.8416464655221176,2.3998456316755323
2024-07-16 13:00:00,0.0,0.025122974490356456,-0.02834747812820653,0.3500783487657533,0.3482716762554014,0.1870412036801318,0.1711928940530148,1.0783587464119102,0.4903273419894716
2024-07-16 14:00:00,0.0,0.12678787755375034,0.030021312991947144,0.34228569810081283,0.34006604272066426,0.17360271338533212,0.17588044740638398,0.5,-0.9800218246715636
2024-07-16 15:00:00,0.0,0.02,0.0573614300724936,0.3489063454317177,0.3351003144982918,0.1801317177360093,0.17398401951074244,0.5,1.1846390345126951
2024-07-16 16:00:00,0.0,0.02,0.007738051449471962,0.35921088640558074,0.33738094843703326,0.18307825790588264,0.17532145020776727,4.002868025099244,3.145743666774943
2024-07-16 17:00:00,0.0,0.02207849706126661,-0.002679397350161851,0.3338479245143513,0.3254942881482978,0.17854929741233524,0.17068862787152667,2.9883644613371767,4.406523068834288
2024-07-16 18:00:00,0.0,0.02,-0.16271780605612318,0.32679561751659486,0.325031563890814,0.17636690438265537,0.1661243866486431,0.5,2.0264134359612087
2024-07-16 19:00:00,0.0,0.02,-0.1542225058510955,0.3813802648636744,0.3473485611272013,0.1754253967297943,0.16204265816157115,0.5,-0.6219784213549635
2024-07-16 20:00:00,0.0,0.02,0.023128322874423603,0.341852722655518,0.35352707343805573,0.17458353617878392,0.16106730689858734,0.5,-1.7997206131526822
2024-07-16 21:00:00,0.0,0.25664616733055373,0.1868538390166052,0.35803593247713894,0.3324465684563164,0.1710246863696413,0.16103777468472633,0.9527015564115644,0.11965826166838744
2024-07-16 22:00:00,0.0,0.02,0.2514165553562431,0.345522191763761,0.3259938964945709,0.17135176453133005,0.16992160272263612,0.5,2.1219061221161795
2024-07-16 23:00:00,0.0,0.02,0.07544764434438024,0.3597104384123767,0.3397690456928273,0.18249108568907904,0.17199004583670102,0.5,1.9692435396982493
2024-07-17 00:00:00,0.0,0.02,0.0508060510141079,0.37808097169751026,0.3694693220784105,0.17252828979244456,0.16891369295583358,3.823053592923757,2.3951593534474727
2024-07-17 01:00:00,0.0,0.02,0.005113015061457449,0.36018813047708387,0.36371618640116965,0.1680317831982875,0.15838735069406798,0.5,2.1034373468849887
2024-07-17 02:00:00,0.0,0.11672909985539383,0.04953392699250321,0.33281620374013016,0.33519769759059626,0.1692169088313786,0.15881021367168346,0.5,-0.08707562346514808
2024-07-17 03:00:00,0.0,0.1099652901171213,0.11957675911975996,0.33458502012767166,0.33605934770766255,0.17848613176069963,0.1645383438409973,0.5,-1.4257396085332883
2024-07-17 04:00:00,0.0,0.02,-0.024890480301486315,0.34550465122124085,0.33389641242229645,0.17550783770631187,0.1686183840866444,0.5,-0.1228130737615798
2024-07-17 05:00:00,0.0,0.02,-0.04913430731670526,0.3474656248581456,0.3315994131506388,0.17438753748195024,0.16711882420886665,0.5,1.103347877067406
2024-07-17 06:00:00,0.0,0.02,0.08012418844968644,0.3256598538079456,0.32709386253928774,0.16905287131306657,0.16453069778857693,0.5392284935811253,2.364291911149047
2024-07-17 07:00:00,0.0,0.02,0.0984538991964313,0.3637792366537612,0.32840713898502916,0.1736116783312967,0.163704865833196,0.5,1.6416745549691865
2024-07-17 08:00:00,0.0,0.02,0.10325468422046134,0.3351943144829224,0.3294795638803783,0.1658847080017795,0.15901695804526708,1.4708871780271513,0.04560771827883969
2024-07-17 09:00:00,0.0,0.02,0.0567677716931288,0.3738886462830309,0.35095853782829556,0.16776402537653007,0.16293877080113395,0.5,-0.49606013166757945
2024-07-17 10:00:00,0.0,0.039043917751087946,0.04356269768701139,0.3797688544400044,0.37857746146370624,0.1747172322150437,0.16176939397985166,0.5,-0.8119958582845778
2024-07-17 11:00:00,0.0,0.09491478106863771,0.0846875429437093,0.3510642441676151,0.3588419732488054,0.1737218253509809,0.1647722775710449,0.5,1.6985446811606608
2024-07-17 12:00:00,0.0,0.02,0.034334643140367854,0.35807371245741737,0.3457972492671353,0.16216350980356803,0.15713906928138957,3.629978716203426,4.331670256135679
2024-07-17 13:00:00,0.0,0.02,0.04148057500743091,0.33300991451988154,0.3414126763291194,0.1625016727396232,0.1572728016247525,0.5,3.4448742992455506
2024-07-17 14:00:00,0.0,0.02,0.06328872812917938,0.3608442677483313,0.3467207340275272,0.16786795729531243,0.15996527080576065,4.106852986458447,2.873271620154439
2024-07-17 15:00:00,0.0,0.09159331937214749,0.09967858092758046,0.3471889377201685,0.346816180271814,0.17715449926550297,0.15860202183792332,1.3441937302046563,2.380386634602073
2024-07-17 16:00:00,0.0,0.02,0.029644767340280962,0.3351805930273193,0.33886617178017747,0.15488731976812825,0.15967464664259146,3.014714332274005,2.61549726433775
2024-07-17 17:00:00,0.0,0.04372839995187375,0.03793253049022015,0.3483374828317886,0.35066323588615067,0.1676347566154779,0.15596442371079838,0.5,1.8137177649753975
2024-07-17 18:00:00,0.0,0.02,0.16147458709758075,0.3445029027250641,0.35006774314109135,0.15729358709117083,0.16031573277160555,0.746918299347476,-0.049139876570083785
2024-07-17 19:00:00,0.0,0.1972900727855577,0.16266969886806654,0.35341131916541557,0.33958792686959804,0.16132998650175492,0.15844480029650282,3.028657762167289,1.009262138786556
2024-07-17 20:00:00,0.0,0.02,-0.015674734670454826,0.36573432139338996,0.3397639699569982,0.1625365620233655,0.16283591126950517,1.921777787444301,1.438847966599906
2024-07-17 21:00:00,6.2251589434835735,3.0785766033205193,1.4344647389042295,0.40329633429813083,0.36720599375725904,0.16699081327683263,0.16526338409579855,20.28065598966567,10.160737472992873
2024-07-17 22:00:00,13.856850169421344,9.202594494447876,5.95863435558387,0.5239670929088938,0.4509095202833149,0.17725052849286674,0.1737772162418813,83.35949021691903,48.29996379857947
2024-07-17 23:00:00,5.863012891583072,8.955400575346737,8.774434448815118,0.4750752984098226,0.47728632635604573,0.18464336532388065,0.17563439744490866,80.6813131462707,76.99867426979789
2024-07-18 00:00:00,0.0,5.9192697752442305,7.228031529850108,0.48048884104084844,0.4586725076598447,0.1809270892544349,0.17360448047664576,48.71364667798051,61.530869616790966
2024-07-18 01:00:00,0.0,3.9714721889278124,4.7970537479366255,0.4135243050041268,0.4469713476543103,0.1749035317884579,0.17284605170054657,29.855654588619128,37.168976679990976
2024-07-18 02:00:00,0.0,2.9526425995438093,3.3184713949560374,0.4130538374228127,0.4145537519264226,0.18789829808247555,0.17501251316355398,16.869806481789794,21.249050826497328
2024-07-18 03:00:00,0.0,1.7631914682526721,2.2663730314333823,0.38549033099098323,0.3890920822080922,0.18727826570921383,0.18000453980326947,7.469475065205038,10.910143444892313
2024-07-18 04:00:00,0.0,1.3383069109063979,1.571157685754991,0.3796838032278967,0.364582240297585,0.18736317598469077,0.1756092840293188,4.325747984362364,5.24739206819587
2024-07-18 05:00:00,0.0,0.9067822614312717,1.1627368811025307,0.38803904054589067,0.37168144144224974,0.17260396282165888,0.1750340893440302,5.42263010937965,4.234586143569626
2024-07-18 06:00:00,0.0,0.5529258598407564,0.6469483859212287,0.3904512773985325,0.3807825669298939,0.18318725779025016,0.1742998101411876,0.5,3.7112587192347704
2024-07-18 07:00:00,0.0,0.22206183042596403,0.25390393283642226,0.37691547746294174,0.3762134011259058,0.18499613763739997,0.168125319065955,2.2677609946268236,1.1825330697033822
2024-07-18 08:00:00,0.0,0.35582861703079327,0.2271554938187232,0.35682712458569915,0.364334965080906,0.17430070143066453,0.16876778858196492,2.186886775130487,2.839030723156924
2024-07-18 09:00:00,0.0,0.02,0.13257906099985045,0.3542529511872129,0.35716874838618284,0.18009173354579158,0.16627931872755508,0.5,2.9489807539460973
2024-07-18 10:00:00,0.0,0.2322681876276634,-0.012362637475154079,0.34763690626345994,0.3422808530357192,0.17888900244969488,0.17556820560148304,3.8693464805155457,2.3337840844978817
2024-07-18 11:00:00,0.0,0.02852997027548491,0.08001833270456785,0.3370704667316815,0.32867417113514774,0.19019053976716277,0.17318618396905075,0.5,1.7896028857346062
2024-07-18 12:00:00,0.0,0.02,0.0895144902886052,0.33429460926521454,0.3267750207498131,0.19023676794828923,0.1697310196563817,3.5063803549107755,2.202580694957737
2024-07-18 13:00:00,0.0,0.02,0.03519809344873957,0.34492552324638265,0.3286867643782793,0.16825692888691707,0.17106864083515397,0.6910222103333415,2.7944420748680057
2024-07-18 14:00:00,0.0,0.06972373851075261,0.03974728917135243,0.3575432964837623,0.347399426880711,0.19276102161314898,0.16600566783297607,0.5,0.1463666598774622
2024-07-18 15:00:00,0.0,0.02,0.06756019807582012,0.322811895454872,0.3430385420203734,0.17186161160291416,0.1699321303504663,3.3643091306431874,1.0482472448037863
2024-07-18 16:00:00,0.0,0.07064525275300132,0.08344467646705844,0.3531415042445227,0.344094676193914,0.18279362328097407,0.1687909116159957,2.1590038854399625,1.9317981059394316
2024-07-18 17:00:00,0.0,0.02,0.10427608945427339,0.37422949971938746,0.36590125333889967,0.18229029744140438,0.1737508041149057,0.5,1.374934071658633
2024-07-18 18:00:00,0.0,0.02,-0.08067193417937134,0.36831778888725647,0.36425651759771704,0.17005199992128062,0.17540677072357813,0.5,0.944926410866787
2024-07-18 19:00:00,0.0,0.02,-0.12293437730048103,0.3427113617032446,0.3448048539269275,0.17854568269216023,0.17411836981936227,0.5,0.5783607660162422
2024-07-18 20:00:00,0.0,0.02,0.03325026148478694,0.3305360292119028,0.31661892593552166,0.17450190827370646,0.17183882673603817,5.093798835219621,2.039248129375587
2024-07-18 21:00:00,0.0,0.02,0.02475237985695593,0.35838657744811697,0.3338241123051132,0.17803522299024893,0.1694892184015245,0.5,1.4557971367238243
2024-07-18 22:00:00,0.0,0.13852493759706266,0.05809263467681747,0.32159633440368274,0.3379386807703558,0.1756565036693322,0.17016592357545468,0.5,-0.5120382052037653
2024-07-18 23:00:00,0.0,0.02,0.11615046331267206,0.36814143458938475,0.3376960231459204,0.18101482559263232,0.16827358136486345,0.5839920565531135,0.5111653943578562
2024-07-19 00:00:00,0.0,0.03757987287988172,0.06947870915681469,0.349186059418158,0.3571651785901529,0.1738545939675862,0.1660389940939603,0.5,1.4096727210379636
2024-07-19 01:00:00,0.0,0.02,0.10733968093465415,0.3789586276598056,0.3519366933942,0.1719614468003802,0.16629087697475253,0.5,1.6394432581347378
2024-07-19 02:00:00,0.0,0.02,0.1511252834757994,0.3255846405674976,0.33080514348586526,0.1791126548872388,0.17034100268450902,2.110797203154783,1.868758122576426
2024-07-19 03:00:00,0.0,0.02,0.06980110496548436,0.3652613162292621,0.34087486800439387,0.17558730460432512,0.17263101914994536,0.9962041445384964,1.7721806740144408
2024-07-19 04:00:00,0.0,0.02,0.0035494838151893674,0.3499814902989316,0.36006322212219277,0.17606554685906092,0.1647657593968968,0.5,0.8782973450501007
2024-07-19 05:00:00,0.0,0.2546477018024945,-0.019351702272998563,0.3550714483644583,0.3423249331760444,0.1672579597933512,0.15848646860272542,0.7010692428405313,-0.9616942740282932
2024-07-19 06:00:00,0.0,0.08701237742785732,0.006692993282510943,0.3339381883150143,0.33199510664702625,0.16454578943894468,0.15258407785226594,0.5,-0.9996751417534825
2024-07-19 07:00:00,0.0,0.02,-0.032141057616255755,0.3604253414518203,0.34460874188844703,0.16698398985250099,0.1548012404449281,0.5,-0.00100273191771999
2024-07-19 08:00:00,0.0,0.02,-0.037221967535495185,0.36163118362279745,0.3644868925438163,0.16623941859115365,0.15898804150958373,0.5,-0.6594974638294429
2024-07-19 09:00:00,0.0,0.10034079983129005,0.07701013017429124,0.38176882074745555,0.3595885984376514,0.17425663164989158,0.16386664603917883,0.5,-0.8131515041454849
2024-07-19 10:00:00,0.0,0.02,0.100741440875599,0.3666098767940535,0.3662180168888499,0.17497149174964347,0.16468334234354864,0.5,0.12615779083053852
2024-07-19 11:00:00,0.0,0.14148124963053801,0.18286397684474415,0.3475508215939146,0.3641130120613518,0.16776201674206506,0.16583225571438964,0.5,-0.32652429711527875
2024-07-19 12:00:00,0.0,0.02,0.14675771755980682,0.3364311840968819,0.33866525546705123,0.17685658059600745,0.1672335662751462,2.213574987892411,-0.19441841139549043
2024-07-19 13:00:00,0.0,0.03749616645372927,0.14056423675939322,0.3318585062229285,0.3180601827214976,0.17606120517944446,0.1647057732590845,1.6671500871970026,2.5013954707517296
2024-07-19 14:00:00,0.0,0.09279081556334359,0.1887674306444268,0.37680582666748186,0.3450019116323655,0.1688911563432148,0.1586716803768746,0.5,0.9790513928949143
2024-07-19 15:00:00,0.0,0.02,0.0007589027156035127,0.3398165085869766,0.358894316446309,0.1620808353084413,0.15897310285129054,0.5,-0.9567107883899291
2024-07-19 16:00:00,0.0,0.02,-0.07423441344133763,0.37369257088571417,0.3423042055159742,0.17604691536946854,0.16355546220873068,0.5,-0.6075932202969518
2024-07-19 17:00:00,0.0,0.02,-0.027360928770897092,0.3593652034640756,0.3475929351620805,0.16581206472800272,0.16492822334460114,4.547465851825847,0.8480469511896442
2024-07-19 18:00:00,0.0,0.04762116158723946,0.043731475331295344,0.35780289844654306,0.3673426029369865,0.16651971459067358,0.16116434240218763,0.5,1.622904660106421
2024-07-19 19:00:00,0.0,0.02,0.015006315335221412,0.34688609816274013,0.36274427854657165,0.16331068644991809,0.1577886508791994,0.5,-0.4762506817975065
2024-07-19 20:00:00,0.0,0.1017241159649106,-0.003285954966935657,0.3649535234293942,0.34302492231543413,0.15959620385426543,0.15450560617727513,0.5,0.14108359419012728
2024-07-19 21:00:00,0.0,0.02,0.03602452600472505,0.35125706140859253,0.3390079620830837,0.15571077186562676,0.15716131714574944,0.5,2.0120649881110726
2024-07-19 22:00:00,0.0,0.02,-0.011078054422581517,0.34595092347911244,0.3448191107739367,0.16790851186774344,0.1576201630046714,0.5,2.2262630047001157
2024-07-19 23:00:00,0.0,0.2327077108842877,0.14060161462464613,0.3698214384966341,0.36501606348220694,0.159000617348204,0.16901388515273336,3.012405427244084,3.1508883647180874
2024-07-20 00:00:00,0.0,0.02,0.1950737244306911,0.3493295412128276,0.3644768697191868,0.18164895848638574,0.16396761221909933,0.9757250035990528,1.5982995143116034
2024-07-20 01:00:00,0.0,0.02,0.10977442617846574,0.3395141011700622,0.34608944387090657,0.1563671001889489,0.16499108700975293,1.7975530752824576,0.010741892553714272
2024-07-20 02:00:00,0.0,0.02,0.061157097699637966,0.36048652448305435,0.35061353243527055,0.154932037980524,0.15575253833702402,1.2590597897170934,1.6222013087072265
2024-07-20 03:00:00,0.0,0.02043610182924223,0.06316641066310297,0.3505536250804619,0.34942178606170515,0.16513097429201684,0.16368165623933417,1.899284586924159,2.561628130949046
2024-07-20 04:00:00,0.0,0.02,0.01151781541981066,0.35882277302751164,0.3420613058248939,0.17084084751714415,0.16263152668101516,3.3486141446633315,4.576643326688785
2024-07-20 05:00:00,0.0,0.02,-0.11823906934834515,0.3446812249758318,0.34600781800095837,0.16164834216839136,0.16627606964604538,2.816554225673302,5.167873538189907
2024-07-20 06:00:00,0.0,0.02,-0.11072929935405353,0.33335230328093024,0.34089736447038765,0.16429110673728886,0.15457496142751515,4.90345021056922,5.216264666148734
2024-07-20 07:00:00,0.0,0.03788202120255567,-0.03218566040031798,0.37843037750579034,0.35755768805601373,0.14939422358087256,0.15292962280707378,2.6070147704692372,6.369006834420747
2024-07-20 08:00:00,0.0,0.02,0.08862332973313047,0.3746882940125982,0.36568189949139907,0.15598930004126016,0.14958350478929827,0.5,3.6504347013788045
2024-07-20 09:00:00,0.0,0.23807952551170666,0.15505133190732814,0.3728000962000166,0.3614057070068609,0.15321253901729684,0.14756937666728803,2.3844509723640313,1.2072613736484041
2024-07-20 10:00:00,0.0,0.02,0.0710977558302185,0.3456719625705305,0.34094032849878775,0.14788482270895464,0.14668769902437445,1.5132757712854492,1.7503665953376586
2024-07-20 11:00:00,0.0,0.07420404762293228,0.011006293059621954,0.3494761071171638,0.3152479663932118,0.15955884146826366,0.13694330139055055,4.158027677097926,2.0866993460158714
2024-07-20 12:00:00,0.0,0.02,0.06348236947722655,0.3722240345395916,0.34325190494952473,0.14500285193429746,0.13947472710511588,0.5,1.5206538876550257
2024-07-20 13:00:00,0.0,0.02,0.024140141001654052,0.3461816722876334,0.3533215698344975,0.15013049232327547,0.13654497628030993,1.1930591663429657,-0.5282507998938604
2024-07-20 14:00:00,0.0,0.02,-0.031172113063553757,0.3420007823059351,0.33201607072994177,0.15444534618542016,0.14270575744848824,0.5,-1.0059730577623502
2024-07-20 15:00:00,0.0,0.16399248307026107,-0.004796253016168102,0.38529917891280724,0.35833955735706435,0.15228662266142046,0.15180972422683744,1.4421598047576552,0.40081709293889556
2024-07-20 16:00:00,0.0,0.02,-0.006711460679199092,0.35077395762693653,0.3725714330178622,0.15925960284617652,0.15810896795239776,0.5,1.5841405548755747
2024-07-20 17:00:00,0.0,0.07406589647275226,0.07586195892895904,0.3805016967287574,0.3684515093648117,0.15832243010476665,0.158579849343126,1.1319777669127724,2.418874174174352
2024-07-20 18:00:00,0.0,0.02,0.10899431491173893,0.33051324419079453,0.36175065587901367,0.16146051905658115,0.1541496923208917,0.5,0.8882722896910522
2024-07-20 19:00:00,0.0,0.02,-0.013066425088471927,0.3592618960929121,0.35119484024409936,0.16022178466079207,0.15353199720185387,1.6871375066851841,1.9222619985254152
2024-07-20 20:00:00,0.0,0.02,0.04419447312405095,0.3825553618393938,0.36683623745678895,0.16216309029502302,0.15365688737038297,0.5,2.8118544330778823
2024-07-20 21:00:00,0.0,0.14168704654875114,0.11088389758630728,0.35691255807964933,0.36411595863700064,0.15491840762490328,0.1516763440752429,0.6198979002585127,0.8393265644982355
2024-07-20 22:00:00,0.0,0.02,0.12007447792398385,0.34752905546712765,0.33749686697305303,0.1563633946347952,0.14906188095466671,4.116841325097192,1.1336220992018462
2024-07-20 23:00:00,0.0,0.02,0.16055812786912832,0.3339728440871683,0.33059594524353547,0.1572253189583356,0.1469499080206254,0.5,0.38894840535916697
2024-07-21 00:00:00,0.0,0.02,0.09236093021373847,0.36772426866767327,0.3334913865381117,0.15462078633929957,0.14282789583734962,0.7401192874389604,0.929149440801126
2024-07-21 01:00:00,0.0,0.02,-0.052746895049850945,0.3399372016115343,0.32714848423250686,0.1510032531800636,0.14064558446696696,0.5,1.561018123067651
2024-07-21 02:00:00,0.0,0.02,0.0589275543987034,0.35006699446029477,0.33334211264280356,0.15100829778592853,0.14134390438960023,0.5,0.6940745511727784
2024-07-21 03:00:00,0.0,0.02,0.15321883358051508,0.3329715886542554,0.32872183672282596,0.14771509521950743,0.14318556140260486,4.6871500951676355,2.716324362381808
2024-07-21 04:00:00,0.0,0.02,0.022549451577197805,0.37484254185260607,0.33796418620843127,0.1547685954749225,0.14134303926355934,0.5,1.4755091373106697
2024-07-21 05:00:00,0.0,0.02,0.05099204450272328,0.36881240251202985,0.37122933070886877,0.15129420621471393,0.14089622292308324,0.5,-0.7598502867900296
2024-07-21 06:00:00,0.0,0.02,0.10230153508982015,0.3510153516129476,0.36893634072504244,0.14749960901225623,0.14165800680757934,3.950257765856964,3.149899107001394
2024-07-21 07:00:00,0.0,0.16095414994928298,0.188334342495817,0.3398029258813434,0.3396284966470636,0.1471264859713391,0.14060506185105356,0.5,4.0965520473749795
2024-07-21 08:00:00,0.0,0.06358601299995989,0.1412192370092354,0.37658411992335655,0.34266451320201885,0.1434598126333717,0.1467997663823895,0.5,1.241206543959916
2024-07-21 09:00:00,0.0,0.034870489331468336,0.030508456584301777,0.34677046799449085,0.34251761614676424,0.15621844753499148,0.14468881088145452,0.5,1.6227753857967655
2024-07-21 10:00:00,0.0,0.02,-0.01678508879243082,0.3349110502388818,0.3292285199226116,0.15044124200604012,0.14553232650171022,0.5,0.7156561340745289
2024-07-21 11:00:00,0.0,0.02,-0.006596791725185139,0.32505735266405644,0.3247960886302078,0.14441781203143764,0.14089639123083514,0.5,-1.3126369372997235
2024-07-21 12:00:00,0.0,0.02,0.051549451305702335,0.341799645872738,0.31212896175812554,0.15407191211611718,0.14188948360156609,0.5,1.1855397698408376
2024-07-21 13:00:00,0.0,0.02,0.03228319429298124,0.3296695510131955,0.3164828708058286,0.14548488119569258,0.13854827599337222,0.5,2.4252763963726642
2024-07-21 14:00:00,0.0,0.09543121356720005,0.06265939955562552,0.34546526021827073,0.33270436273342685,0.14003645135724926,0.1431623899462304,2.6552378342941214,1.7205408787517922
2024-07-21 15:00:00,0.0,0.09590972138547435,0.07283775576312917,0.3659917719345947,0.3556037508312596,0.15423160021683915,0.13829600830597433,1.4990658830629935,1.6854666280825086
2024-07-21 16:00:00,0.0,0.060518038931772544,0.019828250143552356,0.347785420769975,0.3536619871114196,0.14451142387792387,0.14483871392707623,1.3212864433561118,0.6416465547398724
2024-07-21 17:00:00,0.0,0.02,0.03512094189591977,0.3568245235828503,0.3411734970999998,0.14491127625952954,0.1389439577888636,0.5,0.4356163922082935
2024-07-21 18:00:00,0.0,0.02,0.1333867125712836,0.34063910295816113,0.35004381085823244,0.1472433392458754,0.14628041661779365,1.8797217455424406,1.502413502391165
2024-07-21 19:00:00,0.0,0.02,0.06603178389156764,0.35246665884660805,0.35019271678026187,0.15348430381271158,0.14598583936813314,2.9429508518551426,2.4501199909109883
2024-07-21 20:00:00,0.0,0.02,0.01922360730305048,0.3803026351824349,0.3619483034123579,0.14638242029997886,0.14480783528851324,0.8499607676647357,0.8783570801346581
2024-07-21 21:00:00,0.0,0.2320809789644131,0.17141944078982502,0.3541351196111375,0.35948575746859335,0.13870183830652266,0.14075331644954336,1.4718920340414152,0.3799144390915552
2024-07-21 22:00:00,0.0,0.02,0.14414730610871318,0.3572555644154395,0.348060873854527,0.14879506173540863,0.1379742650279886,0.5,0.7189287829850511
2024-07-21 23:00:00,0.0,0.02,-0.0565448961007929,0.32800621443911804,0.32981343203641444,0.14225803186588837,0.14553106007811928,2.235677091388987,0.07884863280662568
2024-07-22 00:00:00,0.0,0.14540986886353846,-0.06126857275938108,0.37939490104413837,0.3337055651270927,0.15613259411510688,0.143831903258036,4.050737451973653,3.1917998493057045
2024-07-22 01:00:00,0.0,0.02,-0.023987883648723774,0.3443310234169716,0.3431562004261535,0.14443631932822792,0.14318799517249325,0.6995619334161572,4.991312389402086
2024-07-22 02:00:00,0.0,0.02,-0.12661933373617512,0.3672471275997421,0.33637065232838315,0.13067171707867273,0.13696307049038334,0.5,3.8560664218963425
2024-07-22 03:00:00,0.0,0.02,-0.01716869968331583,0.349641418414761,0.35371459076524714,0.14586591507383362,0.141236460037709,0.5,2.5461943140655365
2024-07-22 04:00:00,0.0,0.02,0.10816669795426644,0.36066281332645667,0.35045732999527845,0.1550300076813587,0.14213428824952382,0.5,0.7796301477464753
2024-07-22 05:00:00,0.0,0.02,0.03626710903902959,0.3615543092593096,0.35307753723887625,0.15245953660675018,0.1433834086849822,0.5,0.20324747065295098
2024-07-22 06:00:00,0.0,0.08893432724056473,-0.058231161835293914,0.3477733451046146,0.3595650231747818,0.15363223057082856,0.1343485334842705,1.520901922236451,1.222063051981728
2024-07-22 07:00:00,0.0,0.09685817586163606,-0.11068886596139518,0.3712399840995986,0.35981663186237833,0.13617132746390467,0.13369962570455007,0.7665685103184849,1.0679696529667981
2024-07-22 08:00:00,0.0,0.07616048356838147,-0.007483071666524448,0.34267456585069334,0.3541874391244602,0.14740707823061366,0.1284154185309826,2.2381594623134586,2.1370814492112427
2024-07-22 09:00:00,0.0,0.02,0.14499718315373175,0.36315813615155773,0.35359547695626825,0.13724736120669584,0.1322101475518787,0.8002572394520628,0.860598735868412
2024-07-22 10:00:00,0.0,0.02,0.08297228848054476,0.3456360434386466,0.349776696972353,0.14257111652050486,0.1300342036293787,0.5,-1.251441021631404
2024-07-22 11:00:00,0.0,0.02,0.02763769092696781,0.35673249208062546,0.34795636045280753,0.13323460210125493,0.12993384427550253,0.5,0.8762767504639094
2024-07-22 12:00:00,0.0,0.02,0.038574780336873865,0.34455922781583065,0.35777188138532334,0.1366534012927128,0.1287590316885817,0.5,0.4367294758299993
2024-07-22 13:00:00,0.0,0.2538868179712116,0.1114650058877473,0.36076434426957876,0.3514139182425796,0.13611135535812238,0.13041677719880115,0.5,-0.3962468307661233
2024-07-22 14:00:00,0.0,0.02,0.19619431871614193,0.33536871732576806,0.3301341151824215,0.14520974513430404,0.13398507510662339,3.790260647388435,2.3077986456196364
2024-07-22 15:00:00,0.0,0.02,0.06281661093631938,0.3552024776214765,0.32513605045926686,0.14427318214983267,0.13688653316027916,4.126651037877819,5.42631233407047
2024-07-22 16:00:00,0.0,0.02,-0.03242282691093387,0.3521519403755384,0.34504803652703053,0.14078111362725013,0.13151641599685346,1.7782244163556291,2.9665658742954286
2024-07-22 17:00:00,0.0,0.02,0.055778282303631535,0.3433868195400575,0.35216568839600026,0.13066986625480473,0.12860589803384645,0.5,-1.0542882914170268
2024-07-22 18:00:00,0.0,0.02,0.09256141876191795,0.3506637033552901,0.3422506393116962,0.1365556271725309,0.12607776135613452,0.5,-1.3792837404757607
2024-07-22 19:00:00,0.0,0.02,0.07621814558498793,0.35349918999366325,0.32759318905764956,0.13360270121913229,0.1291024889448359,0.5,-1.514852830678401
2024-07-22 20:00:00,0.0,0.02,0.03967780986007381,0.3422437670521679,0.322657941302191,0.14295225615666363,0.1307848028424594,0.5,-1.9311314447357046
2024-07-22 21:00:00,0.0,0.10006191079993948,0.09424126156138514,0.3530501155220053,0.33854199932350004,0.14445897522935858,0.13515224782118324,3.6118599097113666,-0.010433845101171957
2024-07-22 22:00:00,0.0,0.060657783762020676,0.16188376619004904,0.3383390591683573,0.3402847034818419,0.14338470496335964,0.135151070541943,0.5,2.1494637578247975
2024-07-22 23:00:00,0.0,0.058230106100385405,0.09302192767579923,0.38850508320436666,0.3553816891245245,0.1321724589520543,0.1274744670940342,0.8978233645655216,1.3969060122167134
2024-07-23 00:00:00,0.0,0.02,0.0662233332878284,0.36737590275426735,0.366811941118692,0.11992481729614816,0.12196233841266435,0.5,0.4352112585452056
2024-07-23 01:00:00,0.0,0.02,0.0006877164716336606,0.35558553443561786,0.35574964958726896,0.12541933960103002,0.12268233695080955,0.5,-0.2672713204780575
2024-07-23 02:00:00,0.0,0.04139013282598224,0.004385629729614728,0.3701510875618579,0.36230315709355454,0.14421082008082908,0.1253769771821981,1.4557675042132647,0.6655805166369836
2024-07-23 03:00:00,0.0,0.02,0.007529866929971492,0.3218003357008879,0.3432502261969306,0.13293432593088605,0.12513460912512403,2.167496141860204,3.7176213232645607
2024-07-23 04:00:00,0.0,0.02,0.045227791232770966,0.3131239267836345,0.3143162150247898,0.1304991532182973,0.1331148949351812,0.5,2.0495654939926973
2024-07-23 05:00:00,9.873473244333622,4.710952253186361,2.329970811447598,0.43354495793076814,0.36847501882045364,0.15373414393365284,0.1411130037973254,35.635144412555185,17.725482952354294
2024-07-23 06:00:00,0.0,3.035239413444804,3.6680516427396714,0.39370921326727565,0.4095976746553962,0.15110944639053284,0.14513321204530483,17.41106080511154,26.709147066132754
2024-07-23 07:00:00,0.0,2.061038300010593,2.3103500040299805,0.3946149204980051,0.38188515963772807,0.1433063828323276,0.14119428545593643,11.66538945920663,14.029114830723419
2024-07-23 08:00:00,0.0,1.535976120004044,1.5724463921316063,0.39171677726682996,0.3803997993126756,0.14104137272817302,0.13728964688975223,9.601304234284054,10.371469288618764
2024-07-23 09:00:00,0.0,0.8683391359596735,1.109453371776097,0.38899313746957437,0.38797386599529515,0.14165217951949174,0.14235599203511246,4.16861137885244,7.13192043443423
2024-07-23 10:00:00,0.0,0.7281528461371828,0.7468236876349517,0.3549971893492405,0.3747471773164298,0.14345165161970436,0.14151469078187578,1.6252202929832094,4.532793283530634
2024-07-23 11:00:00,0.0,0.45261723891382627,0.52951217943047,0.3714454516490862,0.36393150049405476,0.15133373683022378,0.1407835910411866,0.8544214773363267,3.0722510362987965
2024-07-23 12:00:00,0.0,0.07507757698826517,0.27750115297106226,0.3542318177779324,0.3508356472576981,0.14391392405487372,0.13659455900278236,2.260283216278917,2.3192029377565513
2024-07-23 13:00:00,0.0,0.02878027673988265,0.05391242626036942,0.3571691369609744,0.33650425882275325,0.1453818459089116,0.13596105898231126,0.5,1.3985395590263898
2024-07-23 14:00:00,0.0,0.02,0.04231887450410275,0.3436925435898406,0.33454170764383606,0.1476887281858211,0.13299845675497476,0.5,0.8060618532014877
2024-07-23 15:00:00,0.0,0.02,0.04921543702364478,0.3722361499490764,0.34789909740829306,0.13330336875642507,0.13825492991239796,1.2846982910224438,0.748161723635728
2024-07-23 16:00:00,0.0,0.021445254437604724,-0.1074910845095017,0.3500164912702509,0.3528626557560053,0.14449979255550943,0.13626595820267606,0.5,0.16410320612787993
2024-07-23 17:00:00,0.0,0.05685358380976002,-0.1137319620506238,0.3798727995280638,0.3487101649079465,0.13785328211969386,0.13591014161602566,0.5,2.865830036288338
2024-07-23 18:00:00,0.0,0.13311901000456675,0.09711561636378835,0.3443149221671132,0.33988289558757057,0.12417507173640778,0.12395473001160638,3.1127600769781427,2.008497665241313
2024-07-23 19:00:00,0.0,0.020077308686950956,0.1774929136469618,0.36263584794786896,0.32562252496078087,0.1261544465518519,0.12045123860308735,0.5,-0.11161158231498863
2024-07-23 20:00:00,0.0,0.02,0.18575447742570256,0.35059409564273664,0.3167482322795674,0.13246744947514524,0.12705105924022686,0.5,0.8758159337714788
2024-07-23 21:00:00,0.0,0.02,0.035545355149862054,0.3465729866011431,0.32070999565407565,0.14141705412795222,0.12856616896870118,0.5,0.5068271027133555
2024-07-23 22:00:00,0.0,0.02,-0.06626379064490148,0.36097385295815776,0.3584135490180664,0.13856693786154753,0.12939838092080652,0.5,0.12591335715629307
2024-07-23 23:00:00,0.0,0.02,-0.07641200565103856,0.34700152066330076,0.37019404172087744,0.138645630361386,0.12923012435168182,0.5,0.3815124096752418
2024-07-24 00:00:00,0.0,0.021951450424674817,0.018013990800859206,0.31166733804454133,0.32634169171943767,0.14890124243915634,0.132320427354018,1.5242092156458509,0.826951947942403
2024-07-24 01:00:00,0.0,0.25727816901369316,0.26192381478082094,0.3141718464788307,0.3004395533590114,0.12923805490001972,0.1331265622809998,0.9046117848761716,1.1223846749315727
2024-07-24 02:00:00,0.0,0.15762158554316882,0.2691911358333859,0.37609071403199984,0.3289600722533279,0.13634586098260332,0.1309891862524259,2.412433731720164,1.3531407022367543
2024-07-24 03:00:00,0.0,0.10658167886076242,0.15384061900987392,0.37367687594441157,0.349226449663039,0.1379957980918193,0.12903286039287154,0.5,2.6024944117160613
2024-07-24 04:00:00,0.0,0.02,0.1386651214885236,0.3797992370449838,0.3526388503678939,0.13141112329331905,0.1321562661531559,4.5007076123111425,3.7766372533706414
2024-07-24 05:00:00,0.0,0.02,0.14897781475548066,0.35122619912691194,0.34820258515945185,0.13565915055806532,0.12420114676360508,0.5,2.614412124472751
2024-07-24 06:00:00,0.0,0.02,0.137848494570813,0.33209960082117623,0.33101524060674414,0.12555077110784268,0.12938542995294738,0.5,0.3924602462251996
2024-07-24 07:00:00,0.0,0.02,0.10011622782191905,0.34519536521137956,0.33094139758745655,0.14327202824821808,0.12471997049393607,3.7028400756222997,2.1950260601400693
2024-07-24 08:00:00,0.0,0.07521118756444178,0.051502398388376905,0.35419269913898976,0.34679688556604704,0.13038587215202388,0.13633934539428288,1.1231991742119094,3.611179180123732
2024-07-24 09:00:00,0.0,0.05520343057664894,0.08408070911452821,0.33808326555549423,0.3397886835687629,0.1463277715572095,0.13015928877354532,0.8010315913201782,1.8304193404379494
2024-07-24 10:00:00,0.0,0.02,0.11559439897802003,0.37621774369575256,0.34677481879821326,0.13360917619861243,0.13354491248767547,0.9270400407856222,0.32918971460485785
2024-07-24 11:00:00,0.0,0.14814733838082944,0.1127376072286696,0.3902787286939858,0.36770461531002685,0.13963783347915695,0.12719789794708639,1.5184583787204815,-0.26951546341875193
2024-07-24 12:00:00,0.0,0.02,0.0543730660242018,0.35866333336209727,0.35085386909768423,0.13281602109259805,0.12651689775705574,0.6508741083290953,1.770940890033528
2024-07-24 13:00:00,0.0,0.02,0.05848321753619842,0.3513261666506716,0.3294140597843983,0.13261853571721544,0.12051745878941732,0.5,1.2813720015597339
2024-07-24 14:00:00,0.0,0.02,0.15925146891639083,0.3320646181740281,0.328396355724933,0.1289668152146696,0.11957389115993196,1.7395627960706606,0.9590164097468117
2024-07-24 15:00:00,0.0,0.021370406039983886,0.06577997811911421,0.3747615202255202,0.3467991952572195,0.13285455731216433,0.12218771482066396,1.4107855188723812,1.2439490766780774
2024-07-24 16:00:00,0.0,0.10157963880606152,0.008930673909771966,0.35618265861492243,0.3434465906086601,0.13371745636811105,0.12253825582532651,3.191324283614691,2.2231653511102714
2024-07-24 17:00:00,0.0,0.02,0.06328315505187299,0.3471516568749854,0.3316218906660269,0.12677438948763162,0.12225950985265424,3.7262681569102467,3.522692334411278
2024-07-24 18:00:00,0.0,0.08185259209366486,0.09122418457954606,0.3615024291272111,0.3379517322622537,0.13040097419461058,0.11614584732285808,0.837166818647656,0.834273112433422
2024-07-24 19:00:00,0.0,0.02,0.04755921279474644,0.3427034499163068,0.3461218138963581,0.1271627693917028,0.1224838598816283,0.5,-0.7092815529878278
2024-07-24 20:00:00,0.0,0.02,0.08743771355513749,0.35369225044797187,0.3463304443620848,0.1442942885992644,0.1249468007977707,3.7436600509422857,0.990091485358419
2024-07-24 21:00:00,0.0,0.02,0.13466079479446078,0.3298521200884597,0.33418575840717235,0.12963167880165175,0.1339259089844567,0.5,1.883704150655316
2024-07-24 22:00:00,0.0,0.12595718441792117,0.11839018955126902,0.372226355993983,0.35323711040745664,0.139116031172748,0.1294272182483399,0.9659077818216327,1.0711541218694132
2024-07-24 23:00:00,0.0,0.13898876811651853,0.24287968850205138,0.354807551884972,0.3555967544938977,0.1283462926820661,0.12822322400057018,0.5,-0.1287094260002274
2024-07-25 00:00:00,0.0,0.038749107648566275,0.15160512362154177,0.36982743769998405,0.3483485869074445,0.13075195244945442,0.11938402804772898,0.5,-0.4264824749693209
2024-07-25 01:00:00,0.0,0.1840141398308972,0.08105411831945666,0.3548497268858641,0.35741954643155105,0.12094505160387276,0.12201967443803224,2.0323947170465146,0.2581315695740215
2024-07-25 02:00:00,0.0,0.13554318188499265,0.0877378170981533,0.35421184557648516,0.35003613180441595,0.1258686173924528,0.12526792971266926,0.7962138367563525,0.9351480035628597
2024-07-25 03:00:00,0.0,0.0944098162083311,0.040128592512455,0.33658416800149943,0.339968336216376,0.12949288333603634,0.13248926746432896,1.251396229400029,2.142840162324521
2024-07-25 04:00:00,0.0,0.02,-0.02763234385651063,0.36288547744641675,0.3355300151730871,0.13742512410878183,0.13539147346472258,0.5,1.4690234685352497
2024-07-25 05:00:00,0.0,0.22467515208393998,0.08149120269755938,0.34599983598450984,0.3412824739112244,0.12892122503627268,0.1318269315646347,0.5,0.6701648515547196
2024-07-25 06:00:00,0.0,0.08185617186499276,0.20690673166641613,0.34698862274368286,0.33858560001260896,0.1355726772164475,0.1268894499955979,0.5,2.0910220109257374
2024-07-25 07:00:00,0.0,0.02,0.056495687420161596,0.35150483064238264,0.3400445274270686,0.1307965538228838,0.12266433633985552,0.5,1.747616894617833
2024-07-25 08:00:00,0.0,0.02,0.0005053492571806002,0.35330748560648495,0.351565050742461,0.13639920675055023,0.12053335087959458,0.5,-0.4094887539544069
2024-07-25 09:00:00,0.0,0.043188422452427495,0.06366692604675825,0.3270612177971463,0.3415527113793905,0.12596395841314742,0.13069246922652603,3.9334329592332553,1.8005301854676168
2024-07-25 10:00:00,0.0,0.02,0.011898307093155744,0.34802703486882436,0.3355482366990402,0.1403437524515961,0.12722145259615553,0.5,1.6498135328960526
2024-07-25 11:00:00,0.0,0.08849012633163746,0.005982055235809608,0.36647131107847664,0.35462028095232684,0.12277503292973134,0.12429257832734728,0.5,-0.6025781832306301
2024-07-25 12:00:00,0.0,0.02,0.09774734990324173,0.34581405233328605,0.35557849344538,0.12077442061666202,0.11070995140768286,2.951054123791451,0.981250338944397
2024-07-25 13:00:00,0.0,0.039943639769620794,-0.0250955200790436,0.3491307728237703,0.35223654796827975,0.11779944154465921,0.11862170982043159,0.9977951924349622,0.8232089738249571
2024-07-25 14:00:00,0.0,0.02,-0.02582411011687985,0.3539252136137855,0.3518600241530541,0.13873325727553487,0.12506041277478663,0.5,-0.0545666122534027
2024-07-25 15:00:00,0.0,0.02,-0.03007622287797737,0.3495997163629396,0.34409960359251957,0.12935192690877836,0.1272586901264004,0.5,0.9918429844556573
2024-07-25 16:00:00,0.0,0.02,-0.07020284735565496,0.3360313903153305,0.34116412287350684,0.12211942896910646,0.11886831432441365,0.5,2.0764480916306147
2024-07-25 17:00:00,0.0,0.02,-0.04466927939733794,0.350943930996141,0.3378940319952737,0.13130797916720582,0.11406967155675973,4.091262899299433,3.7925758096012174
2024-07-25 18:00:00,0.0,0.20922554552208247,0.1244525505651884,0.37357311517374864,0.34261038803625715,0.12763046148920662,0.1225724015857213,0.6171263259958345,3.232407676114634
2024-07-25 19:00:00,0.0,0.14930345328577802,0.18741357617929177,0.3409576415726144,0.34363878550365384,0.13499231243580723,0.12207652931826447,0.5,0.5901936480626405
2024-07-25 20:00:00,0.0,0.027382030033226888,-0.054761430637828644,0.3462675368957046,0.3370891260323406,0.11360056174209535,0.12419624533572687,0.7208999144051919,-1.5161684858308404
2024-07-25 21:00:00,5.960165804846469,2.5047813817921782,1.1509912855109554,0.3850243144322647,0.3483891168699471,0.12678557012591352,0.12140667282738116,17.040326184584146,6.791167517024821
2024-07-25 22:00:00,0.0,1.7539664870395875,2.049345800527765,0.40679577542648665,0.3821662909569435,0.1252816581452026,0.12467443270661442,9.296150075078062,10.901480209375272
2024-07-25 23:00:00,0.0,1.2263376347881014,1.3480419365912772,0.3812445141882769,0.3961537109984591,0.11589454842428577,0.12669329483940966,3.638535185269789,2.743012241898665
2024-07-26 00:00:00,0.0,0.6224686224970313,0.8468071301791926,0.3568691346341798,0.3590078034377998,0.1337792661002087,0.12298234170338271,0.5,0.2853606616393721
2024-07-26 01:00:00,0.0,0.4712392753369826,0.4566172833358383,0.3673093396898579,0.34975459016369476,0.1254763802795316,0.12276959969335713,0.5,0.5543276710748403
2024-07-26 02:00:00,0.0,0.1039152705161453,0.12727537571420028,0.337070686320125,0.33464899756969646,0.13121879994523522,0.12444620054960931,3.3930724680936355,1.6883240775811854
2024-07-26 03:00:00,0.0,0.3540165017854523,0.14129498152992853,0.3473482337681896,0.31637230812753436,0.14062269178950523,0.12104873108415595,0.8832923824129089,2.886001205250855
2024-07-26 04:00:00,0.0,0.39933538547414005,0.37634919546399026,0.3421636979382001,0.34512319836508454,0.1240284378821031,0.11671829578169297,0.5,2.2510202493888727
2024-07-26 05:00:00,0.0,0.1164188961062206,0.35476748738409936,0.33957884390228665,0.34176351160053586,0.12330561238704314,0.10927008521997472,1.037027408286642,0.8956319372898943
2024-07-26 06:00:00,0.0,0.02,0.18600748588050012,0.3718491866111417,0.3457465649744018,0.12622993397562257,0.11666658848728408,0.5,1.6349985674205254
2024-07-26 07:00:00,0.0,0.12904323722121014,0.11968687127694332,0.34503172785034814,0.35495471383677435,0.13112763820278586,0.11594807221456474,0.5,2.8331386341967093
2024-07-26 08:00:00,0.0,0.02,-0.05681765332919314,0.3584824996909168,0.3375932991604147,0.1214908655478123,0.12156622831804029,0.5,2.134137632831008
2024-07-26 09:00:00,0.0,0.02,-0.08244276117882988,0.3389446015518058,0.33047815312712325,0.12079314625763125,0.11777255404477574,0.5,0.261840826973738
2024-07-26 10:00:00,0.0,0.08393916677492076,0.14342986432460772,0.3657594866535293,0.34471344228100986,0.13061060417227116,0.1258750899947502,2.430046875399846,0.322559652565344
2024-07-26 11:00:00,0.0,0.035075828350821237,0.1928809724903311,0.336878185311943,0.3544463881904108,0.12622863582247415,0.1182543495842786,0.5653817392986566,-0.18376500907436244
2024-07-26 12:00:00,0.0,0.02,0.11152120971383729,0.35207754176757095,0.3399698756683083,0.1113785383017184,0.11193680461344876,1.0265135912075458,-0.4399498782361527
2024-07-26 13:00:00,0.0,0.02,-0.016947687729736635,0.3522818924991788,0.3340237230374862,0.11598543981323331,0.11287474222794576,0.535355395536051,-0.13676449525305878
2024-07-26 14:00:00,0.0,0.02,-0.06636048839834338,0.38640620289754346,0.352620419909958,0.13203686131648612,0.12077805664592356,0.7095081757326249,-0.5157173628740255
2024-07-26 15:00:00,0.0,0.02,0.08980536975586298,0.3609455021708471,0.3529310265062846,0.12513344221666192,0.12268806124485623,0.5,0.5161082860327133
2024-07-26 16:00:00,0.0,0.02,0.045234243204077054,0.3425955626362055,0.3438859851660808,0.11784189225067007,0.11597865708044948,0.5,-0.9064866711590225
2024-07-26 17:00:00,0.0,0.02,-0.10884853814072597,0.3617648573059023,0.350652210306141,0.12108657222389145,0.11033083323461632,2.4676766868103894,-1.1972165322456374
2024-07-26 18:00:00,0.0,0.023251114790622095,0.010690681266801338,0.38373982920706307,0.36063279285177285,0.12188317762869312,0.11446600970350002,2.9968180715592383,1.162770067265214
2024-07-26 19:00:00,0.0,0.02,0.04652478043404423,0.32704458149388016,0.340422313836646,0.12591364835958438,0.11279072524910976,0.5,1.2029977909291618
2024-07-26 20:00:00,0.0,0.02,-0.06126571835050748,0.3388518922126137,0.3184710413002414,0.11304591970825591,0.11198200028392545,0.5,0.03486546523097564
2024-07-26 21:00:00,0.0,0.10631338589429966,0.07850963829170787,0.3516596718790544,0.3307474617506155,0.11584681649519239,0.10741446788413381,1.966270556989415,0.5525527179994157
2024-07-26 22:00:00,0.0,0.02,0.16065019330919594,0.3452327994440153,0.32965403487547623,0.12222801457807743,0.10814758926945257,3.973729333070833,2.0223158460988895
2024-07-26 23:00:00,0.0,0.02,0.023342740688398086,0.34649777237619644,0.3284254697271365,0.11968979686580217,0.11266289863293147,3.763477016212374,1.9274917665143265
2024-07-27 00:00:00,0.0,0.02,-0.056998800013834686,0.33192563886724596,0.3273630072814958,0.1234192374337232,0.1127325988954685,0.5,0.42504065629198046
2024-07-27 01:00:00,0.0,0.02231079863386381,0.06558116833612815,0.3726757241550837,0.337143444766564,0.11231106774790059,0.11382457603469406,2.702356509430678,0.9131768305936772
2024-07-27 02:00:00,0.0,0.0761494169363283,0.14885171169942463,0.33271976743841924,0.34061649719703924,0.12153166390935598,0.11126142267123187,0.5,1.0926653696220374
2024-07-27 03:00:00,0.0,0.14758614566208894,0.1770436922650775,0.35366398853424297,0.337324887333198,0.12563992133836357,0.11344599163934874,2.510568195287153,1.2621128403276998
2024-07-27 04:00:00,0.0,0.02,0.1957435679272288,0.3671765817275551,0.3498696518827161,0.1217136048559392,0.11621949530930716,1.676747125142501,2.400965222660117
2024-07-27 05:00:00,0.0,0.08729358244007664,0.07062033983952742,0.3540439359920897,0.34775092445683886,0.11933038227768045,0.11325515717719224,0.5,1.907921280964754
2024-07-27 06:00:00,0.0,0.04099820654577533,0.010465237930994513,0.33786021212605705,0.3497361617384632,0.1176241709441173,0.11311548703781976,1.2112418678816728,0.8462464747483729
2024-07-27 07:00:00,0.0,0.02,0.07622232021863509,0.3312589880055352,0.352204511577235,0.11289486696148535,0.10970771414175562,2.1333247368733064,-0.18884267410059052
2024-07-27 08:00:00,0.0,0.24322027521832085,0.2729718348709713,0.35624746907009563,0.34190120946374225,0.11717722238878034,0.1147797366792308,0.5804745144295447,1.037552896062003
2024-07-27 09:00:00,0.0,0.02,0.10681029116823862,0.34013367936338756,0.32802277389523005,0.12487342602584296,0.11295753134999229,0.5,1.835617795882501
2024-07-27 10:00:00,0.0,0.05908967267716642,-0.028037839344839964,0.3564342327617577,0.3280820360555876,0.11630773189168839,0.1103216250634837,0.5,0.016626851549719546
2024-07-27 11:00:00,0.0,0.05132452659302343,0.07492395235933562,0.3319975013499512,0.33594059022439543,0.11139052423787046,0.10620253580408748,1.5118376780017637,0.40802154827161863
2024-07-27 12:00:00,0.0,0.03307641387948968,-0.016834642724173683,0.3643672211175607,0.3437771324065251,0.1134840422709337,0.10695749518421853,0.5,2.0261472158252687
2024-07-27 13:00:00,0.0,0.02,-0.012863330886452681,0.35322236569861154,0.3492305880304157,0.1173515327751728,0.10903054986722346,0.5,2.7097370068060123
2024-07-27 14:00:00,0.0,0.09052031813686039,-0.0008454406761509992,0.35746835031494906,0.3602369188758806,0.11361498093095335,0.1115433598187389,0.5,2.055829441117698
2024-07-27 15:00:00,0.0,0.02,-0.03725551314431587,0.37310527452474485,0.36843894415559314,0.11847824445013218,0.11726779888542152,0.5,1.5202247308060732
2024-07-27 16:00:00,0.0,0.02,-0.04386645437080338,0.3449221903755666,0.35457210643603315,0.11841457125436813,0.11929229677452367,0.5,0.35205485202810904
2024-07-27 17:00:00,0.0,0.02,-0.04553324984629831,0.3406018724301462,0.34189575947553413,0.12032321400057716,0.11606660048978627,0.5,-0.5244038591291208
2024-07-27 18:00:00,0.0,0.02,-0.009183487890899471,0.3432726684259415,0.3333239963233975,0.1232431984644441,0.11467482930991266,0.5,0.1752676793176031
2024-07-27 19:00:00,0.0,0.0345460325343667,-0.027924705015473207,0.3493557594898869,0.3408283391031997,0.12039023937301095,0.10996236866135849,2.8784628542256634,1.600680229152825
2024-07-27 20:00:00,0.0,0.11414198056013418,0.09991996069267624,0.35413399942059437,0.34455976788416487,0.1085236149243221,0.11310266917478969,0.5,3.157645496906858
2024-07-27 21:00:00,0.0,0.02,0.16831490269475619,0.33902865680211797,0.34120445010074757,0.1084225200064792,0.11140403972745355,0.5,1.960866663772384
2024-07-27 22:00:00,0.0,0.0849317307910925,0.16523173665709334,0.32405886928772765,0.328101285659255,0.11310448851046304,0.11145073242335697,0.5,-0.07824107599009478
2024-07-27 23:00:00,0.0,0.02,0.13256357653348608,0.34307518783795904,0.31916890776286383,0.11056816743236245,0.10815261801661218,2.182545271587923,-0.4947420871311068
2024-07-28 00:00:00,0.0,0.02,-0.016063496568756427,0.35688650784544795,0.33218257422852526,0.10616207116509378,0.10305553591624973,1.1933541561374472,1.8992977161824207
2024-07-28 01:00:00,0.0,0.02,0.07986128260979597,0.353532997444947,0.3346082351750521,0.11005940068300432,0.10375776683856366,0.5,2.5269219418082125
2024-07-28 02:00:00,0.0,0.02,0.07839779373095217,0.36948243989853197,0.34472539102474664,0.10958069996770795,0.10428650878196633,1.835022698073468,1.8716305209789086
2024-07-28 03:00:00,0.0,0.02,-0.018437588093155488,0.3808214210106014,0.3489996068422222,0.1081156216869314,0.1076725295491397,1.829248527640893,1.8130159852706875
2024-07-28 04:00:00,0.0,0.06657339600492772,0.06903257978979697,0.36505973194738733,0.3480019172489812,0.10997160443825485,0.11234091843611847,0.5166390989985002,1.0465632766615318
2024-07-28 05:00:00,0.0,0.04506124448462984,0.02820306342719245,0.3734762949590517,0.35595774165983957,0.11865738060370692,0.11253269545491854,0.5,-0.09542484243988136
2024-07-28 06:00:00,0.0,0.02,0.005200616777621736,0.3629907372350914,0.36108813287896374,0.11250313706053788,0.12032084989292482,0.5,-0.007809240338526702
2024-07-28 07:00:00,0.0,0.02,0.08411208754791263,0.37713761169005533,0.36846058529728354,0.12586029399734266,0.1156140675338327,0.9053401456187178,0.03318312403573409
2024-07-28 08:00:00,0.0,0.06611757895091841,0.13435758621184174,0.3814136692125921,0.3684650849240371,0.11177491505827522,0.1110525457426761,3.0410850220455714,0.6353858138561148
2024-07-28 09:00:00,0.0,0.02,0.14969245805411865,0.3657566004128285,0.35762196243405403,0.10873459163367843,0.09828904165576703,0.5,0.8696468554557776
2024-07-28 10:00:00,0.0,0.04499493861203897,0.1409911905519185,0.363331164781917,0.351635816627355,0.11022359610753789,0.10186777583289866,3.164431875153401,-1.3905967879883798
2024-07-28 11:00:00,0.0,0.09824112266239667,0.1288756943059221,0.35183487100663224,0.35650905656054177,0.11146225368524092,0.10604878147758026,0.9667863657787097,-0.9333740056400297
2024-07-28 12:00:00,0.0,0.02,0.008633212969157651,0.35086906363668596,0.34690143135005574,0.11226001730306961,0.11288473676330466,0.8208129293027882,-0.15276117351860147
2024-07-28 13:00:00,0.0,0.02,0.0817457547688151,0.34642156288089065,0.3310254336681348,0.12183464028129729,0.10649038094453499,5.072091776798143,1.8940459745966693
2024-07-28 14:00:00,0.0,0.192181801887435,0.13196657294253203,0.36744599811251155,0.33727730086537344,0.10402901360546236,0.10628544458383704,3.923793931657464,4.079124387663903
2024-07-28 15:00:00,0.0,0.02981412528473075,-0.04010340800487444,0.34120375468515335,0.33015733757894045,0.11398246040340589,0.10057096519394937,3.561699476270105,4.948876683312563
2024-07-28 16:00:00,0.0,0.02,-0.018934308217796778,0.34862252970444596,0.3295850116472603,0.10980261717988837,0.10095569939932937,0.5,3.575234904910764
2024-07-28 17:00:00,0.0,0.02,0.12888570443430908,0.3161615745734701,0.3274740846158153,0.09885813685479442,0.101239319133828,4.62494514994601,2.930031414887354
2024-07-28 18:00:00,0.0,0.02,0.11010684470457574,0.3773354712727322,0.3473405494763981,0.11263820419451118,0.10544565058706373,0.5,3.082755285336743
2024-07-28 19:00:00,0.0,0.02,0.07882272728081854,0.3481820041123498,0.3679975531512937,0.11534971783801118,0.10628561588289923,0.5,1.5659378779682966
2024-07-28 20:00:00,0.0,0.09085401632464335,0.0038838195208020718,0.36146728083807056,0.36694000538935756,0.1023315581093402,0.1038859378597535,0.5,1.5328703728765154
2024-07-28 21:00:00,0.0,0.02,-0.07105861357336508,0.3733559232718156,0.3725331872875687,0.10715232678332294,0.09604269116353797,0.7065726269808271,1.1582962625578603
2024-07-28 22:00:00,5.855831649709383,2.350221548830295,1.029697701942058,0.4076527329565829,0.3791258102514346,0.1025823263689561,0.0931514272520208,11.037044560180075,6.337355266729755
2024-07-28 23:00:00,0.0,1.416016795084304,1.770065635180893,0.4080113825353588,0.38867955290649014,0.10509927705304381,0.1037116673701482,7.574584964339048,7.412379133758657
2024-07-29 00:00:00,0.0,0.842973006249218,1.0561395403280736,0.35600698814026316,0.36921907582376134,0.11865866298732547,0.11171661664606197,0.8957278391377259,3.727921373199215
2024-07-29 01:00:00,0.0,0.5916334585174495,0.5538143235483672,0.404849153444911,0.376188471547101,0.10929106027177331,0.11750676437286084,5.843026511283872,6.123717195792774
2024-07-29 02:00:00,0.0,0.11461711951304049,0.30398872300221014,0.3718222832773298,0.3836344643991957,0.10515651755992014,0.10827700072240974,1.3838518269825277,4.856579052919892
2024-07-29 03:00:00,0.0,0.2752689292732978,0.2676922684859375,0.3637788777182599,0.35604621908048145,0.11290657425777509,0.10496655876925756,5.523804349916319,2.303717156656674
2024-07-29 04:00:00,0.0,0.17760578374988947,0.26456061064915987,0.3790365796200311,0.35776882299981577,0.10811651295226082,0.10160574010899101,0.5,2.681110838827845
2024-07-29 05:00:00,0.0,0.2364246334579081,0.2211579569311426,0.34196400337694627,0.3551891073444088,0.10814793012534163,0.1010375374515127,3.852700884413297,2.4676539641856627
2024-07-29 06:00:00,0.0,0.02,0.17963576845943657,0.3471598996696022,0.3383578726338014,0.11513138407586428,0.09835803186409328,0.5,1.9264464314512555
2024-07-29 07:00:00,0.0,0.20871926240698063,0.12693254800771311,0.3803100485739423,0.35173994953306864,0.10344828919840425,0.10154915495222525,0.9435509444295482,0.08210437760232192
2024-07-29 08:00:00,0.0,0.1481660294839005,0.10740430680469584,0.3286809154510592,0.34902394288637795,0.10471045135253931,0.10447625785968181,0.5,1.4361570835208717
2024-07-29 09:00:00,0.0,0.1853888905739055,0.13511665496792669,0.36631767401252757,0.3585971050234188,0.11079176597495194,0.10751325234635364,0.5,1.099352109491602
2024-07-29 10:00:00,0.0,0.02,0.1584102723660435,0.3594717652488219,0.35982502767562086,0.11540907655149281,0.10805505059354562,0.5,-0.6265845534336951
2024-07-29 11:00:00,0.0,0.1261969533816251,0.14618842860666442,0.38546688534033646,0.3611906612072813,0.11674759807142517,0.1060494171422698,0.5,-1.1705609153559933
2024-07-29 12:00:00,0.0,0.02,0.13113696527185517,0.32774479155531105,0.3351028612945914,0.10505496934966012,0.10652606359805904,0.5,-1.258727733366252
2024-07-29 13:00:00,0.0,0.0810363745352499,0.006130448992307129,0.378397198036859,0.3313418497098314,0.11439698812416818,0.10320055837766946,0.5,0.09879387413232163
2024-07-29 14:00:00,0.0,0.02,0.025044135856821262,0.343097061703911,0.34487993075114,0.10379594074602122,0.10699521802042475,0.5,1.0415185510141522
2024-07-29 15:00:00,0.0,0.02,0.053827954057041945,0.34478398095246676,0.32131521702966626,0.11918679860201736,0.10471291015827833,2.4651200443324384,1.9689798307761914
2024-07-29 16:00:00,0.0,0.02,-0.004825926227584215,0.3331590570467477,0.3198082504856956,0.10115634251175677,0.10883082692511359,0.6415977283220123,2.0369661096964724
2024-07-29 17:00:00,0.0,0.02,-0.019488664075852764,0.3351713422891407,0.31697341793569167,0.11565994410736484,0.10173050736857363,2.47109631813601,1.5607940021343136
2024-07-29 18:00:00,0.0,0.02,-0.0298646507792046,0.3575419580629534,0.3417831837923325,0.10348093192359559,0.10558834265904188,0.5,0.3574917256534647
2024-07-29 19:00:00,0.0,0.02822512184343726,0.033294401556347816,0.3352431450114894,0.3319680129081729,0.11923077767186427,0.10115180047271974,0.5,0.03690103922779994
2024-07-29 20:00:00,0.0,0.02,-0.0030984762031342136,0.3625933878559383,0.32724347031984874,0.11043134506885384,0.0983959681449098,1.5144722256042908,1.137771816655154
2024-07-29 21:00:00,0.0,0.02,-0.10120003341932193,0.3415446321465983,0.3383822630112477,0.10052011296755026,0.09418113527006294,0.7420624825796514,1.7562545278947996
2024-07-29 22:00:00,0.0,0.1559364920972285,0.01912828944720156,0.33875263756679286,0.3383911471104698,0.10321624073638457,0.0981888146142888,0.5,1.4587331568419297
2024-07-29 23:00:00,0.0,0.10392668223887847,0.1901526061442091,0.34720797442808793,0.3468256368038347,0.11077088466594796,0.10224041215619928,2.159164641959401,2.0463703175753176
2024-07-30 00:00:00,0.0,0.02,0.19344404741132903,0.3565397307274892,0.33895614348338277,0.11213445444671237,0.10362371357675049,0.5,1.997642054927121
2024-07-30 01:00:00,0.0,0.02,-0.00994801270771882,0.3473288239221793,0.3335967857152153,0.1051297479208197,0.10190453076838199,0.5,0.2827607183359817
2024-07-30 02:00:00,0.0,0.13109084722415879,0.05872882975536797,0.35661325675439925,0.3500325945263011,0.10555810605326936,0.1001792256102515,1.2929686948859362,0.4390290145366387
2024-07-30 03:00:00,0.0,0.06267844166563728,0.22891958575391472,0.3639506038059948,0.36525798128442966,0.10957704917243424,0.09922725431997258,0.5,2.4438848994476947
2024-07-30 04:00:00,0.0,0.032942216108244694,0.05509880323949788,0.36840139525384097,0.3561645666674115,0.10555515421119335,0.09814964616304349,0.5,0.4145705280464673
2024-07-30 05:00:00,0.0,0.14832219171757044,-0.09695072423934699,0.3520406736081643,0.3444639055999275,0.09674142358397536,0.09968244474731755,0.5,-0.4807878499349354
2024-07-30 06:00:00,0.0,0.02,-0.048131892760021514,0.33582579261750223,0.33266575739737786,0.09936335246031454,0.09643064584557454,0.5,1.4046301863256363
2024-07-30 07:00:00,0.0,0.020645115799814224,0.07220269795263898,0.35266642132756415,0.3313456539518087,0.10539131327554523,0.09898867894760335,0.5,2.1823729243278405
2024-07-30 08:00:00,0.0,0.02,0.15537687756001123,0.3585488666427057,0.3335838960286267,0.11101353663157983,0.10077118003335185,2.331381709941414,3.0861988157018616
2024-07-30 09:00:00,0.0,0.02,0.05540173527194761,0.3295782432615653,0.3214790264030143,0.11315723507223446,0.10668523771001234,0.5349178676929439,2.0139837010025516
2024-07-30 10:00:00,0.0,0.02,0.06343759201508577,0.3381299983960308,0.3301110874717593,0.10787986370057273,0.10197276479805034,2.0344094650502242,1.6370338111897729
2024-07-30 11:00:00,0.0,0.02,-0.004417664557686787,0.34070131941170045,0.33731801200299805,0.10466842502422236,0.10146346934818147,1.1051058245346719,1.2378795054430292
2024-07-30 12:00:00,0.0,0.02,-0.11041915048229944,0.3483717900203389,0.33336128869770265,0.10718020207275403,0.09600389354094338,0.5,-0.14079477635490395
2024-07-30 13:00:00,0.0,0.02,-0.01988306415225174,0.3400736142967428,0.3361849894050918,0.0984300953587259,0.09630608507092604,0.5,-0.9069367296477926
2024-07-30 14:00:00,0.0,0.08746550918805392,0.08882335698703991,0.36510896037157703,0.35828109868753427,0.10125513819726784,0.09203551577508365,0.5,0.5930613397137827
2024-07-30 15:00:00,0.0,0.02,0.1745990137448163,0.32741212482926835,0.35131238657478703,0.09697430332088323,0.09131081722183554,0.5,2.0217494666360554
2024-07-30 16:00:00,0.0,0.02,0.13200630606865876,0.3277933423932282,0.32635718875458114,0.09417183426555154,0.0896382716526969,0.5,0.09923588690098561
2024-07-30 17:00:00,0.0,0.02,-0.0004363196656249624,0.34648079067847265,0.3320203680281839,0.10341142327479054,0.09343631703193309,2.0815037418232123,0.7026653680109324
2024-07-30 18:00:00,0.0,0.025472433519105903,-0.0023651568073418255,0.34915050651737095,0.3343225964362495,0.10226968372146934,0.09768312284636718,2.0678461876614893,3.1030569048423127
2024-07-30 19:00:00,0.0,0.02,0.0906144440596275,0.329669464758273,0.329783066758161,0.10502962727931006,0.09696540713618046,4.666309139998754,4.900233343014609
2024-07-30 20:00:00,0.0,0.09175373322530712,-0.003964937086643638,0.34556671352885954,0.3249457736916861,0.10392812407668003,0.09783840928772719,0.5,2.490620883909798
2024-07-30 21:00:00,0.0,0.02,-0.1327677269564026,0.34547346558985825,0.33136050307522025,0.10185569008654022,0.09664570609260772,3.3760033381530707,-1.4197083676285105
2024-07-30 22:00:00,0.0,0.13764559537324644,0.024928064019292345,0.3504279960678795,0.3437059122202379,0.10348852489151589,0.098840849020837,3.630448651464267,1.1162831543128482
2024-07-30 23:00:00,0.0,0.02,0.11927379041041447,0.35376734510048397,0.34417344473848965,0.09964235425784207,0.09847002498898524,0.5,1.556384925937651
2024-07-31 00:00:00,0.0,0.02,-0.05388406967170599,0.34156543958479113,0.3345207457456447,0.10212605507445331,0.09679613423573984,1.015828228992292,0.5038372233981758
2024-07-31 01:00:00,0.0,0.23418365809750435,0.04848428129005866,0.38159350185530394,0.35715449891848383,0.09504271852024297,0.09935161569629726,3.1973067388141745,3.2466780202580456
2024-07-31 02:00:00,0.0,0.02,0.13094543996846256,0.3588121924471482,0.3606235838366557,0.10136932152785501,0.09748611441096793,0.5,3.396251580319989
2024-07-31 03:00:00,0.0,0.1610363548315794,0.10177161163818299,0.3450111824012887,0.3450914933888504,0.10291371437080124,0.09876987917260954,0.5,2.758698877713531
2024-07-31 04:00:00,0.0,0.02,0.005970249926218543,0.3529067952516582,0.3475937567285957,0.09463786167000425,0.09584381719189673,0.5,2.856877923244668
2024-07-31 05:00:00,0.0,0.06675396159527744,0.058710831914813105,0.35553741761447444,0.3451673413769049,0.09872030295679846,0.09474803630145899,0.5,2.8607245974890603
2024-07-31 06:00:00,0.0,0.02589503072936494,0.18937718040888935,0.3700282890239132,0.3410364426246961,0.09442167202915812,0.09352486624132422,0.5,2.974887337615482
2024-07-31 07:00:00,0.0,0.11864589711607376,0.1034721054068363,0.34665466946306156,0.3354507222547616,0.09475883869012026,0.09328369580488025,0.5,2.748222333805998
2024-07-31 08:00:00,0.0,0.02,0.035650331773949995,0.3629992033169532,0.34629896976143815,0.09092350804143098,0.09707911726006299,0.5,1.6122795477795155
2024-07-31 09:00:00,0.0,0.02,0.02259963694054442,0.35211693998788174,0.36167830254244604,0.10502355101261315,0.09818797905136427,0.9079643607208595,-0.39959647816387445
2024-07-31 10:00:00,0.0,0.02,-0.01912670005135778,0.37386262059787606,0.3681574306033343,0.10357944025628008,0.09736032374719081,0.5,1.6189142368602736
2024-07-31 11:00:00,0.0,0.02,-0.020967247960168144,0.3708524946407357,0.37358560855178236,0.10016696901030392,0.09693288465148965,1.714129667107096,3.0812477546332953
2024-07-31 12:00:00,0.0,0.02,-0.03102280001618984,0.3544438124200336,0.3534472677945939,0.10853318568189044,0.09367570882017079,1.0369204574648936,2.331824458150183
2024-07-31 13:00:00,0.0,0.08070365188724783,-0.021272413345925008,0.3503053903448044,0.33590204853359157,0.09532278576589165,0.09737766048762982,0.5,1.2681730422834399
2024-07-31 14:00:00,0.0,0.14781780397858207,0.048763359531893334,0.3642741166305153,0.35527834308401146,0.11440768878610255,0.08879857500984199,0.5,0.8029180892171337
2024-07-31 15:00:00,0.0,0.02,-0.033025048081555666,0.3487823724442371,0.3499696440200528,0.09461139501752083,0.08783811544886591,0.5,-0.7128327059954613
2024-07-31 16:00:00,0.0,0.02,0.04576193156457477,0.37669372944081964,0.35449727219134675,0.097267790191462,0.08714794404737125,1.5970729624850886,-1.2945069345397742
2024-07-31 17:00:00,0.0,0.02,0.10462742539513821,0.35266617402379974,0.36611887585217484,0.09311062102208235,0.09100627907231351,0.5,0.5827348587783678
2024-07-31 18:00:00,0.0,0.22614475889109248,0.1325887546670204,0.3530975854311723,0.35046096369232727,0.09749249864482114,0.0987904859466598,1.1143942056690483,1.0533522130061093
2024-07-31 19:00:00,0.0,0.02,0.029058466898726543,0.3445948965600357,0.3401500573515926,0.10003408848856564,0.09594006852741378,1.0753316927313725,2.2612573799700337
2024-07-31 20:00:00,0.0,0.04242083383996178,-0.10017618698465706,0.3344216994899998,0.3234701121941669,0.09409934956562654,0.09960394192128275,0.5,0.7258619629458417
2024-07-31 21:00:00,0.0,0.02,0.02345341200462645,0.3598375097725444,0.3435329989573068,0.10520620988684092,0.09143312696514168,0.5,0.12466021383191084
2024-07-31 22:00:00,0.0,0.02,0.05214741923259261,0.33918895481155203,0.3555683655880031,0.09574442178492563,0.09114356928976838,2.031730482734324,2.7042849202961574
2024-07-31 23:00:00,0.0,0.05658042484027584,-0.0608914619351964,0.3697205353930904,0.3517827030742624,0.09569666457859326,0.0896837823174665,1.5332745025300092,4.540745200557565
2024-08-01 00:00:00,0.0,0.02,-0.06024137939971759,0.332095097041121,0.3420526268867343,0.08838458171419493,0.09591797555585077,0.5,3.4017372184675976
2024-08-01 01:00:00,0.0,0.1336140082684605,0.10311082301640764,0.3580965750102011,0.33456366724937153,0.09611496590887635,0.09546254318638903,1.1365589002900927,0.9701534028219732
2024-08-01 02:00:00,0.0,0.2861697350771397,0.2859012637383628,0.37820869503948296,0.36053250518160584,0.09256579820806392,0.08973107167448999,3.417439748746935,0.7644708514738905
2024-08-01 03:00:00,0.0,0.02,0.17976578060789203,0.31920541688179005,0.3437256443458029,0.0894870982530641,0.082201393639975,2.412633581894073,3.197744724668131
2024-08-01 04:00:00,0.0,0.02,-0.1254849919537007,0.3817631060080274,0.34887793500946396,0.08824484883862492,0.08507367127050933,0.5,3.4279984374205403
2024-08-01 05:00:00,0.0,0.02,-0.1425619735970413,0.3451098448931729,0.3544252126154868,0.10870201632783644,0.0903630916260108,0.5,1.0442930432101618
2024-08-01 06:00:00,0.0,0.21024389920197886,0.006861379629673127,0.36081004933101557,0.3309944974333514,0.09085889395809887,0.0940230190411295,0.5,-0.8414351406416464
2024-08-01 07:00:00,0.0,0.14198634000362084,0.1526377428406839,0.3650482769297751,0.3459249665299848,0.08346674554083755,0.08947655911165805,0.5,-1.568801796095897
2024-08-01 08:00:00,0.0,0.02,-0.02051900379901289,0.3623810586928779,0.34500789686754707,0.08778880766196591,0.08649830013601623,3.092227875320832,1.4556406274521396
2024-08-01 09:00:00,0.0,0.02,-0.138874652423397,0.3555973819250398,0.33794820902763345,0.09143878404245316,0.08993210346559377,0.5,2.483654207471302
2024-08-01 10:00:00,0.0,0.02,0.06825195067523163,0.3664498916067401,0.34736196453287616,0.09479882279731107,0.08975283246480364,0.5,-0.801998827872443
2024-08-01 11:00:00,0.0,0.11133259221847666,0.1352810377503964,0.3631827171478072,0.3559560632447585,0.09461880268046002,0.0916325115832991,0.5,-0.5789752019717005
2024-08-01 12:00:00,0.0,0.02,0.10880710488035489,0.37790233995162914,0.3764955792306528,0.09512148580189203,0.086972472545086,0.5,-0.2766591133745053
2024-08-01 13:00:00,0.0,0.02,-0.017894075868733178,0.35932403599396356,0.3599945099309457,0.08696498215518081,0.08657850053934142,0.5,0.30045809630583986
2024-08-01 14:00:00,0.0,0.06430477258351083,-0.12134373002115953,0.3830450628810905,0.36425368668951547,0.09264970129602655,0.08202721596702012,0.5,1.7220519868057735
2024-08-01 15:00:00,0.0,0.02,0.03260830954865659,0.36500530545470944,0.37729523897506667,0.08512418420376626,0.07950600126032172,2.2985178037043967,1.117007976273001
2024-08-01 16:00:00,0.0,0.02,0.09630289118012439,0.32440287096462067,0.33711959123095436,0.0864367317378746,0.08145169130730241,0.5,1.7422867156375736
2024-08-01 17:00:00,0.0,0.02,0.02960448639831987,0.3906556630269622,0.3425464237351856,0.08442294931486723,0.08574216072751441,5.227544502341003,3.77832390715012
2024-08-01 18:00:00,0.0,0.07794264965516919,-0.0032907095369631573,0.3455152126319449,0.3567436237971623,0.0825740470263745,0.09039438698373162,0.5,4.046142522665596
2024-08-01 19:00:00,0.0,0.1806754670980012,0.0744319226090728,0.38019263670633135,0.3603754951165471,0.09586537613672727,0.08987242217304894,3.755649005012668,3.132988907881648
2024-08-01 20:00:00,0.0,0.0551029033033021,0.06197682848993821,0.35358638433855516,0.3579641930208852,0.0933880891114436,0.08875741199173687,3.005739416436761,3.366811318760355
2024-08-01 21:00:00,0.0,0.08402333816414746,0.069453308019257,0.37028611784010257,0.3412566659066375,0.09489327007817513,0.09308956669355428,0.5,1.537564151604395
2024-08-01 22:00:00,19.5362479653643,7.6607348918077065,3.948070420360054,0.46860485696362064,0.39819726589788373,0.11021452766471218,0.11401709585235051,64.78707126188202,30.797671003743716
2024-08-01 23:00:00,45.99030750681505,27.189306708269545,17.0454337434141,0.6927792868638145,0.5722732130137724,0.16104245056239083,0.13626972269538773,360.88155865788843,202.48432774017678
2024-08-02 00:00:00,18.950472080857004,27.236614906082483,26.361808755563747,0.6800302330026794,0.6735883438248493,0.1617778614037609,0.15833783935129792,361.7581523881302,342.0420929815034
2024-08-02 01:00:00,0.0,17.928825291948247,21.72422554014808,0.6176468909188474,0.6388939607346709,0.17709325894530928,0.16228248040037077,206.7957436048113,268.4735916920841
2024-08-02 02:00:00,0.0,11.64091205674054,14.115631623187868,0.5330408402903847,0.5753781799353184,0.17254766598247476,0.16624006555417473,115.47693172243648,151.9267120075191
2024-08-02 03:00:00,0.0,7.753942411572175,9.39032687572175,0.4941459289186614,0.5042179421089176,0.17481889223583347,0.16371340679707524,63.3318176644774,82.03998915007422
2024-08-02 04:00:00,0.0,5.134717216125988,6.270839089007563,0.4130480957552879,0.44843479489722654,0.1729087338426428,0.16126244596247638,43.0500857174071,48.7248396944028
2024-08-02 05:00:00,0.0,3.3372297768700045,4.034656981858679,0.4178513535530284,0.41532138420119324,0.16427969163600892,0.15703796321365177,20.825802736366285,30.61171068125266
2024-08-02 06:00:00,2.8342484498371836,3.803379821719024,3.4738499051610177,0.43241625590402233,0.4155008347057182,0.16310610172160356,0.1585848072471439,25.63415753534698,22.137384571470207
2024-08-02 07:00:00,5.446089760530697,5.185538960042931,4.462011938460716,0.44957158822637616,0.43130242677597785,0.1718118036982795,0.16094463466632103,37.43038245690956,28.481633884173313
2024-08-02 08:00:00,2.2841075902596244,4.731557259751344,4.868968262400223,0.4542452291672215,0.4420723887293388,0.1808573598658443,0.17071271598561305,33.67699915570482,32.6093370042495
2024-08-02 09:00:00,0.0,3.044598781200854,3.737334912299846,0.4090479622635662,0.4059221717839201,0.1811647350288137,0.16836729729932226,18.129016506136495,24.908931159413953
2024-08-02 10:00:00,0.0,1.9448046212955963,2.400713656451763,0.3968439186529307,0.3763813993581612,0.16837397240712576,0.16976033577145228,10.303209788041544,12.922037213289531
2024-08-02 11:00:00,0.0,1.0123958765499086,1.4049628017997204,0.39597831359104513,0.3776005321159472,0.17025357580142914,0.1649474235622379,4.239797867635434,5.070481851427058
2024-08-02 12:00:00,0.0,0.6781315864775586,0.7589877048401992,0.3367436071463716,0.3591426327031787,0.1713604074605778,0.16476686601531693,4.176345443315553,2.6877160434256755
2024-08-02 13:00:00,0.0,0.4431453002621511,0.5351616973374352,0.3740481012878911,0.3661408658795414,0.1731167416606814,0.16057341456259028,1.8770282689403306,3.177625447442218
2024-08-02 14:00:00,0.0,0.12128896008043538,0.30332698090440113,0.35074644480257383,0.3683278664372076,0.16665011560711068,0.15530921779318857,1.7224433502789906,2.5546177871273272
2024-08-02 15:00:00,0.0,0.11676014316680505,0.23117963174294148,0.3419080243500367,0.3416962063171741,0.16585305394390526,0.15492929013653417,0.5,0.6776474484980136
2024-08-02 16:00:00,0.0,0.07386277207806118,0.22087950859583835,0.3590153006825807,0.33457168837226176,0.16901838935094887,0.16050141132868803,0.6102607270416348,-0.07108646708600491
2024-08-02 17:00:00,0.0,0.11697279144398008,0.17195954876289188,0.3740122033020095,0.3477238463172042,0.17403205064392074,0.1614442083884872,0.5,1.3432842555617113
2024-08-02 18:00:00,0.0,0.08411868147255537,0.10142183719659627,0.369960639778526,0.3707691128542039,0.16599717526898336,0.16408650508797218,2.2550782974968624,1.0719655133855208
2024-08-02 19:00:00,0.0,0.02,0.023139106838810083,0.3494624273875452,0.3585811238964791,0.17195321839440497,0.1593930893954575,0.6988689974012406,0.5066548502130079
2024-08-02 20:00:00,0.0,0.04110890773879826,0.01971606297090836,0.36569240365328565,0.3307088011024893,0.17856773625245087,0.15914716486091546,0.5,1.6881032453446392
2024-08-02 21:00:00,0.0,0.02,0.013230861634222695,0.36451014132783227,0.34838626287538155,0.16397519988272993,0.1596825057141972,0.5,0.5237670599015798
2024-08-02 22:00:00,0.0,0.02,0.07357839307056996,0.35017855379374707,0.36395209495195047,0.17011773906097974,0.1636027095309461,0.5,0.3764753086044885
2024-08-02 23:00:00,0.0,0.02,0.05629917210581575,0.34109291457132146,0.35629878936685994,0.17707656297991903,0.1639912717819454,0.5,2.6917709946975155
2024-08-03 00:00:00,0.0,0.12947863681708552,0.19528212781169127,0.34651524132435074,0.35173816222558313,0.167991092178788,0.15923614492287605,0.5,1.5895855417211988
2024-08-03 01:00:00,0.0,0.02,0.2641876740670402,0.36405692308416665,0.3601984223202611,0.1666324326195179,0.1533802602901801,0.5,0.019828684650266243
2024-08-03 02:00:00,0.0,0.022272944049865177,0.15074249648903715,0.3509821238294169,0.3564657774015587,0.1766302395235956,0.15282333878596807,1.6309941312108918,1.5578978699341641
2024-08-03 03:00:00,0.0,0.2026057143729987,0.20603028626583306,0.34276291282642,0.3264074085914197,0.1673879290023331,0.1590458997069153,2.2256234171858047,2.497894718035273
2024-08-03 04:00:00,0.0,0.02,0.23423481911872077,0.32621618031850774,0.31417130996277487,0.17542904877370538,0.16213354457105145,3.7674612550093673,0.7973303046964318
2024-08-03 05:00:00,0.0,0.02,0.035699576013041426,0.3639665946325903,0.3407059170596524,0.17095386577267901,0.16275604724967235,0.5,0.05270467605668372
2024-08-03 06:00:00,0.0,0.02,0.016045691026068024,0.34328744651718124,0.3480577883762075,0.16590205532489202,0.1543858964010581,1.420883218237221,1.203944377811955
2024-08-03 07:00:00,0.0,0.21217143895968757,0.1314390024755213,0.36370914474345273,0.3431176994833542,0.17041736861783036,0.15168243163964115,0.5,1.8750471364295929
2024-08-03 08:00:00,0.0,0.02,0.034707890622656,0.37008472645718143,0.35122168419936184,0.1690430744537358,0.15719172024785077,1.762352331963763,0.9553940517513323
2024-08-03 09:00:00,0.0,0.02,0.019232666249746923,0.3318552556983423,0.3307515705981535,0.17282787335324779,0.1607323309060836,0.5,0.14748607330727112
2024-08-03 10:00:00,0.0,0.171266055860675,0.18239903454311662,0.3567773188751569,0.34107115502083185,0.16299574675897477,0.16046972070147825,0.5,1.0376849157437527
2024-08-03 11:00:00,0.0,0.08390674064675206,0.1276133965992865,0.3518048031174457,0.3680630448402673,0.1661173418368892,0.15436924922542294,0.8457118148934004,1.3687028908208545
2024-08-03 12:00:00,0.0,0.02,-0.032963259624633284,0.357185265985564,0.35721734915407294,0.16508633609498116,0.15506838297967007,0.5,-0.6358133156697159
2024-08-03 13:00:00,0.0,0.02,-0.001370640258821023,0.3700765228274511,0.3565770117838323,0.1692666804470162,0.15284427688464966,0.5,0.23912001252756987
2024-08-03 14:00:00,0.0,0.050641756542795645,0.02978423443526431,0.33304731698200724,0.3389284271153511,0.1584781119515195,0.15175952815031152,0.5,1.2908215897945046
2024-08-03 15:00:00,0.0,0.02,0.06760923387195818,0.3600360920817311,0.33619500438051886,0.17031947643981624,0.15065393848572073,1.5535764784467023,1.6709743016701515
2024-08-03 16:00:00,0.0,0.02,0.2338779838609854,0.3669619794760501,0.36918840304951916,0.16660504274803564,0.15324409414578977,0.5,0.7258977628787082
2024-08-03 17:00:00,0.0,0.02,0.21214241622552002,0.34869346689179287,0.3506223681775244,0.15549600199792793,0.15841041608405138,0.5,-0.7411547547645074
2024-08-03 18:00:00,0.0,0.02,0.003586213518178182,0.34942741795774773,0.334290906925122,0.1702386355115093,0.16345937492050733,0.5,0.7829994208705199
2024-08-03 19:00:00,0.0,0.17705010846758815,-0.006114460887519126,0.3639191478283924,0.354130557357721,0.17598614439701613,0.1632382757658603,2.127446471439319,1.578227664260356
2024-08-03 20:00:00,0.0,0.02,0.014382665341316402,0.3566613790194914,0.3580430696469731,0.16818613576474561,0.16219989752958325,1.801997578991769,0.838576740745889
2024-08-03 21:00:00,0.0,0.02,-0.04389518998071979,0.36022441196165145,0.3628628110952241,0.17033160272093936,0.1554306734125295,0.5,-1.7693047500474912
2024-08-03 22:00:00,0.0,0.02,-0.004255004702668347,0.35990833074716283,0.3734977937220191,0.16187749817190214,0.15290160554091384,2.2160916748228603,0.5911647286442661
2024-08-03 23:00:00,0.0,0.02,0.06535857138798248,0.3367595382669098,0.3507891272846584,0.15099282718914983,0.14574305834928758,0.5,2.699037935640138
2024-08-04 00:00:00,0.0,0.02,0.018822671562963498,0.36634312031671873,0.3457522373545129,0.1494947293588068,0.14489904081425914,0.5175755124708142,1.612167045640195
2024-08-04 01:00:00,0.0,0.12648811759417788,0.14706283343732052,0.37344050132980317,0.36555885163079715,0.161688545698854,0.14069388435282293,0.5,2.1566717636074944
2024-08-04 02:00:00,0.0,0.2765643374590861,0.25775429920050086,0.3634696183184983,0.3563248488650893,0.15620578545567845,0.14483123949541196,1.5201368790714536,2.1739173473057485
2024-08-04 03:00:00,0.0,0.09954195025463972,0.13947957704039673,0.3325497375881978,0.3374896388661156,0.15387080648633908,0.1458257112164651,5.544280741411111,3.554812693645779
2024-08-04 04:00:00,0.0,0.02,0.08390465479795511,0.34976793726114325,0.338624907438766,0.1585833883921004,0.15081465785870407,0.5,2.9876441663396927
2024-08-04 05:00:00,0.0,0.02,0.09594087798298231,0.35440521100525313,0.34896706563750485,0.1622559805518404,0.1480327669482386,0.5,2.0098430976078827
2024-08-04 06:00:00,0.0,0.02,0.1278615707656514,0.33432011928434235,0.3321124460369078,0.1494495173720381,0.14536443556769668,0.5,1.6844382997155853
2024-08-04 07:00:00,0.0,0.2640756098808276,0.22293828301408286,0.35491257320374797,0.32827710283813727,0.15507738177429717,0.14882274704199666,0.5,2.059769578138358
2024-08-04 08:00:00,0.0,0.02,0.21160509197632277,0.33034858203776646,0.32889063539767704,0.1664354449759614,0.14668322141173679,3.064184796363161,2.004118550229279
2024-08-04 09:00:00,0.0,0.26624994827826504,0.15797832637882228,0.3694876585206622,0.333729977141881,0.15053105004371817,0.15079006790869387,1.3607587512645933,-0.3964910437031425
2024-08-04 10:00:00,0.0,0.1759723411532071,0.2269053886456704,0.3600968188506102,0.3528637987172307,0.16180889049722355,0.1458526427896894,0.5,0.38321141320244567
2024-08-04 11:00:00,0.0,0.02,0.1860891548140679,0.3268023753789309,0.3395967168514086,0.15329046299650428,0.14791250795483254,0.5,0.6074658223988126
2024-08-04 12:00:00,0.0,0.02,0.14026079124549679,0.3567610957748743,0.34196475210613864,0.1590831130059835,0.14916373350516415,0.5,1.4516751871263205
2024-08-04 13:00:00,0.0,0.02,0.011602534126249675,0.3506414886402902,0.34594383271095963,0.16200279461398376,0.15237118353780976,1.978552221428622,3.874419281843688
2024-08-04 14:00:00,0.0,0.02,-0.1094009553914805,0.35923533709246064,0.33780928475124583,0.15947797309874978,0.1545921692907386,0.5,3.509806950907098
2024-08-04 15:00:00,0.0,0.02,0.01517789268831174,0.3456161363448132,0.3498300636316043,0.16009766440388082,0.14905780398719917,2.359521513338859,3.3273004041433754
2024-08-04 16:00:00,0.0,0.3443932468815494,0.08513735258840593,0.3505655848582249,0.34807712147423253,0.1473465388231733,0.14842170873978788,0.8036009566857333,1.4632759513563725
2024-08-04 17:00:00,0.0,0.02,0.06858061280945835,0.33992645345427747,0.3361539256875734,0.1605524180140098,0.1440547679702831,0.5,-1.4494405274887232
2024-08-04 18:00:00,0.0,0.02,0.09697052993598587,0.3434165696029185,0.33260155909904754,0.14836962493631917,0.14560429701296324,0.5,0.3407624552430639
2024-08-04 19:00:00,0.0,0.05707722713607784,0.06151537541647607,0.3535520559249143,0.34586825184153835,0.154659319758497,0.14186061639786895,3.759961417237406,2.0072829594776276
2024-08-04 20:00:00,0.0,0.02,-0.012984345835687881,0.35370849983251645,0.3589721882062462,0.15426879111413846,0.14542423106877966,0.5,2.0789557743084264
2024-08-04 21:00:00,0.0,0.02,-0.055836367367590796,0.34862832468402305,0.35645047105189454,0.1552482510603922,0.14308507590484784,0.5,2.2756003583655007
2024-08-04 22:00:00,0.0,0.02,-0.060404223348565364,0.3451393296161968,0.3453972695701857,0.15397841197426793,0.1454153123539998,2.0217874231511326,1.6649733488547374
2024-08-04 23:00:00,0.0,0.02,-0.03132578108465805,0.34621807383106235,0.33230720268547376,0.14651392036696367,0.14220691250214412,0.5,1.482919688139502
2024-08-05 00:00:00,0.0,0.06136787954092397,-0.019347751183786288,0.3910682142398393,0.3661123711802215,0.14309863381374247,0.14520675686073276,0.5,1.1978708958275286
2024-08-05 01:00:00,0.0,0.04384140340183002,-0.02005207502673661,0.34112181814387504,0.37399786813154123,0.1560539357715686,0.1418841673004549,2.087695956333936,1.4316969288792332
2024-08-05 02:00:00,0.0,0.07717410846945066,0.008197867367990965,0.34573021114989766,0.33758169026873985,0.151557801547682,0.1449882803750362,2.258052860702922,3.0298149187071837
2024-08-05 03:00:00,0.0,0.18188731674711228,0.09780980549019899,0.4072062894845453,0.3732359715029203,0.15696294814310902,0.13969826227818608,1.1166301299242791,3.846520847991117
2024-08-05 04:00:00,0.0,0.12759142959594866,0.22949383181345978,0.36229276249494474,0.38084479695610307,0.1494231227744915,0.1394484731644013,0.5,2.0006975512606395
2024-08-05 05:00:00,0.0,0.025459055579750898,0.14815029790482875,0.3310848853252324,0.34361885906382383,0.1408863054146079,0.13431879472193098,0.5,0.11653193209650908
2024-08-05 06:00:00,0.0,0.02,0.019523166082131727,0.3641294309108035,0.35659851427862443,0.15474077643574763,0.13261524870637076,0.619181632544436,1.0930214567241632
2024-08-05 07:00:00,0.0,0.02,0.007743362485777856,0.33783853951312737,0.34590118047309887,0.14634941469588206,0.13804228577408917,0.5,-0.045031338026648715
2024-08-05 08:00:00,0.0,0.02,-0.03894393711588793,0.36512504546822105,0.34100788265893744,0.15025223000249022,0.1399814779695382,2.809710145797335,0.2992489703143446
2024-08-05 09:00:00,0.0,0.04265586843173847,-0.08434154742352669,0.3494636672390787,0.356902985843056,0.14394495216394207,0.14584238851705023,3.6298300884971217,3.986237162763179
2024-08-05 10:00:00,0.0,0.02,-0.1334300710220085,0.3448921851088035,0.3592282553670525,0.1573259447243843,0.13897203849260115,0.5,1.8782584205153685
2024-08-05 11:00:00,0.0,0.02,-0.11953822637320466,0.3756265973835583,0.36284881434798744,0.14183209518172551,0.13630501636065245,0.7691813295224932,0.7154005096623243
2024-08-05 12:00:00,0.0,0.02,-0.03178507224464645,0.35998514314103325,0.3631199823321605,0.14469917689187056,0.13413327154056784,2.5115461854013836,2.306423087940886
2024-08-05 13:00:00,0.0,0.02,0.0823735245022328,0.3660839644128827,0.3630210602564753,0.14700163824415027,0.13450295652884647,4.128039656409945,2.676215730722351
2024-08-05 14:00:00,0.0,0.02,-0.016144543580546636,0.3580129180439438,0.3460151696456492,0.13943795970037473,0.14068917391128846,3.2910226999482664,3.8358160063727196
2024-08-05 15:00:00,0.0,0.02,-0.09740706641221675,0.34482245499424813,0.3348155539221485,0.1476091932002648,0.14243901469200201,0.5,1.6913938431483202
2024-08-05 16:00:00,0.0,0.02,-0.07641837553495827,0.3606594391550177,0.34357002989243424,0.15493347370347232,0.14404364408205014,0.5,0.2988071262929042
2024-08-05 17:00:00,0.0,0.02,-0.06217839017419491,0.3696273537414115,0.35004140234136394,0.14195608284740846,0.13795042730724716,1.072807223532559,-0.1481572922969333
2024-08-05 18:00:00,0.0,0.02,0.05995461997868004,0.3535101935039079,0.3484108236101333,0.14690746558623213,0.12894060883608593,0.5,-0.6149484041630796
2024-08-05 19:00:00,0.0,0.028666560659784995,0.055023303244624594,0.37897533565277847,0.3650728354745636,0.12767865483413035,0.1296934132945183,3.7785402888814392,2.283109738707792
2024-08-05 20:00:00,0.0,0.07367132306645446,0.024862735974979417,0.366716730882855,0.3710737879267527,0.14358125377957676,0.13003154970675365,3.5458823230692924,3.0604460243189324
2024-08-05 21:00:00,0.0,0.02,0.11576932723532807,0.3546688610977188,0.3502143082746128,0.14157703819447237,0.13311941895988405,0.5,1.7895997373073065
2024-08-05 22:00:00,0.0,0.02,0.11503646634501116,0.3552614208164119,0.3423040806273747,0.13818566806579222,0.13521291610540828,0.5,0.7200437908169786
2024-08-05 23:00:00,0.0,0.05996223912739404,0.02363215859177777,0.35545142063129337,0.3459097740752777,0.1492276148638251,0.13862204374131748,0.5,1.2521003983502073
2024-08-06 00:00:00,0.0,0.02,0.008682876358168567,0.3327205410672197,0.33710458693299994,0.14042460267619583,0.14076494772065948,0.5,1.7638772928871855
2024-08-06 01:00:00,0.0,0.02,-0.014051686278328285,0.3501380399140155,0.34119790185716925,0.14096124468146243,0.1392801008441198,0.5,1.2822761773422302
2024-08-06 02:00:00,0.0,0.1523298173823542,0.06314044658843605,0.36014506168464894,0.35490877667390497,0.13940788708127946,0.13412365052877523,2.3350795545772725,1.9338018989081185
2024-08-06 03:00:00,0.0,0.11847689731629862,0.17799696161193523,0.3494130809679784,0.3394798323630204,0.12981597148859841,0.13384559250504022,0.5,1.1939133473710026
2024-08-06 04:00:00,0.0,0.0873414448474983,0.05712800945707495,0.3595637131365936,0.3341905693193207,0.13417165591192912,0.13255186575714517,0.5,-0.14717600521819152
2024-08-06 05:00:00,0.0,0.1279810565273495,0.044723237760479824,0.35631086039176785,0.34696899175528806,0.1463777265327312,0.13019084471296657,0.5,0.4291298321961535
2024-08-06 06:00:00,0.0,0.02,0.07457562985699354,0.3630945012176261,0.35881068968048874,0.12759993382069007,0.127978553118762,0.5,0.5318850824910025
2024-08-06 07:00:00,0.0,0.17936396757523157,0.1179470492490093,0.36766387998097716,0.3711419155838624,0.13531109651002074,0.1273626675419955,0.5,1.2224746746606878
2024-08-06 08:00:00,0.0,0.06220289855627714,0.18584036905027823,0.3559948136237924,0.3715806331778716,0.1371608957984571,0.13637292352685654,0.5,1.435922415981399
2024-08-06 09:00:00,0.0,0.13366813475145325,0.1603393483947823,0.33568163984662824,0.34896990772856584,0.1496720492996046,0.13962163835712468,0.5,0.8475334378951072
2024-08-06 10:00:00,0.0,0.055209413493963105,0.10022398466214685,0.38004993919992763,0.35464055201321004,0.1434739148935938,0.1396507271659022,0.5,-0.3493738608563439
2024-08-06 11:00:00,0.0,0.02,0.06794579421203753,0.3493607578725774,0.3518055060179796,0.13517211340754545,0.1357714582927778,0.5,0.10443707053185314
2024-08-06 12:00:00,0.0,0.02,0.02239336222768744,0.3502758260457176,0.33527517318467903,0.14599593091113272,0.1340857060833146,0.5,0.7616453427088271
2024-08-06 13:00:00,0.0,0.03952799193705061,-0.08083792639048654,0.3473443862652047,0.33656636843793386,0.1333803316836116,0.13702003509379368,0.5,-0.8270617407768459
2024-08-06 14:00:00,0.0,0.02,-0.196949121803014,0.34416294801016156,0.3306287593430851,0.1435334668625058,0.13409690260247714,0.5,0.9548259414526862
2024-08-06 15:00:00,0.0,0.09177076333704945,-0.10911844697809733,0.3778294666752259,0.3701360935251734,0.1289819073944634,0.13572399555770873,1.6140899628362504,2.872896487694841
2024-08-06 16:00:00,0.0,0.02,0.009568565275270953,0.37227978765693576,0.38605367186447026,0.14323187993356148,0.13209486315698235,0.5,2.337624255518204
2024-08-06 17:00:00,0.0,0.02,-0.0018095981709042135,0.35815502390480963,0.3530906341441924,0.13401355023764355,0.12925564406823886,0.5,1.6172735214392744
2024-08-06 18:00:00,0.0,0.22787878981719759,0.04142362776798138,0.35762247769232713,0.3465632755000682,0.12993820078454568,0.12659943023320563,0.5,0.7610763096028853
2024-08-06 19:00:00,0.0,0.02,-0.010823023580761166,0.3607758926263509,0.3499226876317262,0.13446609148615996,0.1267522323480899,1.7200203450966907,0.7496457597176583
2024-08-06 20:00:00,0.0,0.02,0.01053456774824926,0.3525960775776852,0.3392586056610881,0.1370935958600276,0.12657507832041748,0.5,1.4474545448059633
2024-08-06 21:00:00,0.0,0.02,-0.008598312024224758,0.3486357790762981,0.34905551856854156,0.13212246637159777,0.12827457187554436,2.2278250145561076,2.8168367890264534
2024-08-06 22:00:00,0.0,0.031551480746299106,-0.006052277465224007,0.3571677411557383,0.3634518272311773,0.1380769505983371,0.12321425424456525,0.5,2.1390016423204403
2024-08-06 23:00:00,0.0,0.02,0.01758840009882298,0.3448717566469629,0.3510693668352931,0.13091838318647483,0.1268218190265026,0.5,2.0754872934199646
2024-08-07 00:00:00,0.0,0.02,-0.010111545242401912,0.35527308681119607,0.34139296361607074,0.13780253998582626,0.1254189646926288,0.5,1.9721794519919935
2024-08-07 01:00:00,0.0,0.10639331761350233,0.08935504721558478,0.35827938849570834,0.34399793131045087,0.13639843723040213,0.1271307493793911,0.5,-0.8010615956806255
2024-08-07 02:00:00,0.0,0.02,0.13863531386035033,0.36053316317001344,0.35817067951610393,0.13304520376778944,0.12580934120441015,0.5,-2.0204249487071593
2024-08-07 03:00:00,0.0,0.1070077029825911,0.11379970381686139,0.3459515947795568,0.35585891830644256,0.13042892136660128,0.1249910430163236,3.8447182263670623,-0.67673148425339
2024-08-07 04:00:00,0.0,0.11382296243347054,0.07091656321617497,0.3661389882451315,0.3308428388843424,0.1336537669772866,0.12565999835586614,0.5,0.36943727448379576
2024-08-07 05:00:00,0.0,0.14349843332637377,0.06106975838272482,0.3429335268527575,0.34205618760403,0.13571418335539048,0.13108563858406788,0.5,-0.04466385094822231
2024-08-07 06:00:00,0.0,0.03436491939016483,0.09512061942652836,0.3436463304101936,0.35067497558010685,0.14445242416133497,0.1306104363403312,0.5,0.8324652932536869
2024-08-07 07:00:00,0.0,0.4058547911972728,0.1940715387598311,0.35630369958633584,0.344734202814549,0.13738794770262205,0.13732351643973323,0.5,0.9951932819408962
2024-08-07 08:00:00,0.0,0.1416994881512781,0.2053240393382323,0.3403859461757911,0.3485649300469356,0.13727798630779844,0.13761162650765607,0.5,1.1238103995043307
2024-08-07 09:00:00,0.0,0.0513596835995838,0.06533963396320858,0.36825575382006925,0.3551297354424582,0.14962456466154284,0.13567711907706126,0.5,1.1826110938056096
2024-08-07 10:00:00,0.0,0.02,0.010111472619976376,0.3369533357082976,0.3514159043600134,0.13386150862425727,0.12788364958757603,0.5,0.5187314069997546
2024-08-07 11:00:00,0.0,0.02,-0.036252215628417093,0.34100537779004453,0.3327829630893022,0.1333467044371113,0.12554136658332732,0.5,0.020805241694735077
2024-08-07 12:00:00,0.0,0.1711592372280047,-0.05044469363610618,0.376282007996024,0.34011513151561357,0.1343368367067479,0.12384837437047926,0.5,1.1480588691114928
2024-08-07 13:00:00,0.0,0.2006148205858576,0.11356444419819287,0.34983451203312416,0.34864748651926514,0.12373366852963642,0.12100972897026759,0.5,0.3848833310558546
2024-08-07 14:00:00,0.0,0.16864949205282864,0.2531522614458581,0.3545466604044871,0.354009096752041,0.1267995859156655,0.11780616290141234,1.4336013645962995,-0.07147936060183702
2024-08-07 15:00:00,0.0,0.08184870813678988,0.07996420129139478,0.3391042302944699,0.34320450722443985,0.1261023226446886,0.12064231358761461,0.5,1.008387707261172
2024-08-07 16:00:00,0.0,0.02,-0.021816740736322317,0.3639833909654849,0.33485179985564056,0.13270217376254786,0.12488310491297049,0.5,0.9520833086042138
2024-08-07 17:00:00,0.0,0.04155571617902193,0.10242919827730576,0.36527814270731745,0.35883760002568854,0.12744940130115523,0.1259681180131234,0.6723043895461971,1.1620678289447264
2024-08-07 18:00:00,0.0,0.02,0.11377844256911111,0.3625733114129963,0.3597741539421462,0.12900255310564204,0.12788039046836622,0.5,0.5435791154338445
2024-08-07 19:00:00,0.0,0.02,0.02834204340431284,0.3595520702740537,0.34719035554942745,0.13437750724230504,0.13303713494436728,0.7385631273555789,0.37820506275678295
2024-08-07 20:00:00,0.0,0.02,-0.04862832742134121,0.3525929595164367,0.34282454941707546,0.13271205200483555,0.1268402139430351,0.5,1.4858952215696624
2024-08-07 21:00:00,0.0,0.050409565001605296,-0.009012480276760656,0.3451131595883398,0.3378518345995106,0.1262439886854317,0.1210018391955272,1.9401558967342583,2.2682834146124
2024-08-07 22:00:00,0.0,0.09965525181769648,0.08914456065879521,0.34274176296169534,0.325841487743062,0.12287630833565068,0.1159137039877119,0.9549160330379868,2.9441196281915096
2024-08-07 23:00:00,0.0,0.05512701555703625,0.09217163704319699,0.37253411064958536,0.33637675707164294,0.13339068660954684,0.1253664818374523,0.5,2.4802390021867367
2024-08-08 00:00:00,0.0,0.06379031828913,0.053399092300384206,0.36502611877990415,0.3580755594011794,0.13090593770953785,0.128512296898766,2.4643690117333668,1.6343877114780394
2024-08-08 01:00:00,0.0,0.02,-0.022542908500932664,0.34108955944313823,0.34730608670473195,0.11630939323774618,0.12854005234622942,0.5,1.3003284782924602
2024-08-08 02:00:00,0.0,0.02,-0.013618171640695276,0.3520865993744916,0.34655735143552985,0.12375314317870001,0.12096982408999503,0.5,0.8071359518645923
2024-08-08 03:00:00,0.0,0.02,0.06405713928611878,0.3469873964563694,0.3591324216141065,0.12631107941721992,0.12026544558243064,2.903704892022016,1.5872315304567695
2024-08-08 04:00:00,0.0,0.02,0.052963830993759786,0.33456596226555835,0.352709293069456,0.12967766998123276,0.11806389790751431,3.8869700801108684,2.851077807752186
2024-08-08 05:00:00,0.0,0.10578082714122732,0.07653159927657109,0.35785830789227235,0.3524658588214514,0.13015278891894894,0.11801312008061603,0.5,2.193753408329814
2024-08-08 06:00:00,0.0,0.02,0.15045296739079278,0.34525673288755665,0.34771564666039695,0.12608388550648986,0.12168751138945089,0.5,0.7387077706984064
2024-08-08 07:00:00,0.0,0.12160352221722504,0.12135044167288099,0.341477857189617,0.3304956579933162,0.12758098356384157,0.12094835146907044,2.438891102562998,1.9273790208312906
2024-08-08 08:00:00,0.0,0.1481571539118326,0.1635518632286914,0.3344995294303519,0.32624582084585396,0.12414414544401815,0.12017112656270387,0.5,1.9887767655662696
2024-08-08 09:00:00,0.0,0.02,0.10884267248202378,0.32803207034805953,0.3269361639055526,0.1194068161890915,0.11682618199114968,1.2699977637675646,1.2329586455840547
2024-08-08 10:00:00,0.0,0.07958733134663527,0.06699636722417432,0.34862417824775566,0.33865334872286923,0.12157371515613191,0.1136064926825391,1.776691791421614,2.7691160608674252
2024-08-08 11:00:00,0.0,0.02,0.1653659681892934,0.35021269829477086,0.34970253694332204,0.12294739536846415,0.11485965855792371,0.5,2.6678083723764883
2024-08-08 12:00:00,0.0,0.02,0.06639581733393306,0.33835961069870985,0.33903474836165737,0.1223182891278904,0.10772855819851707,0.9018386885583434,3.084511944632988
2024-08-08 13:00:00,0.0,0.02,0.08777559253294756,0.361250214266003,0.34540371519357715,0.11090661128977111,0.10938106419394168,0.5,2.786338018539699
2024-08-08 14:00:00,0.0,0.02,0.12587994704034616,0.3505059247244002,0.35962340429687134,0.11952959858506428,0.10798496791457672,0.5,1.2790117608168379
2024-08-08 15:00:00,0.0,0.02,-0.0010318277197239184,0.36014240251012436,0.35964258102535424,0.12194694626668917,0.11166989873161101,0.5,0.658291267264395
2024-08-08 16:00:00,0.0,0.22188572957523506,0.054622184202712545,0.356308557311877,0.35471695236656153,0.11961746811584968,0.11270731352347363,0.5,1.0117920375492981
2024-08-08 17:00:00,0.0,0.02,0.15512392156507349,0.339682358323038,0.33444839634382206,0.11952148107404617,0.11485655388870751,1.971253582103268,1.7236359455822097
2024-08-08 18:00:00,0.0,0.02844453624457653,0.1262627282096624,0.35365111794306636,0.32819823968649425,0.12362786601232542,0.11388438413143805,2.0532196255589192,1.7008266189618526
2024-08-08 19:00:00,0.0,0.02,0.016722592835365264,0.33254900517086977,0.3256329497617191,0.11392442487073735,0.11125441874373243,1.596179023893196,1.8756768156549732
2024-08-08 20:00:00,0.0,0.09383592454585085,-0.004711380236024666,0.3628387489019053,0.33680436943801073,0.11032891928933933,0.1071941904488096,1.0963985705706156,1.4209611010291243
2024-08-08 21:00:00,0.0,0.02343737967024287,0.06003219942199814,0.33761998109270036,0.346485133950751,0.11770791089659395,0.11222376570950095,0.8933974796165137,1.112952983884639
2024-08-08 22:00:00,0.0,0.03677132190167408,0.013967035596638904,0.3661246900110914,0.33805902811232,0.1240821237505207,0.1171041067512775,0.6314825954938237,-0.09949590918208573
2024-08-08 23:00:00,0.0,0.02,0.12001546217631662,0.3464122866575159,0.33620688005643484,0.12932401196113602,0.11974365351473207,0.8773157118032308,-0.13652334593099086
2024-08-09 00:00:00,0.0,0.02,0.14895317333900226,0.3674271255957933,0.3467893753212659,0.1235934664244741,0.11225205988912236,1.0196233211126242,1.911345491011373
2024-08-09 01:00:00,0.0,0.11579939417080043,0.07438738410086662,0.3387188979496905,0.34066089282144285,0.10979386268821781,0.10823901345876442,0.5,2.324347321682594
2024-08-09 02:00:00,0.0,0.2212457266073068,0.21975030368474496,0.3488660840485471,0.33274681667291195,0.1169127331980517,0.11166345450488832,0.5,-0.18525900909918702
2024-08-09 03:00:00,0.0,0.07001130673766653,0.18239590812660234,0.35952498226068996,0.3464536955317659,0.11955097557921572,0.11598147711803111,0.5,0.3172261370887428
2024-08-09 04:00:00,0.0,0.02,0.07572118190332384,0.3690465792525459,0.3493578306429441,0.11878168807103628,0.11536510920477751,2.3463664114912177,1.5065797629540794
2024-08-09 05:00:00,0.0,0.05757632465550677,0.004570490047309944,0.3782902329178866,0.3606790753038489,0.12065767833372824,0.11094396910979398,3.562648875891613,2.6705313018293944
2024-08-09 06:00:00,0.0,0.30879664532051315,0.07143838186195409,0.3622192764758179,0.36404155515629577,0.11162600270976626,0.10963227449009623,0.5,2.9547898179440875
2024-08-09 07:00:00,0.0,0.029194439246328127,0.19352749907921862,0.3795437602431413,0.3592428704107071,0.11722513417286395,0.1119827616577583,3.321706953647467,2.7394261731994125
2024-08-09 08:00:00,0.0,0.1905763476934601,0.23744235322067328,0.3537312822551795,0.35129137297467666,0.11906532393709737,0.11197706545018457,0.630181348422103,3.840890984512465
2024-08-09 09:00:00,0.0,0.02,0.1418693408366653,0.3679706371865892,0.35354093267254144,0.12120605421086646,0.11354532340427248,2.1480735156510735,2.130974888855471
2024-08-09 10:00:00,0.0,0.02,-0.06377586746123207,0.33735640789675503,0.342433127164614,0.11112708942014014,0.11006031054340948,1.0849429200460814,1.351706838436908
2024-08-09 11:00:00,0.0,0.07887715802435971,0.03178722277039281,0.36047046791062826,0.32602043325155905,0.11360055372030997,0.10706386365744415,3.161015932319531,3.5003992889719413
2024-08-09 12:00:00,0.0,0.04767939699154405,0.058537277677842676,0.3177315771299484,0.3117966138631194,0.0991594101060179,0.10247940025922586,0.5094824242742872,2.225472752958294
2024-08-09 13:00:00,0.0,0.02,-0.011789922791252247,0.33466525767634775,0.30664190712699213,0.11136508859052516,0.10245854226159448,0.5,-0.6348005214544293
2024-08-09 14:00:00,0.0,0.02,0.04977135534908819,0.35848927482235604,0.3278405970171948,0.11165963638717558,0.10539875460680723,0.5,-0.354352895429943
2024-08-09 15:00:00,0.0,0.10621975970155437,0.07776861573156038,0.33552310884472697,0.3286812022006482,0.10840160338163468,0.10906026132811353,1.2864067747649517,0.8732203953287638
2024-08-09 16:00:00,0.0,0.1278306529517896,-0.012078971726939738,0.36239021072779054,0.34848502568736717,0.11522648555595864,0.11480906642523428,0.5,-0.02541059282205027
2024-08-09 17:00:00,0.0,0.16455352501457188,-0.021665375132376215,0.37083103704145476,0.3595300356922957,0.11361155803065473,0.10883590013227905,1.7487422467957863,0.37414691400550204
2024-08-09 18:00:00,0.0,0.19897165799034414,0.11157150867160179,0.35082183715535964,0.3421993831730471,0.10010707928090337,0.10883725897582498,0.5,0.3758185397776821
2024-08-09 19:00:00,0.0,0.02,0.013418390158691548,0.3369548285160316,0.346733211064401,0.11467125445581365,0.10617107069215721,0.5,0.3799552672493758
2024-08-09 20:00:00,0.0,0.02,-0.08864917828851027,0.3443763236133235,0.34773221006260785,0.10752481633866895,0.10864316582254108,0.5,1.9176781231180557
2024-08-09 21:00:00,0.0,0.1497445439826517,-0.0022216151174709008,0.34225299198880715,0.33531754678684045,0.1157261579757377,0.10173016455146272,0.5,2.4135253601805817
2024-08-09 22:00:00,0.0,0.07681831382219054,0.12216182913752636,0.35256740381757107,0.3359247176215435,0.10483888667367114,0.09788665269961401,0.5610099544320419,2.5663356046878456
2024-08-09 23:00:00,0.0,0.02,0.2371625531284149,0.3530204822244658,0.34596176763175823,0.11242870840582866,0.10080770877993692,0.5,0.7920153460825685
2024-08-10 00:00:00,0.0,0.02,0.07472727462118021,0.34689897100469247,0.3543114998099535,0.11026906752838737,0.10361699413766638,0.5,-0.4107500690709246
2024-08-10 01:00:00,0.0,0.06356095745205179,0.000413362770311565,0.37865985492527005,0.3610622169927229,0.11350673869265414,0.10631582472364898,0.5,0.024171138288158978
2024-08-10 02:00:00,0.0,0.02,0.005303031287572382,0.34069806555584,0.34331588185258854,0.11215709073040286,0.10552976160169895,0.5,0.6389123756799899
2024-08-10 03:00:00,0.0,0.02,-0.04410596670256817,0.37236062053997426,0.33515412472074624,0.10959939974670482,0.10900696493603323,2.5357228374209684,2.3575719363822185
2024-08-10 04:00:00,0.0,0.14385944833145106,0.15409758901165277,0.34092192462166204,0.34042760583725595,0.10163492495057601,0.10658583658961257,0.5,1.638877354080639
2024-08-10 05:00:00,0.0,0.10798815935826278,0.18885920493713237,0.35636627089660483,0.33246109138906554,0.10171217965698819,0.10536987131428714,1.6847522366663767,1.9050296029914335
2024-08-10 06:00:00,0.0,0.17708478981021178,0.10048154337394596,0.3753901111652487,0.34588029447834623,0.10679566723460668,0.10670826378389595,6.388315901166143,6.447031314797727
2024-08-10 07:00:00,0.0,0.02,0.034059244189807075,0.36845948013494434,0.3547638041589013,0.10997356209340958,0.10708855171626964,3.0737919710582338,5.323117564856185
2024-08-10 08:00:00,0.0,0.04556319463277195,0.04194837332143633,0.3464574637290484,0.34987210902037097,0.10609869561029994,0.10748272265751198,0.5,2.962267624243867
2024-08-10 09:00:00,0.0,0.09573699135842953,-0.037393926130221064,0.363145167154843,0.3496804466085428,0.11322508441873771,0.10169735602705897,1.9796038662197235,1.9821272669199872
2024-08-10 10:00:00,0.0,0.02,-0.12922862888962328,0.35780680910610796,0.3511557680591769,0.10752480278790268,0.09854000136755516,0.5,0.708342380742074
2024-08-10 11:00:00,0.0,0.02,-0.005054170783353986,0.34339003517225347,0.3349410899657427,0.10313705163373778,0.09739811840453577,0.5,-0.38470500932354046
2024-08-10 12:00:00,0.0,0.02,-0.015968171199318655,0.3607283719083657,0.33477427237192786,0.10698623240453135,0.10074053126493204,0.5,0.928078563785405
2024-08-10 13:00:00,0.0,0.02,0.029503408894012654,0.3794265054319302,0.354765660033617,0.10973833215495199,0.09980854517777771,0.858444078701463,0.8005315597234364
2024-08-10 14:00:00,0.0,0.18659247624328804,0.20337269432495514,0.3650248052221326,0.353519386764439,0.11006152351715756,0.10330159096772612,2.7337171139553447,-0.7747627245404953
2024-08-10 15:00:00,0.0,0.23033635988902368,0.191501409660653,0.3678049217725924,0.368334231219384,0.1191122094581583,0.1010457097553715,0.5,-0.13380936487176642
2024-08-10 16:00:00,0.0,0.02,0.15536032341079647,0.3615714475241552,0.37479592992579547,0.10355887378951352,0.10539496129227204,0.5,1.0220884540919664
2024-08-10 17:00:00,0.0,0.04628316809917045,0.06562558641491253,0.3308793440621774,0.34273855706058776,0.1068625270354178,0.10606339373309487,0.5,2.2937348486040374
2024-08-10 18:00:00,0.0,0.04955574225707782,0.03970254493371858,0.3598442583363769,0.35549629393220583,0.10959188418836437,0.10735218342462721,0.5,1.3335164114463938
2024-08-10 19:00:00,0.0,0.029611390621711118,0.11027939489035003,0.3367473271858479,0.3536392970513049,0.1066270149009743,0.10336884317024514,0.5,1.3847814715171216
2024-08-10 20:00:00,0.0,0.03272211160248014,0.012506911898714647,0.343305910774868,0.33336623027504164,0.10349692489860683,0.09245963199180282,0.5,1.1948099891649169
2024-08-10 21:00:00,0.0,0.02407473162339452,-0.01813533079654627,0.3841404384281428,0.35278906996243875,0.09693883913203695,0.09227960203790572,0.6148238610023807,0.7718089060386014
2024-08-10 22:00:00,0.0,0.19375841449677017,0.08339617327841228,0.35437825402139544,0.3497375386284043,0.10290378888030906,0.09101515051487233,0.8678007148147131,2.359122683724958
2024-08-10 23:00:00,0.0,0.12776664843487176,0.16452414655055392,0.34488110699094804,0.33168829312705256,0.0992616597677338,0.09579448389596039,0.5,1.769687699354067
2024-08-11 00:00:00,0.0,0.02,0.036006116691308196,0.36877786153466546,0.34172249362996127,0.09507997447168783,0.09642054907502473,1.4194878540672906,0.0956050719390256
2024-08-11 01:00:00,0.0,0.10001586299496024,0.00044297016856244265,0.34076461967931154,0.34813620784443855,0.10040194247201091,0.09487008383452943,2.3460936216698554,1.5405537313921602
2024-08-11 02:00:00,0.0,0.1158348049413737,0.05434900958485453,0.3488482333259896,0.335020904992958,0.09863052515863062,0.09839722210693978,1.6512775869208933,2.8552760279096665
2024-08-11 03:00:00,0.0,0.05017044312897891,-0.018856574809987543,0.37170398814665484,0.35633583743430686,0.10815351206627896,0.10059991561324477,0.5,1.695980656736125
2024-08-11 04:00:00,0.0,0.1509263690265555,-0.004186655987232085,0.35742154751969246,0.35896300971791856,0.10799571683702074,0.10574977565503005,0.5362820542255805,1.380188370275523
2024-08-11 05:00:00,0.0,0.03947258607594285,-0.006116023010506386,0.32905563341231225,0.33355938094364546,0.0987049171605184,0.09859183103152261,0.5,1.1308228715724904
2024-08-11 06:00:00,0.0,0.041556126529150084,-0.03924806601513038,0.36073696234532243,0.3435032268581977,0.10230650063237991,0.08936370462743892,0.5,0.41302949867998384
2024-08-11 07:00:00,0.0,0.03145256732130386,0.03598871180643977,0.34614423361365315,0.340982026016231,0.09245874676204403,0.08529838122339527,0.5,0.8736967137176813
2024-08-11 08:00:00,0.0,0.02,0.05258803184949061,0.37458689514909826,0.3383269775327993,0.10038314252678628,0.09154769382153428,2.7034049038628494,2.0415558511041083
2024-08-11 09:00:00,0.0,0.02,0.12413275654193066,0.34239631863663256,0.3457204880812853,0.10548470067652682,0.09894956334876209,1.6663579803594675,3.583034215213969
2024-08-11 10:00:00,0.0,0.02,0.0075745881470366955,0.3672575124570335,0.35041515589417394,0.10778270958681659,0.09545167044565701,2.4426394366368167,3.525709084253591
2024-08-11 11:00:00,0.0,0.02,-0.06767560237528643,0.3781245933366303,0.37605481473940705,0.09829771705336125,0.09480243722397994,2.2299782848283414,2.2579988565947393
2024-08-11 12:00:00,0.0,0.17208219416874282,0.11685188331168293,0.34471685728990076,0.35997877570890885,0.10863068870781549,0.0908715953883533,0.5,1.4678134036947057
2024-08-11 13:00:00,0.0,0.05597556893484079,0.1515985152685022,0.35032403752222274,0.33598585162004946,0.09296960911670792,0.095300643419463,0.5,1.7014660334089102
2024-08-11 14:00:00,0.0,0.02,0.11341694048304915,0.35731850196331133,0.3381951568317594,0.09432283444931153,0.09529945323525275,3.6789819356881206,3.3989484990759307
2024-08-11 15:00:00,0.0,0.02,0.046953672708761586,0.338628936562832,0.3363666783725382,0.1058120509348911,0.09879953256611737,0.5,3.1669138837902127
2024-08-11 16:00:00,0.0,0.02038490558922091,0.019949463494056456,0.3555649896939198,0.3389638351241685,0.11132692191309067,0.09946220555585164,0.5,-0.1513940578808448
2024-08-11 17:00:00,0.0,0.10206862923804298,0.030757841220722903,0.35168243060028104,0.3417098420844271,0.10400753598445908,0.0974647037468678,2.308545340506688,-1.8668168075643332
2024-08-11 18:00:00,0.0,0.02,0.05262278918763031,0.3478131092772441,0.3391462988479469,0.10055227237601445,0.09068895589324298,0.5,0.3518349381433936
2024-08-11 19:00:00,0.0,0.02,-0.04387980363841233,0.3522231987417663,0.34436415565048806,0.08737123839934724,0.08900193837285919,3.183844555773662,3.110072218186573
2024-08-11 20:00:00,0.0,0.08901253529591258,-0.002285907322799541,0.3556319280852058,0.34536068694502886,0.08815630269002342,0.09051305440784863,0.6705639531897307,2.1531048399034107
2024-08-11 21:00:00,0.0,0.02,0.09049922307153001,0.3539473343872852,0.3382593482340466,0.10081671478509381,0.09384319934550231,0.5,1.0906946748374606
2024-08-11 22:00:00,0.0,0.02,-0.006131774103359945,0.3425067276692928,0.3378269788669612,0.09764178090238225,0.09631122285419896,3.226215593844648,3.8560721310515285
2024-08-11 23:00:00,0.0,0.02,-0.016599761863890755,0.3431615469858983,0.31904211373724234,0.09290567043459709,0.09380887364565962,0.5,4.431446641504532
2024-08-12 00:00:00,0.0,0.02,-0.00020647170175535148,0.34971030901877215,0.31634504727701357,0.09968502530867132,0.09141385333319434,0.5,2.3726013909186943
2024-08-12 01:00:00,0.0,0.02,0.07628537629460602,0.35081775823260763,0.33132777078025905,0.09973438845417865,0.09384935916685151,0.5,0.5323959519754514
2024-08-12 02:00:00,0.0,0.025264952624874604,0.2484707407332024,0.34519164097876165,0.3399642791568047,0.10446248645975059,0.094751454593829,0.5,-0.8428131486420158
2024-08-12 03:00:00,0.0,0.24320963512149085,0.3527441621330588,0.36455623346588445,0.35093091549183064,0.0993686149684639,0.10051986410376704,2.45643426767862,-1.119119413125758
2024-08-12 04:00:00,0.0,0.02,0.1602523201293936,0.3242676966210166,0.33013618461554695,0.10567299497721803,0.09501724055734234,0.5,-0.006875991641921098
2024-08-12 05:00:00,0.0,0.05190902305135134,0.03806272358815587,0.3420880262803856,0.32152556117276127,0.09810483637258659,0.09763167467207098,1.9786882487820805,2.5636533905020107
2024-08-12 06:00:00,0.0,0.2568695702090935,0.2147587779518237,0.35590390052080667,0.3367560907966727,0.09711972004596146,0.09751245484304585,1.487523889669029,3.4750963242710657
2024-08-12 07:00:00,0.0,0.02,0.12155172894681898,0.33864739504568553,0.33295290871673755,0.10395307380725156,0.0973521818864648,1.2963610753359358,2.806480517456974
2024-08-12 08:00:00,0.0,0.23291648643770452,0.013240036695672752,0.3838256486366018,0.35073361883057397,0.09145263740779544,0.09725139442220554,0.5,1.2649733179981313
2024-08-12 09:00:00,0.0,0.02,0.05633402637219433,0.3517720505520189,0.35702209705954824,0.1139666592009209,0.09643948493685829,0.5,-0.10267545610996619
2024-08-12 10:00:00,0.0,0.222577547103791,0.15475015526101904,0.3617249240348185,0.3430789762777068,0.09908881941412105,0.09717141450572647,0.7410192532576247,-0.5259527188631283
2024-08-12 11:00:00,0.0,0.09455346828285302,0.11344494370982931,0.3475259100021648,0.3374781562541478,0.09888015687578387,0.09897083123924214,2.1041989526606604,0.5519112769886592
2024-08-12 12:00:00,0.0,0.036853003509891104,-0.05296887117920722,0.3521184343353228,0.32844279155130296,0.09950426924919653,0.09822255740693221,0.5,0.3161810232065133
2024-08-12 13:00:00,0.0,0.02,0.020132972267342255,0.33326032088660357,0.32790595149071855,0.1073756280238374,0.10442220281701806,0.5,1.0945022488897105
2024-08-12 14:00:00,0.0,0.02,0.05009876611304933,0.3489418673097185,0.3351180922840618,0.10062757161895357,0.09524146672880775,0.5,0.8348660095543889
2024-08-12 15:00:00,0.0,0.02,0.09227986169347878,0.3374339964222082,0.3282220846971915,0.0860025099570221,0.09849814568463955,0.5,-0.7275398639638592
2024-08-12 16:00:00,0.0,0.09252793051617517,0.054765090661219464,0.35053640165656,0.3317202628920203,0.10381458602507306,0.09119928450364537,0.5,-1.2346173522560777
2024-08-12 17:00:00,0.0,0.02,0.10155965630374247,0.31309037435660714,0.3329938010256591,0.09310989983050676,0.09464210297896533,0.5,-0.8397308417062473
2024-08-12 18:00:00,0.0,0.02,0.0600886244939938,0.3345690747244917,0.32649023182019643,0.09556032154594486,0.08775012767089264,0.5,0.7073369212327478
2024-08-12 19:00:00,0.0,0.02,-0.158977808119892,0.3734480189188596,0.35315981103607075,0.08700457379808506,0.09197056772827951,0.5,0.1846607492826643
2024-08-12 20:00:00,0.0,0.10394174906373807,-0.04435404749489729,0.3675816351117957,0.36724429827713734,0.0976006094958022,0.09246308586906876,0.8146461245652554,-0.41114592494087415
2024-08-12 21:00:00,0.0,0.134645005941218,0.05592669741273539,0.376009319680893,0.37980503360803597,0.09029904315318588,0.09228281251588286,1.4447798954898903,0.3221919371120787
2024-08-12 22:00:00,0.0,0.02,0.016264775763975697,0.37230494189620844,0.3764783851118317,0.09457278849931806,0.08935939190286632,4.148447679184445,2.206404171704989
2024-08-12 23:00:00,0.0,0.02,0.013755872850022713,0.36158393421361174,0.3500544929309911,0.09203224721251414,0.09434135097329768,1.613094096255274,2.1743846945028213
2024-08-13 00:00:00,0.0,0.04552307036005279,0.01827087303634068,0.3459664779310252,0.32980609282191664,0.10505257595198225,0.09726972051082661,3.411575709419011,3.828093838319321
2024-08-13 01:00:00,0.0,0.1878331810601651,0.061151841597885045,0.3424301409854208,0.33726723431329075,0.10516230469458676,0.09865256252453923,0.5,3.5499495090942226
2024-08-13 02:00:00,0.0,0.14626883699750687,0.14138468376808766,0.3738236678706572,0.37067862585535194,0.09331465005776739,0.09194811876670027,0.5,1.0360355390932816
2024-08-13 03:00:00,0.0,0.02,0.08632320341591815,0.35245764246695543,0.35949040454534154,0.09318684837710088,0.08905874984642602,0.5,0.5267219458348302
2024-08-13 04:00:00,0.0,0.02,0.058696387799379704,0.3888994650968732,0.3518707451634716,0.09033031685551844,0.08988105847953277,1.8232191081309075,0.09743919075358265
2024-08-13 05:00:00,0.0,0.02,0.06554463091132284,0.3460126532109833,0.3523292426329756,0.09897558496599822,0.08777339905905018,1.493801503552601,0.919719150215888
2024-08-13 06:00:00,0.0,0.02,-0.03787098376974481,0.3810825606728518,0.3602240593830004,0.09013517912693879,0.09030915036291487,2.5652631973036066,3.900653171926991
2024-08-13 07:00:00,11.085533483834656,4.400853863214417,2.009285797991886,0.4327248439032374,0.39675974147512555,0.1012502095143058,0.10225107039496659,25.72057842909784,15.124115895628094
2024-08-13 08:00:00,25.885242924432873,13.979329004032705,8.812207600016642,0.572469750516715,0.47101143173672166,0.13618803814772082,0.11846340303742547,150.42492047768903,83.19988357078009
2024-08-13 09:00:00,10.64326758384926,13.82456096764519,13.39891899113739,0.5761962105833034,0.5617543587268488,0.13685463664523853,0.13428338760074152,146.29348738466177,139.677519941649
2024-08-13 10:00:00,0.0,9.142944712680192,10.996798180849279,0.4818777131944408,0.5312194013844326,0.1395076899324044,0.1340149874134271,80.07109829417017,103.97714799761485
2024-08-13 11:00:00,0.0,6.126184871831037,7.3567680564528,0.45175618194338435,0.46021406038429047,0.12989701989968191,0.13683566380652037,50.04333564400178,58.57793012255043
2024-08-13 12:00:00,0.0,4.08740581485053,4.885974050096399,0.4149956679734514,0.42447074656372724,0.14326156444801502,0.13560306784212312,28.4557480565691,38.324270063007134
2024-08-13 13:00:00,0.0,2.693441248262009,3.267046567936501,0.390420104164367,0.39460697031436354,0.15033403295642406,0.13599248948665432,16.8022189100854,23.742640265923747
2024-08-13 14:00:00,0.0,1.876338021006464,2.2926535440969977,0.40489514848578834,0.381823317535538,0.14266946147982826,0.1404737261450324,11.920566102466893,15.346206122547256
2024-08-13 15:00:00,0.0,0.9257748246355549,1.363417361382087,0.3734769167523413,0.365714809135,0.14676704897520576,0.13433868381703307,4.688278926891114,8.87393642675416
2024-08-13 16:00:00,0.0,0.8853867244429527,0.8235773419497596,0.3763423720201727,0.3614972368269611,0.13257465051793316,0.13496145099636925,0.5,0.2852249825416957
2024-08-13 17:00:00,0.0,0.4453108792415181,0.6312033067747438,0.373607135502345,0.3529809616207228,0.13872508086882887,0.1268239195054668,1.1087543651891285,-2.013100025406017
2024-08-13 18:00:00,0.0,0.3996794588321367,0.4474711869339629,0.33621398681580494,0.33095225665097033,0.13130490779250167,0.12907245768352432,0.5,0.1899846664346473
2024-08-13 19:00:00,0.0,0.02,0.16888461898726034,0.3707906129105004,0.34101815276154523,0.13525486439688317,0.1275354148168925,1.384391844591473,1.397143848231671
2024-08-13 20:00:00,0.0,0.03335596025794183,0.0015373654405121638,0.3469490236723779,0.34625581503873604,0.14091317289031033,0.1269099557118796,2.9783496571010852,2.2409660402854645
2024-08-13 21:00:00,0.0,0.02,-0.04829707519441675,0.35947514244471246,0.339612360826512,0.1365501279447496,0.12385653280156957,0.5,1.2092427909400738
2024-08-13 22:00:00,0.0,0.1299401244998107,-0.09325963902926766,0.36537059304493524,0.3444428765167752,0.12712351011985717,0.12013979821094486,0.5,0.7995733394935403
2024-08-13 23:00:00,0.0,0.02,-0.06512967052235256,0.3720510712626022,0.3429542295252057,0.12737018323159932,0.12121539759230487,0.5,0.8226952102418259
2024-08-14 00:00:00,0.0,0.02,-0.019152940884568218,0.3499162620343991,0.34225634983031555,0.12663522338121916,0.12559709955980447,0.5,0.31717615692939055
2024-08-14 01:00:00,0.0,0.02,0.03669344729017912,0.31963456096550064,0.3258085399861781,0.13753361699237596,0.13208725872634453,0.8874505276354218,1.0573926772001618
2024-08-14 02:00:00,0.0,0.06940952530499235,0.09560496219774986,0.35464327798155665,0.31899515220597446,0.14663180641304657,0.1345544286967998,0.5,0.5163372263802319
2024-08-14 03:00:00,0.0,0.10564035304549929,0.091261136730172,0.3581989665978404,0.3399905265523363,0.1420875675651101,0.13103828849392796,1.5723450912639154,-0.021691912444852635
2024-08-14 04:00:00,0.0,0.16961587366719846,0.1160955412579403,0.34188653324284884,0.3402472232288227,0.12220212486097967,0.12985239108163382,2.620147874588569,0.9319557696723528
2024-08-14 05:00:00,0.0,0.02,0.11490875519606068,0.3537014826676387,0.33491110688390896,0.14177054659413513,0.13031212103043185,2.335056344209281,3.495889748052414
2024-08-14 06:00:00,0.0,0.12876717828265483,0.019231910521135775,0.35060355124199666,0.32799334351708465,0.13852938324039005,0.12678486705477754,0.5,3.7270023112379205
2024-08-14 07:00:00,0.0,0.18021189245730507,0.12181348357211008,0.33760323057603037,0.3270001452801998,0.12330690361328386,0.12621357963874275,3.3259373092916675,3.512111685624192
2024-08-14 08:00:00,0.0,0.02,0.11296745251894862,0.36156139627628386,0.3378906367371219,0.1304280468279773,0.12437912947003837,3.100113693657901,3.2202360929979266
2024-08-14 09:00:00,0.0,0.08585575908257914,0.016530562655978027,0.345985167039105,0.3382640381863024,0.13848977285589453,0.13050478653652908,3.4133274994192706,1.295021859339061
2024-08-14 10:00:00,0.0,0.12377135045361234,0.07220832922021941,0.34974714013738256,0.33504737677057717,0.13488944785656107,0.12454462568759367,0.5,1.5741345339592805
2024-08-14 11:00:00,0.0,0.02,0.06528065435511016,0.34455044014183833,0.3316352494103757,0.12340330935964706,0.12086933262149463,0.5,2.073009180966852
2024-08-14 12:00:00,0.0,0.02,0.005219077277255276,0.3700213018131068,0.35329240591922473,0.1345941879095672,0.11219608849393597,0.5,1.3056129897059974
2024-08-14 13:00:00,0.0,0.10862535744386556,0.03400492476013777,0.3546841903726194,0.36375974434195407,0.11777740706086956,0.11381505916274298,0.5,0.28536727127927314
2024-08-14 14:00:00,0.0,0.02,-0.02355809875866899,0.3526756201593319,0.3551615364221493,0.12893897155621645,0.11813981602528478,0.5,-0.9955876334547942
2024-08-14 15:00:00,0.0,0.02,-0.042129156149938264,0.3448795805353486,0.34916949058447033,0.13677795546563312,0.12334935557232915,1.801850794047692,0.6092382069052871
2024-08-14 16:00:00,0.0,0.02,-0.017017447891327114,0.35843212518496814,0.3475752868652887,0.12973570460553768,0.1209421296020377,2.7651346214912222,3.798445563609897
2024-08-14 17:00:00,0.0,0.06896086424442135,-0.04805062334185198,0.37400776342944053,0.34912069314851907,0.1263076506640578,0.11716596788044664,0.5,1.946777690523629
2024-08-14 18:00:00,0.0,0.02,-0.019949896860911608,0.3612070351134422,0.3461928377243704,0.13431410029655402,0.11983361474133883,0.5,-0.6813536233846541
2024-08-14 19:00:00,0.0,0.02,0.044046335003478564,0.36179212727116744,0.34956898768939854,0.13450408860750462,0.12538012851124347,0.5,0.8547698594153441
2024-08-14 20:00:00,0.0,0.02,0.06536200259315797,0.3605825759394098,0.3585113904977819,0.13619417692989438,0.12660535347126373,0.5,0.9513579696922569
2024-08-14 21:00:00,0.0,0.10839248864360539,0.04492972571449642,0.3345857726655932,0.34354676707391174,0.13325915849643927,0.12933769994835204,1.7542434332239403,1.9737594964520202
2024-08-14 22:00:00,0.0,0.2657440000783779,0.12614471547452857,0.3472216979692542,0.3312738267567007,0.13418131992956944,0.1311222074686373,1.4638808809332264,2.8549614362747207
2024-08-14 23:00:00,0.0,0.02,0.14166632825401962,0.3484143119471577,0.34241407395205425,0.1317712898326569,0.1339262898550474,0.5,0.5304610040145952
2024-08-15 00:00:00,0.0,0.03784104213438893,-0.06002214044881217,0.3415143565449335,0.3449857852443334,0.12864857578651043,0.12641729752184455,0.802965623933501,0.34183680997401
2024-08-15 01:00:00,0.0,0.02,-0.051944554098276544,0.3355210674798046,0.33653687339191973,0.12727481938066498,0.1200551699379157,1.3138095161285148,0.7258988795887731
2024-08-15 02:00:00,0.0,0.13100734918480814,0.019330521393496614,0.328014554547497,0.32796964074764523,0.12499736265404249,0.11432239031280114,1.5415636710502825,1.939400665935322
2024-08-15 03:00:00,0.0,0.02,-0.09130812348262644,0.3312911846541325,0.31647873161772894,0.11883065890784697,0.11437151615251193,0.5,2.573236073474188
2024-08-15 04:00:00,0.0,0.02,-0.0771036869793103,0.34764123949100556,0.3114057155803386,0.12005773744162097,0.11741910887782146,1.9036518477779858,2.713656818012184
2024-08-15 05:00:00,0.0,0.02,0.10217291558338097,0.3504477273488613,0.3172832331524442,0.12378304558669222,0.11890765284330565,0.5576307425469736,2.1798262093892964
2024-08-15 06:00:00,0.0,0.02,0.2117571751472556,0.339593316209186,0.3277558730393799,0.12661015760472227,0.12724219111454446,0.5,0.2817339043907313
2024-08-15 07:00:00,0.0,0.05568741358310343,0.15586590767158373,0.3543936622571364,0.34742355696909777,0.13349341662351552,0.12776570672427637,0.5770003312404258,0.13600935175660417
2024-08-15 08:00:00,0.0,0.07319961179924993,0.11559727050237947,0.3474328890745971,0.351914324120014,0.12428563631564815,0.1306284788411142,0.8465248368990624,0.3240952401634328
2024-08-15 09:00:00,0.0,0.02,-0.030131517569114655,0.3678477266617523,0.350373734908497,0.13024593637895998,0.12566060539343127,2.2931075964624594,2.3146262858367868
2024-08-15 10:00:00,0.0,0.02,-0.06589594025658879,0.349064736390772,0.3424078250101867,0.13039040987570247,0.12272281252557876,0.5,3.2934429751155294
2024-08-15 11:00:00,0.0,0.09186367132651758,0.03457478097373415,0.3651171035648425,0.344413166097158,0.12221604886113424,0.11891589913896831,2.9497661706498617,2.356890158099848
2024-08-15 12:00:00,0.0,0.02,-0.014096593851436884,0.354537329285565,0.35912727319271087,0.12686385909136993,0.11391202909692921,0.5,0.8138912136439499
2024-08-15 13:00:00,0.0,0.13487884151246923,0.041945486530388224,0.3352007687748626,0.35541735643690686,0.12152631027824179,0.11971786524913439,0.5,0.9634917851460373
2024-08-15 14:00:00,0.0,0.02,0.05922345273918937,0.35012925021508695,0.34936686897187585,0.13061282519674036,0.12160456636224101,0.5,1.8140190589984946
2024-08-15 15:00:00,0.0,0.02,0.03928947682610759,0.3329547613612143,0.34009396693710425,0.12618836983728443,0.12182911307859168,0.5,0.4772133402780533
2024-08-15 16:00:00,0.0,0.02,-0.03395276108219085,0.34986731027789075,0.34321558549490505,0.11492447400503948,0.11899107953586806,0.5,1.607588207617779
2024-08-15 17:00:00,0.0,0.1386106206340533,-0.016200321566135448,0.3451837450600284,0.34566215644820797,0.12273135600475976,0.11787812787039348,1.714063924652363,1.8768012975086275
2024-08-15 18:00:00,0.0,0.02,0.03664255563879576,0.3572185683534167,0.33889162501997006,0.13134647554255038,0.1168540512632341,4.181223336303924,2.1194750154052855
2024-08-15 19:00:00,1.0583729089377942,0.39611631525372076,0.13717170211894086,0.3438452614049627,0.3389993670155125,0.12110119409398797,0.11733505553869468,0.5,1.7697887349712127
2024-08-15 20:00:00,1.587136797877228,0.8377219341121952,0.5925441613459637,0.37473840914577206,0.34402241228855823,0.12611682227315418,0.11473372560347894,1.311100939376539,-0.38302285262835833
2024-08-15 21:00:00,0.8665470561594334,1.196758950975742,0.9450719166685642,0.3906240602017324,0.36657454263883504,0.12723856967955546,0.11685338742485957,6.9308448895832,3.089531386296282
2024-08-15 22:00:00,0.0,0.5257525714651592,0.7869030464577365,0.38090190693244497,0.36875016751254525,0.11743365101650019,0.11534355112915469,1.6673730908823448,3.7010713833777347
2024-08-15 23:00:00,0.0,0.342239871472708,0.4181370353085566,0.3510661828894214,0.3566460264837646,0.12640850263574016,0.11467990260716805,2.739913439006445,1.0137860605158497
2024-08-16 00:00:00,0.0,0.35439357671660643,0.2938726521284152,0.36312719571634167,0.35793854001920794,0.11467288339090018,0.11725775104867589,0.8216605906216868,0.6609371726142488
2024-08-16 01:00:00,0.0,0.02,0.12483572035980538,0.3542513274448182,0.36192021803413105,0.1189745599289418,0.11879099281408487,0.5,-0.40938074739105
2024-08-16 02:00:00,0.0,0.2859913925445069,0.1169966108279213,0.38415711188626184,0.35914499596136884,0.12887582161089695,0.12216407367051162,0.5,-0.6687877338558066
2024-08-16 03:00:00,0.0,0.16921489829630493,0.17442802772486643,0.33516737023381793,0.3526648321386462,0.12425596783826713,0.11920620304489256,0.5,-0.0013602291166744385
2024-08-16 04:00:00,0.0,0.17707960733686226,0.12974258611738948,0.3439768240916027,0.33339769602957703,0.11998327467469679,0.1171426734174934,0.5,0.5452968681074056
2024-08-16 05:00:00,0.0,0.1194875714864202,0.13013269082285714,0.3977574328639517,0.34534161646105066,0.12418438229484415,0.1119470618424209,2.2299672064508327,1.2024765580227141
2024-08-16 06:00:00,0.0,0.02164062341820099,0.02390365249463714,0.3474833707426368,0.3527627344283374,0.1208412986404238,0.11696766239535855,2.5267506050668294,4.166607778772679
2024-08-16 07:00:00,0.0,0.02,0.06910286688791953,0.3231242157025955,0.331377897055914,0.1209743185107482,0.11368622302283139,2.974310611111663,4.355082410326741
2024-08-16 08:00:00,0.0,0.02,0.11963410782323025,0.3427508707009221,0.3341468073001072,0.12453751153821645,0.11444457409019271,0.9471875229586677,2.2104562721909313
2024-08-16 09:00:00,0.0,0.02,0.021006384496933327,0.30995602452917914,0.3184114303525314,0.1159309024329961,0.10844813477825133,0.5,1.7420302880943677
2024-08-16 10:00:00,0.0,0.06708863720916543,0.03035185463792836,0.357304816752121,0.31940455043427407,0.12023638953808666,0.10765924886782204,0.5,0.9967143799773641
2024-08-16 11:00:00,0.0,0.10134291295506744,0.03755710075713085,0.36717601960028257,0.34053527262813776,0.11782077600935671,0.10645730107166017,2.9727931896815165,1.8079123912742872
2024-08-16 12:00:00,0.0,0.17721703574378495,0.06178270796698939,0.3439728751041895,0.3455808136539762,0.1098815289664526,0.10592109102400207,3.8146061878870565,3.4392503636583376
2024-08-16 13:00:00,0.0,0.040082783577049336,0.06743930960010265,0.34544742360007274,0.34802470527612983,0.11357392680352321,0.11296964124193803,2.9161665187345727,3.355529986304532
2024-08-16 14:00:00,0.0,0.10219904279142296,-0.009408023141881688,0.3689158917507788,0.3615158357200615,0.12820815837004945,0.1168682807243193,0.5,1.305263881933391
2024-08-16 15:00:00,0.0,0.02,0.016233443136671185,0.3252358908784535,0.3492416809475062,0.12081026227595872,0.11594856781453713,0.5,-0.3925824791423688
2024-08-16 16:00:00,0.0,0.02,0.013467067269079602,0.3316655546681514,0.3070961994372967,0.11026413777406788,0.10718566309007321,0.5,0.09016875496260185
2024-08-16 17:00:00,0.0,0.03993692493795781,-0.014014528370570926,0.3490797059822191,0.3088835748499589,0.10866802715842956,0.10794256934984478,0.5,-1.091985112454334
2024-08-16 18:00:00,0.0,0.02,-0.017169886196097394,0.34020410028914233,0.3316922276994159,0.11694239462932272,0.11590358988234988,3.3090480176098507,1.4172059810433137
2024-08-16 19:00:00,0.0,0.02,0.13889853657598722,0.3470811193890408,0.3359661128866175,0.12668845878397017,0.1161929471662887,0.5,4.7234153105234125
2024-08-16 20:00:00,0.0,0.02,0.13420377202345435,0.3325328680600468,0.3260802719221699,0.11590748742712288,0.11481764969094659,0.5,2.3369666223390753
2024-08-16 21:00:00,0.0,0.02,-0.11718460520299202,0.3547038251399672,0.3253990938907009,0.12457746346578323,0.11136582620003088,0.5,1.1406555497405753
2024-08-16 22:00:00,0.0,0.06749911612219524,-0.14103712448102956,0.35146943431184124,0.34367872742763256,0.11855521210490769,0.11532614270874231,0.9500610051072724,2.0816502722518337
2024-08-16 23:00:00,0.0,0.10187347575943707,0.04002955335348081,0.3632868400159121,0.35722375510091675,0.11898002115837111,0.10927223109280898,1.5078917279617388,0.9652640343863553
2024-08-17 00:00:00,0.0,0.02,0.1638354647243755,0.354495115358349,0.356021897384574,0.1078478140594401,0.11066030932064046,0.5,0.6306114601628643
2024-08-17 01:00:00,0.0,0.08500305055006455,0.08360675300702008,0.3575082732322288,0.34666318747694036,0.12119761930297791,0.10635920191431085,0.5,0.8734705206801587
2024-08-17 02:00:00,0.0,0.02,0.08073160190463678,0.32979451253319286,0.33265987251421425,0.11327395834440654,0.11498320403922849,2.899534790367666,3.0960079693596336
2024-08-17 03:00:00,0.0,0.02,0.1204069834739004,0.35887799612581767,0.32910332122181707,0.12017389641329351,0.11093045886571673,0.5,3.286552148908058
2024-08-17 04:00:00,0.0,0.1851887744611055,0.12701945466922837,0.35294140606737534,0.33856231082802213,0.10982283344548231,0.11115021779040046,3.870321082428062,2.6387296734444172
2024-08-17 05:00:00,0.0,0.1138021700428124,0.122364791874317,0.35298721658251275,0.32854662249650957,0.11548337978911498,0.10623698222202316,0.5,2.6466069851552665
2024-08-17 06:00:00,0.0,0.11300463856266314,0.10590909590160878,0.3711812958756069,0.3288179597731964,0.11624704871842116,0.10507077436345648,0.5,2.086623860776251
2024-08-17 07:00:00,0.0,0.24595854497489472,0.2268339648524115,0.34898769231149185,0.3400998983349848,0.11292549351785318,0.107816056509742,2.673178333816815,2.84521420499477
2024-08-17 08:00:00,0.0,0.02,0.19259443442776966,0.3717568877780296,0.364040192895824,0.11599234034228206,0.10701633820004108,0.5,2.019931029792324
2024-08-17 09:00:00,0.0,0.02,0.005404313189816323,0.373156252341741,0.36696386281554844,0.11168277405965066,0.10460419187200368,0.5,1.9054133358234684
2024-08-17 10:00:00,0.0,0.02,-0.023170767441250323,0.3627808894116102,0.340871383179847,0.10910359510128102,0.103515015407465,0.9168610190823908,1.493548676299774
2024-08-17 11:00:00,0.0,0.02,0.10973282038478069,0.33677981068963325,0.33522478687432444,0.12234835903224367,0.10725885467411327,0.5,1.175412291174035
2024-08-17 12:00:00,0.0,0.02,0.13100386260090582,0.3186947241667406,0.3317887592261549,0.11872738728680984,0.10964066077393268,0.5,0.12159590667832765
2024-08-17 13:00:00,0.0,0.02,0.07540696120894037,0.3676716465650437,0.3467763613351268,0.10758739744313053,0.11039578392119188,0.5,-2.130455062504752
2024-08-17 14:00:00,0.0,0.02,0.08984052070659239,0.35315989877111076,0.35719168021979675,0.11528287028220373,0.10615714681596385,0.5,-0.73733136157797
2024-08-17 15:00:00,0.0,0.08167680341697126,0.08992454781786932,0.3430999522438379,0.341962035905061,0.10713645080930755,0.10327249798125399,0.5,0.9404423984938644
2024-08-17 16:00:00,0.0,0.027134880914977025,0.07182209325946752,0.36947542708251374,0.3426474330735645,0.10420543476569674,0.10405052378767385,5.144767287517178,3.208938986378304
2024-08-17 17:00:00,0.0,0.02,0.0731413260703088,0.3385657396379774,0.34295346593836995,0.11723811541949537,0.10648839814109334,0.5,3.8813684889862636
2024-08-17 18:00:00,0.0,0.053295301443548465,0.11631321658118238,0.34674347997956423,0.33097426894201026,0.10053307287028934,0.11383542492320342,0.5,1.7135636391486284
2024-08-17 19:00:00,0.0,0.06988786521879382,0.10880902991401645,0.36167927289895807,0.3461061830932687,0.11604191192907258,0.11017461308127253,0.5,2.0737194409036754
2024-08-17 20:00:00,0.0,0.02,0.022057218321688634,0.33478508037692145,0.3345825890372621,0.10868824063105595,0.10663244351847725,3.752958665378005,0.6771543617626365
2024-08-17 21:00:00,0.0,0.02,0.0039698140000291905,0.3498469092070386,0.32980270171869996,0.10865978345174492,0.09731426598818729,0.5,0.5275568386734553
2024-08-17 22:00:00,0.0,0.02,0.03530754345401942,0.367826180609845,0.35580026809985665,0.11211274773029226,0.10135601831973184,0.7761699814065762,0.8193283357307143
2024-08-17 23:00:00,0.0,0.02,0.0006168076093420339,0.35465578400546155,0.35151875159448087,0.11286729768348666,0.10254291847849914,0.5,1.259420792546858
2024-08-18 00:00:00,0.0,0.02,0.1379060031810496,0.3702005179034998,0.3425836427588494,0.1041485954885189,0.10750254187661809,0.5,1.876974945923981
2024-08-18 01:00:00,0.0,0.02,0.07636623336291201,0.3684931582212346,0.3447458745557646,0.11314024156561901,0.10135011036733262,0.5,1.4273412264819254
2024-08-18 02:00:00,0.0,0.02,-0.009646922432517233,0.35160519786746885,0.35272117457809915,0.10924202642148717,0.09638803715372452,0.6869652826200479,0.824828607202548
2024-08-18 03:00:00,0.0,0.02,0.024172095740182614,0.3164380022057838,0.33194539648634613,0.10075406992814426,0.09641407400494609,0.5,-0.3876315768561709
2024-08-18 04:00:00,0.0,0.02,-0.01719377274552173,0.334902538422915,0.31827298063384174,0.10700042578716068,0.10125743904783566,0.5664461446798892,-0.573031940573746
2024-08-18 05:00:00,0.0,0.03743736978381096,0.16281755608193546,0.3638330829410411,0.3373761819409554,0.11603729760027108,0.11028343068240787,3.68101973252886,0.21858051764135
2024-08-18 06:00:00,0.0,0.0685857513501889,0.13167912840272905,0.33049883891420245,0.33338245796811405,0.11753981823762442,0.11100185414592516,0.5,0.061252516891546316
2024-08-18 07:00:00,0.0,0.06518754377043726,-0.019498920996622968,0.3487118919014901,0.3230475965319854,0.11151563957018193,0.10795646855624896,0.5,-1.1716022672688624
2024-08-18 08:00:00,0.0,0.02,0.004204045357833643,0.3565663320564801,0.3365421545284969,0.09980145902345833,0.10479650982388639,0.5,-1.8495199226377945
2024-08-18 09:00:00,0.0,0.02,-0.023856534739148103,0.3735326832875672,0.3591114583972436,0.1096198025673227,0.10628089556158912,0.5,-0.585009565225281
2024-08-18 10:00:00,0.0,0.02,0.02122196966544697,0.34286382740432836,0.3537490309643764,0.11151463617286107,0.10356584869540203,0.5,0.9924222293841362
2024-08-18 11:00:00,0.0,0.02,0.0368563457438503,0.3418368072148976,0.3306360890743514,0.11049769497274399,0.10066551229822812,0.5,0.873804367462996
2024-08-18 12:00:00,0.0,0.02,0.0253540102043021,0.35070243635371207,0.3304853359739376,0.11058781418727709,0.09709696945360283,0.6774920737817394,0.13130907681408677
2024-08-18 13:00:00,0.0,0.02,-0.014378974582536605,0.3567528173982961,0.34640902280226676,0.1077929717094969,0.10166200143863886,3.6554706011674027,0.8881994549141329
2024-08-18 14:00:00,0.0,0.16231496468452267,-0.0684694313080635,0.3548465272537123,0.34921501949440126,0.10491488571794343,0.10498445627542671,0.5,0.9497012000681049
2024-08-18 15:00:00,0.0,0.0850771768513876,0.018070668518784777,0.3701498299866338,0.3508057644675796,0.10143578137612527,0.10082384814929551,0.5,-0.4395328268739654
2024-08-18 16:00:00,0.0,0.02,-0.03896474866503492,0.3395019653557175,0.3560070494847801,0.09343565827466152,0.09797655769149682,2.4443547689397898,0.681692424260335
2024-08-18 17:00:00,0.0,0.06450464307553759,0.03843055330649073,0.35538627587951566,0.34482033266135037,0.10659906380748645,0.09156998435236484,2.7561515527176503,1.187148970862138
2024-08-18 18:00:00,0.0,0.05933628411988834,0.05942420033970647,0.36004445556741643,0.34990677304144,0.10541612723610146,0.09805667048921204,0.5808629522899574,0.9188994896650485
2024-08-18 19:00:00,0.0,0.02,-0.0899360792521989,0.3454856307025567,0.3438531089272512,0.10738451570570176,0.09473423916309359,0.5,0.6175964783848884
2024-08-18 20:00:00,0.0,0.08670846615002473,0.020496911739882592,0.36706973331128734,0.3447276201723548,0.09575370083737361,0.10518775710046682,1.462098037833445,0.773490896422703
2024-08-18 21:00:00,0.0,0.02,0.04306304862031718,0.35372350096977984,0.3599247001925331,0.1073896157255285,0.10458779123043171,0.5,1.9368933905882102
2024-08-18 22:00:00,0.0,0.02,-0.0858575959964805,0.3633218085484287,0.3511048354632873,0.11558798736838873,0.11235097104221743,0.5,1.4440743020497537
2024-08-18 23:00:00,0.0,0.05009499366716183,0.06003983394195769,0.3558764187874028,0.34060168289237086,0.10347326579332988,0.10633808139083287,1.2570815971955895,1.7309406510995844
2024-08-19 00:00:00,0.0,0.026035418833742947,0.08880170270230764,0.35746087980141017,0.3289811413713476,0.10237506668090152,0.1021879518489393,1.9042254062882205,0.47812692703956705
2024-08-19 01:00:00,0.0,0.02,-0.0375904201078577,0.34200324649840425,0.3258252133579369,0.10434221008616462,0.10192100703897755,3.047645079214391,0.28968612791086634
2024-08-19 02:00:00,0.0,0.02,-0.0008925163801289729,0.3420275472732762,0.333273658194742,0.11442599760803833,0.09988931615268182,0.5,2.1626644798573507
2024-08-19 03:00:00,0.0,0.02,0.04443583159302738,0.36985507005007623,0.3440902601989124,0.09583450895092752,0.10105012630040347,0.5,1.7618449640842444
2024-08-19 04:00:00,0.0,0.08837110502188113,0.11113888101498325,0.364070931007446,0.3522718110590157,0.10294069613268748,0.09662106345846193,0.679148973209333,2.442712558448952
2024-08-19 05:00:00,0.0,0.02,0.034283371530104065,0.3361446453578086,0.33342831396432154,0.09666920636220738,0.0973763464883404,0.5,3.398833311769589
2024-08-19 06:00:00,0.0,0.03747386127378735,-0.02978532697156566,0.35509776455895886,0.32706438809929367,0.0979314546936833,0.0982959503407817,0.5,2.075178091534123
2024-08-19 07:00:00,0.0,0.059760732891523366,0.019472678323836916,0.3177776678747972,0.3200776184498568,0.10066290746391475,0.10043804170206824,0.5,0.510090812452664
2024-08-19 08:00:00,0.0,0.02,0.06474592831878039,0.34288002039565335,0.31505080543942093,0.10879198763760972,0.10069098751474066,0.5,-0.4963338655614372
2024-08-19 09:00:00,0.0,0.02,-0.0015881208330019575,0.36590453800044315,0.3424125046682833,0.11126222167159099,0.10005348039115428,1.5767920668080408,-0.16715196734839438
2024-08-19 10:00:00,0.0,0.02,0.06186943209485905,0.3496119390204772,0.33902336715113834,0.10289399024005016,0.09691343123171847,2.583965697044863,1.2566332853188797
2024-08-19 11:00:00,0.0,0.0722984043081442,0.10766493535211277,0.3556726429093884,0.33308343829701514,0.09769505619071829,0.09659094262474696,0.5,0.6544349283083104
2024-08-19 12:00:00,0.0,0.02,0.006321937676493996,0.3062434041533414,0.3134568489258265,0.11466117116736817,0.09517576384829517,0.5,-0.737269552098209
2024-08-19 13:00:00,0.0,0.02,-0.03905694182249175,0.3456053185791023,0.3046136873185561,0.0968901492346411,0.09402168944621969,0.5,0.058591071824798946
2024-08-19 14:00:00,0.0,0.03576858699274707,-0.09588754216870699,0.3573770326171974,0.34166831413410625,0.09578002194615325,0.08680938415719461,0.5,2.1505730125314235
2024-08-19 15:00:00,0.0,0.05990797199633834,-0.06227407820570016,0.360369908605527,0.35459593308172044,0.08830916207125854,0.08904440933238908,0.5,2.5759171570979946
2024-08-19 16:00:00,0.0,0.02,-0.05353216890486803,0.36592445852116007,0.33905724927667574,0.10708797270335253,0.09131261043829583,0.5,0.9606693679679483
2024-08-19 17:00:00,0.0,0.02,-0.04985901209095429,0.3483352565745432,0.33160570342669304,0.10427411828389213,0.10552224998448795,1.0279346714629038,1.2744721963947994
2024-08-19 18:00:00,0.0,0.1829336504945299,0.028660251018671166,0.3553472629577432,0.3451456549690972,0.11272531633453887,0.1010845249118913,0.5,1.8097289364821636
2024-08-19 19:00:00,0.0,0.18881405963805922,0.16594113518576287,0.338038412342752,0.339292328030007,0.08963579679673685,0.10448009954342295,0.5,0.7167572127216315
2024-08-19 20:00:00,0.0,0.10332332671700595,0.1371689899878208,0.35203495658636325,0.34117411550666576,0.10647702941264514,0.09567619980392299,1.0747902373909082,0.628239330781111
2024-08-19 21:00:00,0.0,0.0281248079874956,-0.02015334817418352,0.3329993560059449,0.3381432354840786,0.09790449766654782,0.09544015114327142,2.997198361657278,1.6795283278422093
2024-08-19 22:00:00,0.0,0.02,-0.041022748408517586,0.32377107105406333,0.3183844444104132,0.102076576645761,0.08856055218475266,0.5,2.0115784145014404
2024-08-19 23:00:00,0.0,0.08170526175763178,0.07926970005052389,0.33800134160898404,0.3321852172220119,0.08711021255997096,0.0899126202654294,0.5,1.1045889640109532
2024-08-20 00:00:00,0.0,0.02,0.10966195193690728,0.37411939646820414,0.3564359155230825,0.10556287415407309,0.09272083141563027,0.5,0.0009978277595449891
2024-08-20 01:00:00,0.0,0.07179272632203526,0.05023290808917255,0.34982503777059487,0.3477390838945563,0.10123159776802709,0.09210618812493357,4.075416954054395,0.9553768769718011
2024-08-20 02:00:00,0.0,0.02,-0.03216313908978136,0.35478728329649506,0.32994903737136433,0.09603775580816873,0.09176957663566697,0.5,1.7828383000587276
2024-08-20 03:00:00,0.0,0.02,-0.10940766149161942,0.34378667908317373,0.3422697081220685,0.09990121410281054,0.09138363199585867,1.3866468561363954,1.4781414736683334
2024-08-20 04:00:00,0.0,0.03485312777539877,-0.09447957958798595,0.3254003348454432,0.3287560200014926,0.09119748982564821,0.09409600719964664,2.4768320661703798,1.9159769084219906
2024-08-20 05:00:00,0.0,0.04645707293932155,0.040816856427918144,0.36684355998765167,0.3388414110239716,0.09207434496433176,0.09478171901963257,0.5,0.24895412158199637
2024-08-20 06:00:00,0.0,0.07674672573522977,0.15156295779801982,0.3214997791803087,0.3391839002664882,0.09253144033237502,0.0938073652533399,0.9927114923853717,0.7997274198770057
2024-08-20 07:00:00,0.0,0.02,0.030320919329091506,0.3431672326992697,0.3226244173816595,0.08395746057395043,0.0903699834973296,1.2885242332712987,2.9083990437997347
2024-08-20 08:00:00,0.0,0.02,-0.05191960763749247,0.3506698996383937,0.33112450083396894,0.10000669413995207,0.08773835235441706,0.5,0.08516592494693498
2024-08-20 09:00:00,0.0,0.20734857345873994,0.04066729283761003,0.3620610161538273,0.33584643779620316,0.10174861450189043,0.08263464005377082,0.5,-0.04623486212797445
2024-08-20 10:00:00,0.0,0.3074605002828028,0.1638674265968753,0.3506640791119233,0.338908402758773,0.09015449028617001,0.08678602987944649,0.5,1.376485700784413
2024-08-20 11:00:00,0.0,0.05821981863358021,0.15589410525676115,0.325749225578975,0.3261914523098691,0.09621586689246009,0.08478499060315714,0.5,0.45680902615530294
2024-08-20 12:00:00,0.0,0.02,0.04653574264956298,0.339472723466113,0.3265410945156473,0.0922980893270238,0.08916120800816789,0.5,1.5345681120638157
2024-08-20 13:00:00,0.0,0.02,0.10906157617565752,0.34025775303684963,0.3350435573892149,0.0956262476168484,0.08538061858728677,0.5,2.7046094773453446
2024-08-20 14:00:00,0.0,0.052344108286117345,0.20162709890534697,0.3414677395580133,0.3325148047452109,0.08965699888748514,0.08613109800351415,0.5,2.596323257339667
2024-08-20 15:00:00,0.0,0.14855950473098978,0.22532980875597447,0.3712510109246312,0.33928223478920705,0.08788835524238864,0.0852958016508429,2.820784363303413,2.562526846676082
2024-08-20 16:00:00,0.0,0.02,0.18070894581290697,0.3332850811790575,0.33932860703209844,0.09926838322960962,0.08406367144325302,0.5,0.6597220695972592
2024-08-20 17:00:00,0.0,0.02,0.03181489522204685,0.35600381196771697,0.3312918209508496,0.09234032056793655,0.08861760251286765,0.5,-2.24949800823019
2024-08-20 18:00:00,0.0,0.02,0.02813659070111975,0.35386357840941335,0.3467082882445329,0.10462438892360766,0.09184783423616777,2.5556106206098614,0.5237899049596666
2024-08-20 19:00:00,0.0,0.08684571219424639,0.06421465705815868,0.36888622071051463,0.3584853028095257,0.09253836566920542,0.0924510369258778,0.5,3.218399640743039
2024-08-20 20:00:00,0.0,0.02,0.11583891536809762,0.3494921447750906,0.34792469737921095,0.08647338637363654,0.08912972363586497,0.5,0.893908387925143
2024-08-20 21:00:00,0.0,0.02,0.12110777168891418,0.36335608735910796,0.34868618035976046,0.09916142523781578,0.08333059113628458,0.5,-0.39553986046142225
2024-08-20 22:00:00,0.0,0.06579370713434826,0.07489903818923851,0.3510541417899102,0.3509470585646318,0.09535508151412828,0.08821854810342628,0.5460911279593661,-0.16788167010252697
2024-08-20 23:00:00,0.0,0.13044618253125362,0.11454987759461033,0.362593480181519,0.33785354222445596,0.09570259201010757,0.05830158809897753,0.5,-0.4191777571027459
