sediment_yield_t_ha_yr,peak_discharge_m3s,headcut_retreat_m
7.308901113257493,19.784262954144506,23.032766788189402
8.468728673000612,26.018425014769573,16.58161016766521
8.888254806642363,15.36582379523685,23.338772321845727
9.634227354760423,27.59054067343357,24.479981605734302
9.671210793378652,27.028267581202737,25.06795949945839
9.204303060652094,22.7707947751419,16.975874871041675
10.936207662093963,27.367637860765257,17.248427394147186
8.315392006597236,20.639312186908445,21.088038479630153
12.001707396152177,21.4782175640786,20.866142511546233
11.410919879681785,26.140991040105504,21.375324009091884
11.277588962240099,23.59803683764224,19.909219594160998
8.499700476811695,22.205892378562755,22.02473803837741
9.488109617418443,23.919659932369882,11.339109229767464
11.015575061341998,28.717860827999786,23.866514950975112
9.336156199748993,28.587984334994815,27.04035485283622
8.42754713335113,25.727523291383616,19.143101684060557
8.354542007546954,23.109305160840503,22.089188379315992
8.443183779837234,26.04673296365662,27.854609560724864
7.587095187405092,21.41080137339251,21.430508961855335
14.924043938807884,28.21597678605906,22.491161278242068
6.146779038840668,27.483923339824845,28.482635954922785
7.914961195322328,30.77082618274712,29.24207015703237
10.784762404053215,21.612707591601602,17.16301496906312
8.459850569221496,21.19690320341401,19.695176347219327
9.059883814482605,26.146935977588193,24.78499761583625
10.419244115417255,23.38289628109884,23.238748406492935
11.57888423225871,27.64771919458244,24.05356312147824
9.202376902773182,28.714328618704343,11.07589876290096
11.378091067502046,30.004395766499037,13.679874428065625
6.610695325218727,24.495634297260807,28.258438948391415
8.597122339255924,27.249288470000966,24.31810743985288
10.600570418215787,22.56818567144579,22.679203218926165
13.291206927249792,25.027670253776126,16.455069683133434
7.9429868719684436,24.120986058063238,19.681546691166538
7.622575141506347,23.942308907123827,23.521643258296773
10.321351770918994,30.410120945617265,15.905980439090952
9.796789237472263,19.804032265990895,18.54950931713508
8.392451971989221,24.283322931303985,22.764062723558297
7.485627595955308,24.48013123565766,23.5999959650676
8.764715323586708,26.455057655983495,19.260110724409547
10.648652013348823,20.624472750006955,25.13084473336962
9.093574225084467,23.29839977305073,25.004132016637776
11.831515449095306,22.30418145165856,14.308262148885243
9.452439516501089,16.75609551362924,27.6880672197445
10.794739058320813,28.19430143788967,25.849021476601813
10.206822390208332,19.375726697213636,22.105617976491573
8.965325483875557,18.929217004797376,20.764531246391893
11.216274301906815,27.47455387718987,24.378438492148074
7.484540922295071,23.17823544911954,23.38150341469638
8.692501807331114,23.294048392795695,20.240944528077655
8.946717648809297,23.357913331659468,27.564456875306895
10.39440041157086,27.899141785553926,13.09166357656667
10.84810641732152,22.451399389638173,18.7069185392178
8.216373125404916,26.293470042260676,23.04633608381701
7.959905736546386,20.477060108571344,21.09679440084133
9.843005121004847,25.405651124423482,24.028402723720806
6.90147951467986,27.32401703938988,15.860904050469344
11.53426113969629,29.007072918334067,20.307675094251692
9.292626809374056,19.110416386453142,25.78643682166541
7.57143653516872,23.3060654572935,15.474544223238407
7.535427055590447,29.654517573857184,20.362174840079767
10.269904705413461,27.3882608438631,19.229807827504924
10.220655532515263,23.633309869076736,22.71711727286396
8.30144925532108,24.312760406171822,22.833067773034124
9.492750900702548,25.295012717940274,21.678685601972756
7.644845297613491,23.050511376086476,20.16956895693011
9.229684869532672,26.132953546030173,21.546743845167263
12.38548683848564,25.943204585626415,20.657863138945
13.577620590376046,20.565484223149497,21.173394977606677
9.314596611091309,22.65926378323835,26.98217170889103
10.4859529723522,22.778808603455495,16.611193884041164
10.414050724090858,23.443999186085136,22.63246010350362
6.567715828415711,25.204085839745915,17.62576027415106
7.6072622291153795,24.904588212630767,28.92446844653752
5.4855331167360495,21.888818098811726,21.647405539876516
10.517313854444684,28.78992032921606,16.355294548731376
13.240598907856912,24.316938162204977,20.395537799245375
11.63982252813434,29.203123861984828,15.610221108165927
9.780988927583396,29.124625412891145,18.830397308637124
9.524400421659362,20.751669395802804,23.701433871494885
9.058688530447894,22.65736549273822,26.608826439703748
11.62859566565714,22.902161094693636,25.51467528420971
10.09249633752873,25.34959030900657,20.89098185356255
9.813677426415817,26.733470156823735,23.523216814967995
7.692033846788558,24.792203250354156,24.45317480158277
10.793959282503513,22.45446868849009,30.073934645878452
9.427028568780816,29.83287234404085,18.94449640407236
10.422483135271204,22.83127100875061,27.186625280917696
11.51831949556779,26.785125597795133,17.041048662634445
6.724519648622321,24.175505279399395,25.901754514539615
9.161991237912856,24.081690952825262,18.87944561371044
8.898078070308136,26.557070320810567,18.63344811451428
8.737671944838732,29.469058857305598,20.189866652713548
7.667260755025051,25.321721528444524,18.273624691924624
8.375911386890788,22.662407123990693,22.96161467166989
7.700820016825665,29.258242940247936,26.083512404492858
11.20134159258738,25.954379181561233,13.064909663508327
10.386896263912254,24.87071515195653,20.619050672892385
10.26070297806115,27.742709986552686,17.062409944244052
6.192902068838789,25.379432800288793,24.829821488852513
13.24689521249363,32.530790945054186,26.839570628147456
8.956478533970474,24.30622152744046,20.61889494109608
12.87522860461032,28.151337968741245,18.557113834978836
11.063420339232557,25.780660418889497,15.000704406903502
9.278371934232133,25.769593593613028,28.900281187279532
13.418632075793052,23.08704234183666,26.443828101414404
10.732632084090607,23.103666954232068,13.583817941746354
9.284414495769454,25.96371623653591,23.856349202592856
8.98819665905936,21.391324621149224,16.96267296344523
11.578155837459214,22.37191154298908,19.316746127130003
8.723551691448606,24.35124932311249,16.4309444999208
9.011011250304428,28.45524876622254,13.496895518725697
8.613552383848658,24.56978260775436,21.122214249601655
8.324728488054651,24.51671592555428,28.692108659716496
8.43607093524523,20.753638638212795,17.688461311101936
12.925871230476197,29.980552601571755,24.776139516841084
11.533788838205794,28.008838506568573,25.388344314103236
10.128297817775946,28.38601122500335,24.114824636840265
8.703554515246022,19.433609322376956,29.086183678674423
8.696501548718004,25.47770228017085,25.025307708691454
9.032746483584637,21.156846929400036,28.338154189127472
12.955896404820766,26.88495855851172,16.82644074082874
10.229466217973386,25.377668816316273,24.206896113666918
11.060520663738288,26.0380815880974,27.19250731080207
10.0636997503801,21.899354254278215,18.289190293135157
8.088142631524427,20.81652107063197,7.7039690399757195
9.886663615021781,22.153561318927306,16.35738929283778
7.741984532954488,25.331131418196406,18.473400149937202
11.875509899844367,23.488531805156324,23.488608944232016
8.337507069344424,25.148086095508237,19.090904139043957
8.659158234364115,20.869696162873964,21.312169022523236
11.179984446756043,24.278104306160813,18.943100737358847
8.429062958368505,28.973595294166916,20.798685836203315
9.30131962221762,25.41332538308612,21.041723927312127
4.899402150886119,25.62294022639017,18.833728612038136
9.112870243544005,25.649749083262357,24.502891302619734
10.781610778952954,22.585035524016458,26.683228973409605
8.559949602326764,29.76632911382015,16.81940368526959
10.7178889094195,25.496030495355694,22.147532400406963
9.670592766838128,24.893623103091162,15.724834745792336
11.67985901659863,26.60136083094374,14.464372715714864
8.362335414917329,27.45132445304462,25.34251353767399
9.260379121969873,20.127226278785088,29.12888209272987
7.025227504473165,24.48881642945343,20.019376359689097
9.532422763577474,31.78785757708857,28.44985949842011
8.93277106758603,29.84530000845374,18.77201893550059
11.4474136632999,23.943551667991397,20.38551229716961
8.562981870292571,26.738797532159392,27.80416856347508
8.928813518238005,23.20586147467004,17.74061044776726
8.471172082827204,25.484775464704672,24.875048538903524
9.749439467653382,22.76464244026206,19.941717647597297
13.319096906829083,22.707805633218438,18.489248786444236
3.3341566717519564,22.317287053574375,19.31566250629702
9.612963314073966,29.93577637950647,12.84363227984135
11.837389329395052,22.690496787729135,26.218249752732163
8.763521323482575,28.12493232106167,22.182570770798172
10.659134019153493,22.85392977650835,20.722802534458367
11.842823439412847,22.47043179771307,18.597521535488628
9.19736243227593,25.604508155721664,22.515926613916754
8.512322041414789,19.94924456601521,24.745458531559166
11.402451910664965,26.52663265835087,20.22927487842995
10.601575552784146,23.84396514999454,25.058000125902083
9.58648773681268,22.4549560197991,22.37288843313304
10.812470912463821,21.735627948694464,20.935817737313993
11.447803729209708,30.90397614658443,24.858214682325798
9.603503647819567,24.18506036801502,19.31913074610645
10.255933168556032,24.04379724562067,16.41902447137338
10.65089125070211,27.224387485875656,21.092951629499723
8.85940069365777,21.480486797656468,21.43758711878255
11.862109165624746,28.099896929458136,20.43294321459536
7.823749766172833,24.18026438274949,25.940589735326466
9.461124783256192,19.6643711544382,23.251920482854462
11.096858940883225,22.52284703823509,20.851251510152473
7.777298859296063,20.631222120883358,21.278513342021405
11.2858189227866,24.57186468943107,21.614455124273825
10.046335019485166,21.641469839789398,23.351605489458606
12.111825233753937,21.27260124993119,21.504884036194134
10.815268627736378,25.27887468386236,20.697596409451478
9.403748619578947,24.447179216017282,16.09660469589121
10.12152090225689,28.350675375715106,18.531796245422004
10.18689160438504,28.202248610592008,22.38030628804088
13.382367273837989,24.505579580164394,22.03321680424703
9.854136868572128,25.97382158157482,15.50720797188018
9.448850930388446,19.584782135579243,19.108522925064804
9.344246350707001,26.631737164056762,17.6739630942914
10.043717849915666,25.675850029513807,26.62207172433639
7.63555133799742,27.496166697916287,22.279419401783326
9.003369189725369,23.274139366096875,22.9783567270596
7.857914094786069,23.303327971071266,21.03978974468629
8.095734667941418,23.32424939111132,18.857325082663728
11.163462299499212,29.10585710321962,19.562784380512355
9.74781350019392,25.247791675344857,23.221621974538518
8.349820967564082,19.28853231878907,20.28562067008908
9.426488344263122,26.45867742855329,23.262035516037336
9.252184070384853,22.747951131424035,21.857595401344692
9.795899893290082,27.933345631039597,22.452627964458387
6.957070107936849,26.104815814818487,22.651573044196535
7.713904662085426,28.455488234211714,19.247994187787157
7.076541643303319,27.780178765590588,20.087410430826406
8.062738743273709,27.440179315887722,24.844502344951152
8.384645947246062,28.100489324564325,28.422806719797677
7.817125818556536,27.030448374198894,24.880169736064154
11.091237404280207,21.97562814080171,10.42317154204748
13.048706793652588,20.468990466519802,18.343808452034413
11.202558561899433,21.51865099720478,21.747395504843308
8.670973583067367,26.747827721781583,17.016952727751796
10.082540889369053,16.851620304432053,16.83415939438158
9.579128387628877,24.248412099528363,19.667004416773974
8.591947265726105,23.4093558388627,22.646758583496254
12.110984981444865,28.39987913057498,23.708392669118215
13.353127827619005,23.907338743496542,19.867347776868023
7.024583049896465,23.065466622245044,19.567912560542243
12.321286399438353,28.708650587655736,18.009641045245257
8.624414231704097,23.992108365544002,23.27767774336592
9.222581016738918,23.45099845067874,23.015570212029274
10.214473190406467,22.661092890350712,24.83747750406091
12.516736846774387,25.256896261002698,21.80603499654155
10.211873719831601,23.189533840443772,16.18630128676352
10.45067250560969,23.201637029553076,19.939333201999702
11.253127748489089,29.15827938646341,24.64198637901768
11.540276678445041,24.463789353041722,14.53162907337319
10.63026478343449,22.798473200329717,20.96916977745111
11.551562069753828,20.966398618871988,22.412086658830702
8.61183888388601,24.96501926410432,29.114380944320295
6.543244674223415,22.424841989884108,18.95565334574202
13.021496594569713,23.06608509993813,20.825459967583974
7.811412974550927,21.447376983333807,27.881646930890586
8.728400911501792,24.9596127091323,19.00554149701356
9.096620286406491,19.93385930562743,25.491352314128495
8.782922359684088,25.678412292785225,22.831376565450526
8.378412050203728,22.46931754927004,20.438052366168897
10.543724197199433,26.700738010508406,23.061306757120004
10.563096021484991,25.925631242760762,20.72470366748281
10.828285270031092,24.64842225417128,30.105475170724958
10.71410375191176,27.134578710440355,13.244329176392087
8.941639510314992,29.515782008081068,20.1983803975387
8.938646775190545,28.54945703232316,20.312690665507308
11.736931813887725,19.908603690016115,20.777428464537675
8.751078979971867,22.272024415417903,25.513656064597214
8.714922800688733,22.682140778885646,19.556556341908657
11.391685619018075,26.43934362537082,23.218956517950847
9.666177414507477,22.55053257149289,22.202719465558854
8.780778899838174,22.41902891507621,24.570058153660813
8.7979778232907,21.840510677536717,20.764988085459063
11.745504425355675,25.301278307115272,22.556608679078295
10.766563170044318,26.42616597310518,20.81858505396643
10.13049495459916,20.241116389311983,17.454391113331653
7.5772625626368075,22.577293840370864,27.536242374853032
10.138234251497245,17.951652077298668,18.327482705408183
9.312713362249976,16.287849861832473,19.43389772283024
8.039348985812387,25.923630501575204,17.958393243852235
8.605098129182267,25.356678218702715,22.867883640347067
10.967005601896838,24.877557646120728,19.43517346463954
11.961209389648058,29.616376150064333,27.209444350335737
7.775516558653441,18.686285128318318,23.382407473920836
8.005091074914308,17.33164992393412,20.220301485870827
10.96332568301325,20.53680031330015,17.751972924253078
8.955268833350994,17.199205957101306,20.868243671558258
10.70600867850122,22.245257664737924,23.328118841457435
8.930789702196055,26.252579094148743,21.121049630987073
10.750130022469088,25.293481019166116,20.752616862890125
7.1998090236499745,27.74217963057451,17.320167903132813
10.699779898461319,25.542070822941916,30.04827389875218
5.8793881124669465,22.946464853356503,20.515666195331825
11.384092380122153,22.538028715865458,15.939382000717172
9.638085013557767,25.765474953239938,17.10731755368634
10.503043058163529,19.17395616873913,19.95799948451287
10.131559770768733,13.654745401377845,28.884625821362604
6.595358643881,25.60724791942078,20.635430099204168
12.187626115210074,25.084876491160642,19.8382731739384
10.30876450815709,29.5571511149311,24.594299870477236
11.076518044320965,26.633058821400684,24.878970707401365
8.24542564094141,25.33574765653699,23.87044197695807
10.138211342163608,23.254363155224716,22.07951615797168
7.315985718611425,21.58271911666222,16.993088393672917
9.971592582139687,23.361151726778473,18.371034614902868
7.989991425234388,27.499698737326625,15.095381347087109
18.813168122074373,25.85327328998765,20.426544936919573
10.801389468859,27.429673108644767,19.64382603298608
12.122165166275277,24.657490255494256,19.239057224613582
9.245751898717765,21.286533012653674,22.389125666156392
10.426187477144303,28.187940821164997,18.73695858690388
11.347724258626783,27.884787021693487,19.972185957689508
7.747581721837289,24.921503961067106,19.403304151291582
8.475903464447935,26.162488157565278,21.175785728374443
11.46995641762613,25.97818811150112,22.72208552072636
9.303145492169874,22.73086847655018,16.05632073391105
8.339255057681607,23.428703455783385,23.067540339761546
8.551628992404632,21.252594878427313,22.33058484650421
7.475098259434516,23.416235317022643,22.93264241176123
6.13399218134725,27.753318991763173,21.81960219716813
6.613042054294382,27.117533882650886,22.710099454333406
9.78318037722755,26.170849564283948,19.678902273062995
10.922341729639433,27.513246696475555,23.029135670455087
14.284461428000276,23.076197325756826,25.7638111140435
9.624679036699284,20.369383680921974,19.368014736253347
7.370472422932023,23.774463919621596,19.509530753916955
9.648198367936532,24.039745287592055,23.758969887871423
10.979334369001458,26.563720282657634,19.139369417313166
11.574928400729029,26.01334674486489,18.494971181777306
11.398276428160925,27.685444563231833,22.946470602630725
10.742450211434825,17.55005924037062,19.621176636250368
9.873434838543389,21.626593184082154,26.064811149006182
11.040996940690036,23.9939453756379,19.481775181955292
7.543625942327294,25.905835172396415,18.10544942250364
6.045130989046993,31.316194320957887,21.28133558036859
13.509719820000795,21.026017472474575,22.998178229717404
9.6144235319509,21.922056066458442,22.54923669004933
10.67169465326396,22.881854949510696,23.401759675633585
4.6008231054809645,21.802342784567678,19.142691387474084
12.511716335033022,21.32440787455406,25.728424320694092
11.803675166381437,24.453823302234795,14.844142117839542
6.85059826554939,27.595209722487215,18.254659666033113
9.122501662260195,24.699825081244036,21.44963357180082
10.1845346938595,21.419957201543617,18.58123913574499
7.399913680353359,23.642663944559708,20.09217035765535
10.589538131939511,20.820721044379297,17.471526781324897
11.603038728036257,27.593143798018826,20.488188578567485
10.290049745386803,29.22836225719584,23.106001289968326
6.84947057666939,18.95628914499811,19.211354373641765
7.813160369981777,25.06723834322802,17.872027026274402
9.474688978970192,21.69301205462373,19.502418651904563
9.245780538420089,24.510637988263166,25.605083462388684
9.282750945013127,24.013389036869853,25.572736458281284
9.218333440473081,19.807446062626255,19.43537117461369
6.416697543356669,28.34953583558181,23.28231913845498
11.166291588904919,23.791773268886857,21.228495354929137
10.841604971603997,22.725463968131944,26.30778940422558
10.650720157553224,24.68963354845994,22.047108525921395
10.482082017091116,21.38349863028236,20.51393868471598
9.182919255455415,23.684749539153866,27.539521894548393
8.595130704568739,18.14497901023514,17.697175504660866
7.8479439040044765,16.403663859775133,22.54489643606714
12.508125038145195,21.05024320385069,26.627682680586574
9.66267429284145,22.516510435471886,23.8980248878759
6.677745288506209,18.414037704253797,18.324919178741887
9.646830699755549,22.633444970311608,18.114988788979204
5.906648166199837,22.512039714552557,15.806896690860906
10.151377119993192,24.09376289951203,27.08339417776335
9.960222396233721,26.357413865691626,16.88171599563658
8.713705087717704,30.035514026698127,24.082265857893912
7.990128840447716,25.734637262019856,15.736605539149533
10.723615514599286,21.003219664745014,31.27265457524433
9.548909791633717,26.532745719736827,16.023701211520976
6.166111763561095,28.992024686845035,21.46583468536177
11.891078592109105,20.54709086632155,26.02703415577652
7.989509754530816,20.733511495273067,18.558015556146227
7.300913305344727,19.539448709312246,23.498707683709668
12.172787319576095,22.408935327001423,20.200855178662007
11.628440526172387,25.55027232883269,22.8139477887625
8.93467405959057,29.26873260741887,25.51500273469352
7.420475699069307,27.287106587342198,19.629356651430697
8.044307523277418,25.591514043950955,27.137950434797123
8.903752061556776,24.453288475951243,22.674473001901333
11.91348355542791,25.61158276663399,28.899016904724338
12.05688765245481,25.80898925474599,18.055409382535533
10.002082015772068,28.665707256699044,18.79590090291842
10.8832155804423,24.230048453079256,20.394161408958546
9.318955941220944,25.176854161873443,16.570653927222185
8.111460487154769,22.93153242362815,24.910946065731004
6.968910734814962,24.679892473535315,21.004224558340656
10.2877103918271,23.441380571826166,16.830115581968492
11.338679815787316,20.31493472068964,18.091109807537606
8.770615933772866,27.2254771956261,17.907138015775462
11.861290859112037,29.285651597355077,24.902271971538056
8.999416262386132,24.17461846614062,23.082987394709793
9.852421238744776,25.412378850173173,20.78299381361447
9.297651148289678,27.186509510265264,19.875335774047624
11.95036253685796,23.819857528404658,20.368951153178664
10.596659500327293,24.9351418011799,28.24634379703228
9.593770316555824,23.573101452326338,20.387784643189676
9.83941795647162,22.459165009233338,24.644436811339883
7.536208959110309,26.047310774225732,20.015689852874157
5.635134184878169,26.01694887922431,27.86174180910833
8.732694020197165,27.390518069613982,16.545151912657342
9.346898444579532,24.288618126043044,24.447419330014203
10.666907116003166,20.28058688623802,18.338365543564343
9.403137990181106,28.010668582730492,29.931864336622994
8.846034785151835,21.839298962167497,24.019651712497424
4.335433378604443,21.78146459285079,14.65520812947632
10.659480560279302,22.517946076758445,17.66728310736906
10.084057730294012,18.458964976390238,23.972093943971895
11.181189922471168,23.57096422971283,23.865388397151726
9.749617514673139,26.374790270742878,23.57418753823273
11.787289805859825,22.847331988969454,21.910679320890615
8.698030190466856,28.782959072722477,20.056202943369403
9.62618432084303,28.57528142879074,25.53831432203171
10.137724334192724,27.279117501844656,17.929789053839873
10.90099334844518,17.81789964416895,21.508390318136875
10.45786900796148,29.10293556958227,18.881446620990257
10.56921152999775,23.50545723809263,18.57031449286744
10.189222337655119,29.922677783668643,19.509900432585987
9.3492794671868,22.276370917924236,18.432474264293184
11.340298830156437,23.83164196962679,23.443882394609478
6.652753472975793,24.60025604787879,15.543202361525612
8.554937376449473,21.176621868568198,22.98096798083666
12.597152155235253,18.87144146072729,18.82636081274845
8.475894044625917,16.267942615731968,21.418514987345183
9.557762248381165,34.19193261705388,20.649306494413427
12.225800702752975,18.710151187758512,19.35303623214894
9.470502187353665,18.756308213876743,26.031181565831996
8.182334161167653,26.216180558518705,19.853559058826843
11.881016178799982,19.530156833310542,24.043659121612777
9.17340007037897,18.90784523395665,24.093910933490534
9.297698376036264,14.670869157718155,20.236921803215527
6.095736911328194,25.28060566668746,16.394229978569484
9.468239584561053,20.71530396533464,17.85963303628398
10.94300612374533,26.455352594447838,26.28731315571285
8.915848860070353,24.046052438917755,23.22094781134497
7.367942646851049,24.586490378905662,21.841536280398184
8.82556081785845,22.781020351144434,19.088593060192043
8.580322657103547,23.37610176596329,28.05410553404478
9.238383355120002,21.302389383120296,17.91438014664411
8.75796609626807,21.619741214388377,21.844865506536262
12.729538511044595,20.63176758660725,23.25704701486868
10.250281334819746,29.371837162006724,16.20774563824319
6.532810738060961,22.97298016948994,18.341928287721622
9.830119051471709,16.71285940674206,19.51557303927699
9.627284246635126,25.16684769806984,24.661449812159496
11.873944260962254,21.60746900989697,19.592427230462786
9.416057332567243,24.150989892123672,15.698861322533517
9.363772999600533,23.397013910874044,15.324097459184994
13.090655537326697,29.292088964096244,18.30870271636871
7.754752301638625,23.01485272357167,15.488576748739614
11.151785333554953,27.03384630793211,24.297709615177915
9.816280611726407,26.680175351810632,24.450577353415614
8.788439246483883,19.72203534668803,21.327514381514437
8.520431455192547,24.9289492789929,20.27385161369385
12.172200653599186,21.75960560859531,24.19222646558903
10.546857280384065,20.250995846275078,24.030700876320378
10.794029321965606,20.26418734190834,17.451949441331017
11.319387359922127,27.051395319543637,17.99079804881848
10.322265375202978,33.154141602100516,24.055522410804546
7.768999876769942,21.60221914359554,22.355165511234986
6.83947588201398,25.022733202181882,23.672117369045367
12.50215063432094,25.33992663025737,17.813696995128907
10.078586900676003,22.52453908798345,18.36852544568459
9.844259560489284,29.015470982442437,23.10916648194387
12.984333755930848,31.659766765863235,18.640359300218794
7.76286696538266,22.297693027340355,15.372234233422162
5.1072552076172775,30.110217917725834,18.69943524549868
6.40296730282949,22.46851456555192,20.499960003322506
8.73377146814403,21.049649843131338,27.93526109780812
9.913256095849626,23.833232629373818,18.030059241802405
12.232790819564695,27.21120693782643,21.059424239443903
11.234654693178861,23.95085730259029,29.26741851301259
5.037582834930688,26.771608938699814,17.03571098872096
14.797261021542528,25.059028562815417,23.875909461107227
8.952827210250499,28.832028241668013,18.527192356066077
11.93460341101832,26.07768042278394,22.86660328438545
10.693741245846907,29.427344372341125,30.40510444251754
9.709730571228915,21.42706565494019,24.3870449938471
9.268566903519217,23.618422385974544,21.89224949471121
7.6754920680876975,24.294859086594546,17.590619246348172
7.356086205529422,21.439500608597594,20.61585886160208
9.397447854680378,20.92620862386513,19.09510518248529
7.173487759367145,25.58006683252305,15.642836656970143
12.699202699044394,26.528583504513186,12.997212983752977
9.876448843270397,24.67732973139442,18.06118181316628
13.508741761867334,27.847723123484734,21.17696760470277
8.907181337782852,20.60388920339925,25.66534159345899
8.625254689364937,22.989946155367438,18.421062151923387
10.775381962419234,20.347482759902505,22.047297295270607
9.228108970979012,24.76694298439776,14.665348013747305
11.47101315133673,25.934356213899893,18.178431560489734
12.317555493256565,28.795168976593025,11.755414946068761
11.700453684665673,20.356189085350096,30.013084531622837
12.183242510462717,25.547613769063535,22.072169532403
11.188006970964572,29.110977474068594,21.949004581952213
8.700728634888005,20.944341383575477,23.387356767621
11.77457558824983,20.15857255112668,31.176193212584195
10.969633039355601,19.36053573532046,19.60243083319473
8.575735198440087,26.391999282450115,17.474979865433514
8.806538851615734,21.869650441010386,29.100707758504527
9.53290442880985,25.90147922609993,16.499544547213475
11.7228928002807,23.575882340024208,26.362695819300093
9.91281111709729,30.33302492845164,21.012103667622025
9.689718724413984,26.939335176919688,22.990054105862733
9.410344739321266,21.607238689898544,15.696819131170148
9.05690729836949,23.28799468408854,31.414949193366823
7.58166652407383,26.939358993579162,19.809300765249553
11.147309165883422,20.72006057709917,18.564723025684742
7.848312654956927,28.26025637352218,23.43864634280679
9.823078064441722,23.461763098397007,18.78464010161795
8.955888507730617,27.009848124769192,22.95539340222213
11.094735731290637,23.643009830901825,16.382171630564276
9.077550837796892,22.545125587912892,21.867872517817002
7.868638596130003,21.996925104223656,18.947654517329784
11.500542184816986,30.103460201609025,18.24506550683049
8.196696426723538,23.31135468373651,17.628831948287264
9.98151807265328,34.62003085717089,24.754869069744238
12.018317160887227,24.808644379777228,19.933449465879843
8.371151428608986,21.449854895458152,20.582846284414888
9.511603013340784,18.989354272967226,22.96555695048041
8.915250463880756,28.429823577705108,25.74661360432411
9.939238198899606,23.65100215927226,17.69931067726679
9.575392186604493,27.05599089780496,22.160505946368424
11.375127043087677,32.07962469990879,17.75235030048023
8.570290732903056,26.540600425206602,20.486794626269628
12.019016737281152,25.42995150699045,25.45383899332792
12.620491367732395,28.408124119204338,12.150391914431053
10.166911377120805,26.993786967844148,17.700772091014798
8.261936503513093,20.069811890377835,20.397829822221617
9.62518180256162,28.76438223122721,22.78443134876796
9.472720166158553,24.146044020926798,26.057034191999158
12.925707418861323,29.463543438260437,14.680604714269741
9.512230580069712,25.998604781555517,26.820370894709427
12.216691318036665,28.291694428119005,23.331085314433704
9.90284210355729,23.547545374664494,20.361550306212923
9.783413323392365,19.217023238092118,15.570762163274832
9.054996724627715,26.188438252744223,19.06749794567207
9.22481198273305,27.572453897134682,25.298252400505373
11.319281673556997,22.434277395329666,21.403053916006897
8.37030361403594,23.618927251205196,20.594853116070865
11.446722370726793,16.881922108417967,17.5112251233703
12.32238956601418,23.77975432236583,24.165085239635218
8.622879330262007,20.110985053667275,20.71613215150743
11.898508873124257,26.032698439420678,20.37717355396396
11.607792907826141,25.42199105111803,20.928585148244693
11.281964056775877,24.35092118102725,18.783528459574054
8.542366246352817,28.73087536542199,18.120335033879293
9.482678179639425,25.107231991600905,15.373849162864332
9.480199140932813,24.948071366492474,18.884064074824348
13.505033172842923,25.377433396241045,14.27937403012227
9.68168555525037,22.34758440999617,23.19423470972904
9.36641353352704,27.62113530986613,18.69622865079069
7.6107575625555945,21.230183036829818,19.77002443734065
7.93122307909998,25.716225938567067,21.155174858206514
8.454850266338358,28.38258540753002,18.171452717110817
10.357634365146392,20.86131205606726,16.71748499801627
7.108211507116854,19.80300637457328,22.16512270539706
8.48810092457742,20.80217078964992,28.66713920588151
6.313003128710767,30.3871369489991,24.849533677068138
12.251465752724684,22.258821260943254,26.291493523818897
9.89366250138978,20.278465010528162,16.236096673218732
10.264949342208114,25.527290774418994,20.55329435613172
7.716224318306981,15.175233833297654,20.527784791551937
11.813553569531672,21.102121662449456,26.870855632845796
12.435571346765709,29.037151047672396,24.875623524369075
9.821799170582398,21.09951797243126,20.659866023579617
8.828000989711235,23.426350267528242,12.375386078618424
10.705086271159793,25.285296823761243,16.780651487640046
11.037330859175782,25.287153554213376,23.768496562126668
11.2840092938747,22.51605538167524,20.049117109834423
10.908281250564947,26.130384936752304,20.870179934936974
11.454466207969789,29.144851114720957,23.69316478193063
8.439402337791917,20.74348608470147,25.714050130513485
11.359671486089725,22.67713584399418,18.262579985909568
8.874081737953,23.947748468639734,23.607451552984127
5.131928349438964,26.644521217210347,27.584656978704782
8.857369290596045,24.410934166469783,26.869096975764784
8.691895934525016,23.8739954489642,19.229810965808962
10.13868739813683,19.109612174548122,22.45001703457672
11.225143647910091,20.504258814690544,24.227930766689653
10.05091816767287,24.945468313126934,21.378586565877566
13.355720907459146,22.578637986648538,20.328147097410294
8.744438990189073,23.153979480761944,14.551209602721581
6.082363192906312,24.092723449942774,17.926201427042635
10.205949182406197,32.14463660238816,18.58822173965092
8.70836918412319,22.63343865290599,16.380631922905486
7.724053449028367,28.946288796082527,21.72704411421
9.15848942939354,28.701342054587478,24.679576152741358
8.27419017737805,26.99259684352063,19.66502147090447
8.453684873541462,21.461066874846168,12.705556596713796
12.470956938039627,24.759555701584517,20.83834555994217
9.926270550502139,22.99185701813567,22.36854764343377
9.217042538587794,31.04829396349682,22.104832275032276
12.607658241893592,25.67568857585843,18.487537464661372
9.16223263752215,23.58584224293419,16.600522467856145
7.461165999831817,30.27948274770994,24.75695886473369
7.2858483550264825,23.119112542144794,22.67174109374872
9.554407191809226,26.147889377210902,18.643192818745597
6.711102483408917,26.653082649147358,15.445381806412595
7.566128444474906,25.463720364698823,22.168166338795473
9.006113276461408,23.94353862149788,17.799572839290235
11.760127979113532,27.10569690215543,22.792499517133333
12.051099318436366,22.189674423368185,21.915562110911534
10.900557838227346,28.030880694173383,29.399942515558212
9.692946090417134,23.357262377249008,20.996181148395674
8.661862136554314,28.781613822818862,29.102959722599167
10.406812504431477,27.80505519011989,21.61945997755854
12.94317778687715,26.140212223727428,18.69898577831615
9.957378911355583,23.997829080785174,17.183620358307817
8.859159509977752,27.993957277864077,17.87958571998253
9.413049265820506,26.213166723437336,22.973411660486512
9.214619943325586,13.524619071233682,21.803722758439847
10.698742072888368,21.560663447222517,14.129305247663446
8.31011405376704,24.865276266058995,25.278638850691
10.439252160463564,25.237084083388453,27.059935541139097
10.734054022998226,26.668977745739475,14.089722074121784
10.326164995194226,29.48863610649245,25.246895996133553
7.723037465185714,26.265291597962328,27.86406203518855
9.427958876912044,17.317446482777378,14.295356515350019
8.741230449954672,24.962113520999573,19.477680571508547
9.565586642810205,28.372942090139645,17.986770495475955
8.486768779174072,24.67381948591172,25.098196861599018
11.962882394132293,24.981552717646807,19.682715052216334
10.040135817554523,22.644262874055688,19.52720671246166
6.754989175271829,27.479895722608333,22.942937763744233
7.279915259731389,23.116858436715134,27.38251510933273
11.892658071853608,26.28606911114373,21.05958360012379
9.372268013484021,25.735623505332995,19.46413785082447
8.99054387832938,24.481637853986946,20.191023706617393
11.753944271657751,25.92171393766801,23.866763477281424
9.424239028122972,24.97560285424156,16.107607022398792
7.524866521261943,28.57899066715652,21.2358907272353
7.6476942241543595,26.567010186846446,17.64282945944564
10.842072730470916,27.78307039702497,16.608309490719822
13.393619829049875,21.740884494152443,13.715753126558914
11.228009547771142,21.530826193137546,19.291535890131986
9.00496206318747,24.51008752211248,25.50703988255591
9.287372849284539,26.8106811756864,13.564813691204499
9.788226321578572,26.08042544831895,23.416602251916963
6.023657355583547,21.78325363313608,18.769542524200723
9.74271351690881,26.914883292712176,17.152759788817836
10.763045395095485,22.196735442608794,22.641115071973708
12.926747494860496,26.557400153417824,26.411211247327714
11.685137248597261,25.25995418538775,27.14217349573297
13.21246170710613,23.545844087760763,22.4064269338027
12.758658918192966,22.504474867947412,21.025890333864755
12.238342000309425,24.746154862023545,22.827057851827508
9.747686579075367,24.5782088480587,30.960152882699482
10.327638250422483,20.794009940760308,20.158548173833587
6.660288348971953,26.316946161216038,25.72625533551058
9.937234826209558,28.174891609400223,18.98974663202044
10.730411895011049,27.18293294487927,18.06054694778575
9.184282428342732,25.355367518517678,28.198711386131322
6.894222534579848,22.79271294148414,21.3103635888337
12.580700398302382,24.73195629267579,22.175809327998248
10.439047147781489,23.859603476250324,23.433097004383235
12.83151064047231,24.716408984716775,17.818669336324962
11.050755656184311,27.437084764767047,19.59073471692102
12.190566686085983,23.938134007264203,18.796017248975172
11.816821311845064,18.144943110543945,22.595493882460538
8.463451879992807,26.97848297604898,22.729877259467667
8.773673431227202,25.63064243438966,18.95800395594741
8.92035197767705,24.802212451653006,29.20828835474292
7.941228058068585,20.365840277869946,21.1932235104124
12.912517635811902,21.51173685688402,21.700848710616903
9.776930865306474,21.903452681653928,26.539621142071184
10.536304827163288,22.34459702895279,17.887780723881708
7.277526074873577,22.658114696157995,19.26859995663606
11.189823090197159,20.34124633529333,22.413467704632975
8.954795015558144,31.50803660692396,15.544948961092777
11.994967977847349,29.332010134134023,20.37393391904382
8.452551877149526,25.228500720784577,29.298419426886987
12.12403603092761,24.187247752271883,28.433046255920367
11.41236514529366,30.41887869911777,24.799143542330437
8.85244450034544,29.739612777097506,25.912734552609358
12.28047017693925,21.821276696150292,23.224185752416176
11.790818359754798,25.129716092315736,19.617090910096362
10.59113013325996,23.688944802318122,27.7099494098168
7.891616336986009,23.397669664128685,17.599584684102155
11.156204471686156,23.74567143635745,25.077000869169876
9.820138291011515,24.013013074179202,19.314162424167723
9.789814297876061,25.00596688934046,19.54900076869304
9.834369957754058,25.024942706109247,23.400777532154855
9.645179708107715,29.1179047693808,29.232505832867957
8.124565268033502,21.59691967722863,26.871778935171374
6.942043800571623,27.53918049658227,22.621167260623764
6.5664952848192994,20.69871142491899,21.545203165316643
10.244803261736523,25.093431113707517,24.347757021636188
5.288661003959458,27.795221886872863,26.624138164744654
11.021725557138089,26.206248939635117,14.433825621339572
10.621222065838364,23.24015370214008,20.804661043536274
9.149037894840493,25.254066418615988,17.195507917291955
11.56827953466233,29.83516856731493,20.447148083210184
9.226668947331163,22.317804513856416,16.39417200675073
10.461791543879272,26.1979530669505,14.256333564237408
6.13612704221987,27.53304173161127,16.154920126867918
5.6198838239835505,23.000117570749694,19.141318817649783
9.271703693443978,30.113492380545694,23.58752591266592
10.46959782836465,31.245306959115062,18.125791319228505
11.42947504478258,27.9650014434405,17.923751894480844
9.377384051926144,27.97211580546938,22.843294632351455
10.148752730188983,18.508847060677272,22.418476761410524
11.130955545792192,19.87490524532455,27.938525170734813
9.467477445070285,24.017111425394333,24.945276380283588
10.768809901221378,22.096526471817246,17.29899171174829
7.645565409590198,26.39669094788379,18.6847883850327
6.685295274877184,14.761468808923041,24.211273209361316
8.728367250134202,26.375013772987533,17.842451537966785
11.110045932389992,23.71126765076728,20.035071947103127
8.405898235469003,22.484978975548476,14.629241240220253
10.884469690947409,30.68709309056392,16.20416935019235
7.8309046225516745,23.2679766380078,26.211585108094006
8.639824354497017,18.883843373101257,21.95205214027195
10.140513240404765,25.8308195819626,18.84686358670823
8.485295189350595,25.580277258205456,19.39484632730176
8.793718345576982,23.71730943424727,27.989669666454272
4.952687847190457,32.17682881916612,18.738421831327006
11.227428137143514,25.003831858779694,23.146128123593172
9.484149821448149,27.699550081167377,24.69869376168048
7.979504035469754,25.382277039512275,26.935385893956298
13.035341118888745,28.556397802940623,17.98085424152324
8.263776784452478,23.191561959764112,15.842173164840506
8.761719631136394,20.73754885290205,16.995671650333634
7.949550465494561,26.865225949104193,24.151019545371938
11.708862788076113,25.302557171558828,29.068430774152336
12.30949928627555,26.963994835112395,24.28659155528672
12.127685755305908,22.234017818719977,18.727963649975855
12.110336534792387,25.90863478875992,25.932519972953013
8.612895692677213,18.959179240845792,19.47052419058189
12.743820253033315,22.692717715951467,18.056345310908405
9.343998770146692,21.939399189663195,20.00741874226094
6.892400442830683,25.961466916641754,19.033619020635715
8.923799899619153,22.677872996296678,18.562602867027632
10.293234111771364,19.701029042726063,26.064854500678383
8.526418056925976,22.396388507539065,19.28848008082391
9.967353357937332,26.30493684753871,15.109567730893676
10.676593574659625,24.7391290675181,23.584894474388737
10.447316317395448,21.80397140239233,17.576932351583714
10.892341832179575,27.111366393191048,17.702656479934358
9.372311839674174,29.54411342141487,24.03483656859511
8.376344619977486,27.34457365975095,18.47083182846166
7.024287222714356,16.569892756931928,19.533895397050703
9.539832193960615,25.094469138362907,21.464486370992304
8.72224079028869,23.82485508633663,20.18326581563401
9.484479157268336,17.480262573007018,19.62605177512232
5.931528142186992,19.977110770645766,12.162528575418847
6.936447587328418,26.976870429170233,20.625835062984244
10.628163165476941,24.921995488025477,27.59247309656927
6.72342372541157,24.57012849488581,23.75561179028209
9.354136242068591,22.122188779702665,19.835545015911165
8.187951672376505,27.92565418398148,23.13370188315684
8.07232315551402,20.18016186625911,23.746708102331823
9.85525939373682,21.325442809649484,18.015962385406638
9.751979679722584,23.235514583936446,26.202981503231523
10.69422759215765,19.188784603634545,21.93599055961801
7.694350463871272,21.34643735065649,20.08191411332925
8.090288619455245,27.856262017107284,27.50270438586203
11.744279530796556,21.47163827011531,13.233510131446188
9.29116938461528,26.915935267298167,16.71434357995295
10.365918688715354,26.427085656070787,23.802249609753243
8.795240905885962,23.735739807555916,23.92892740079639
10.528545360554586,19.54657071153999,27.722480467506198
5.170474687061561,24.51243760148049,12.501671747125533
11.79555183840353,17.228783916854965,24.648926757072598
8.87137642618694,22.528177989322067,16.443138896813227
7.426964873860516,25.114908527662244,22.933709271723604
7.7662564678435535,27.21296535455744,21.046433948115965
9.220269808464067,23.791640755700076,24.6146099600937
9.499080351271326,22.263307704809687,20.382040548838848
9.956972192690612,21.995133113682815,25.242962106719826
7.529372538058539,22.731193712983796,18.07047152682624
11.285531567381753,26.39084586840926,20.982367793250386
8.74582059164957,25.472806661609837,22.051861737557896
8.654748799566555,24.22624024413511,27.83913491840899
9.288191437450521,26.410620229461905,24.548500120492253
10.906353354603903,24.30178866572396,22.097004159189286
9.638300736288837,19.828277034822076,23.79524436918675
8.71293451519927,20.58041389440514,25.536004373960196
9.110786586516294,26.315622692295026,22.760692947656832
11.918863917362469,19.69715362986434,17.301550758885877
11.620776204307651,23.023733630372277,23.750663009505292
10.365827391330082,23.9175838505763,21.18957395084647
9.970468762054123,20.838246214302092,19.923342103140612
13.910764189710921,18.713067868119435,18.237571958490275
10.543596480788688,20.364521714531218,23.559395741716738
10.028711142838008,18.23740595044271,23.296803219014162
9.332208131251166,26.348965231958736,17.573292430569577
10.349389121919407,25.631536087080264,16.986161524471143
4.157639020148002,21.755247546209844,28.67733229045262
11.570442319712887,19.71936690579343,24.65644826059212
7.38538026022086,28.207082807739425,21.63822209091351
8.393096593971162,25.775159776793238,23.664356171314182
7.1516678096759545,22.219523905087165,19.47584055767233
8.359725652068889,28.27685908480943,20.627650462432946
9.08060774589944,24.76097531242794,21.383725564449524
11.318619158256693,25.365348337989182,25.060780892139473
12.046097760504685,20.809388071120544,15.788027332860889
13.232810534389438,19.2206013759699,17.320993294409284
9.886072568235479,19.040269084603583,16.52350789163613
9.301304352570053,31.278161585261792,24.627158667682927
11.118813518835573,21.52763007834782,20.906436712355582
8.14545823615401,24.518331144114494,17.726127806600314
7.942152777021171,25.839703416276553,20.436068583464
9.031672328616244,24.230242485141687,18.835959001156404
9.638408596993465,23.783260765148782,15.705315208519234
5.9383232625506395,23.70856102691796,26.215368723609263
11.641848037585191,25.907819598069967,20.71756197670263
10.136935445957498,20.816659821177602,26.305451791488238
11.152719581958783,22.82420071800967,15.649763386963734
6.841715208548317,16.58248081852436,23.266674944776472
8.489575827207833,18.05879334647344,15.674231755803856
8.397286081462802,19.95153522564196,30.836988864133964
9.331007627332289,27.16005181464881,14.555113612796202
9.638916039922528,23.386446809100043,28.304435883813255
11.282647179898055,26.63631493663467,21.22268526086583
9.87974199745263,25.58936633630867,20.58730231730303
8.350708410683206,25.17132169221132,23.598429458902146
13.6816389628212,21.137307738695764,17.641709160005366
9.21666422020502,24.551040375342474,24.36192147107421
8.049586063713422,25.152508365778377,24.6475217971259
6.269023913394517,31.672274900120293,21.34645659737258
9.864545778085823,23.140859577902702,22.27520352993737
10.957196634552524,26.752935206278142,28.825616106117504
7.625253998740469,23.885004162038342,23.839593252842135
10.837482537966736,21.947459476196023,18.24939795622991
9.852226764391121,27.212941795980456,24.227078636906374
6.472468343091835,30.63680753130248,19.20205755190939
10.838748343142996,25.177716850826407,18.446950294931696
9.217608648440404,22.011836508244432,23.299326289153253
7.650480626776991,25.866095557178177,17.3634954615927
11.441560330532514,25.236074377946125,21.48093786138626
11.406914645077649,31.725289099741858,23.92763392684363
7.6110204508210355,26.78626792850229,28.747870747777554
10.234086271774187,21.17248743615931,23.789503568882225
10.069958543150822,28.570222721136123,15.56712243007086
9.57638547285331,26.89745601907777,16.176227660919437
8.761505747633526,27.433577398223466,28.032744906800612
9.429871246693727,25.790388366059695,18.826409114522303
11.408076083542166,27.67780632918072,15.385784912410776
10.444654699190016,25.776088308777688,17.381399867191274
6.19128052763423,23.447835613309806,24.39710859876242
5.798903053255822,24.749632556606645,21.740075026487773
6.320054555675036,23.911562916132986,23.82460474825951
7.228052660318227,25.443643829564323,21.17127783909894
8.325588274566709,24.566132001263618,16.998871397177997
8.876081405527131,23.246151113097536,14.329726017173098
9.58068049332166,23.69161498974125,18.045109664751088
9.638414159359405,24.287942558953823,21.77489402591075
9.611536952888782,18.3333840193964,16.684148657631773
11.781407035945273,27.73184463375728,25.13331806533003
6.648412271262675,25.46556250386627,17.39973321651432
10.307800755955128,22.25151215620822,14.857315734933081
10.298960847939329,26.280501693011363,21.302580785301476
7.401914458405458,22.59783252093298,24.26681733992914
10.671487882142566,22.59772996035358,27.120986198716945
10.378080398615396,25.555032685604417,15.013990746120534
9.621280321454785,29.09258866358614,26.852390509798997
5.29979648339323,25.237581301442447,22.02279982118552
11.454087794260442,21.700814525067745,18.878083114595373
10.112570153188342,23.121425890131977,23.955169620692015
10.434512478014252,27.144308437811603,26.58600131314836
3.528884177795878,25.654337429158367,14.751632312554568
8.732638945552065,27.514230577671054,19.619365599234534
7.090685277389204,25.618081195347663,19.175767266887192
12.054027926663396,26.882286970130387,23.741353641236547
7.688861969341094,31.043536280545876,26.994114769176015
12.392264708837683,19.769727782200526,21.58626002603445
11.434185922257246,32.363931222367924,20.160464483205402
10.102856521597518,27.437244788043294,23.036907224330946
11.766408757224687,33.09365666589837,20.385539855671674
7.981160460524668,21.006106092673402,12.838754008647188
8.307216983783439,25.581212524039103,23.31640724904231
11.378698704824803,24.833911455099276,25.14413568626273
7.9895397489761955,27.25985945658978,25.487416424661316
7.287013829625531,25.87367814889348,16.79162172256991
9.115240988535527,25.498413604493862,23.667916703964938
8.09450447257102,26.909388710631927,27.277793097848452
13.095001624095111,23.942187793825468,31.16940668239844
11.11115302768832,22.571971096848678,23.167836091729438
8.651707411194478,25.818385679106587,25.13705772610038
7.877512422650687,22.56533345915261,17.428763778197425
10.31636937529114,23.879468645113523,16.91874177802994
11.861330817100372,19.47228345844834,25.150593517488925
10.229455394207005,24.487351798982246,13.360049173406178
7.96912777999343,21.18904153571813,21.905859637824115
7.085200628242677,24.189526196065444,26.879335787297997
9.011876254891979,20.6618075233072,24.07908652351039
10.274857272689419,24.235238201824803,24.05367042986408
8.843717870557336,27.31401507803142,21.107063423540975
11.534037348340526,22.30393426422881,19.701441410555358
10.659454525616177,21.173477831071665,29.70362375863312
10.131976036855267,26.918497113219207,26.111212205877607
10.623555853670371,27.35947772032485,24.60040205027057
7.171749909924703,25.720135547467386,21.40859823386874
8.79322120266186,22.740733392469547,19.021934476077096
7.806750161867029,22.190552507210054,25.51057759034396
10.399584777894992,23.189522835710324,20.10315576874737
7.834480644080935,24.101800564898102,21.606953260366033
9.849125907464183,18.51981967623315,23.701200839367242
9.400589067948728,21.00644841093086,22.11691978588489
10.791985554717055,28.49041631903193,27.344978767944717
7.5220597389916515,24.99488381979985,16.152172256452054
10.522205408222657,28.410384868500923,21.562612632492133
7.753552159943524,27.702515675586607,29.638450913703075
7.944937727622191,23.253279897528362,24.798508280445088
9.440475010994813,23.30387570968663,20.53152784156013
11.873680460217,27.537985838233645,24.415401080145735
8.168285069038781,26.841475608418914,21.113821752015447
6.4643918758208025,27.60784110436255,27.01884889185352
7.979600514680695,24.254680823897644,24.502886920294937
8.99900528928021,24.777642632873928,17.92058500195011
13.101663469191193,23.443871698951394,22.229610652554907
10.406762191252362,24.120880594802614,22.93264012402051
8.329082857022168,22.003094732816994,23.125623203544396
9.44288783154816,24.04946831990555,22.543122761062705
12.55916267433185,23.763969334307546,23.502504472012536
9.262515673678696,22.763220285168835,22.93419896811837
9.28435699267965,26.950345436954134,18.48736754540076
8.962103187967756,19.575705309466773,19.519747964860144
10.966840041754011,25.430414575010904,20.308751676349694
8.743774996640044,21.212337178465773,21.672569445113098
11.28756161427873,21.45969743032021,20.321487663067483
11.634242751842462,21.74682727367376,25.601233197450796
10.816551562226163,25.877309857206775,17.55550010186884
9.29194348263767,16.73692348174678,14.534947682435966
7.154786939222799,24.86514650952178,28.970692329502622
9.292367154794936,24.45227019364,18.111738091155342
8.483197789627605,21.04995570431704,25.5914719738876
8.282184689982842,24.910406880432003,23.673499756543023
9.264350174101855,20.23560681565635,18.249176622454556
10.572208639162918,24.153387289427812,20.781414147569002
8.566485411740686,20.109186793698548,20.20037919459077
7.197841579534866,31.16862331193798,22.689881715681068
7.955081298619717,27.185709514554482,18.307033552551832
12.776429177662738,25.12566241647055,20.611586398843766
10.698707263010888,21.1001495271428,21.15471737052188
7.95692393189205,23.376976416086478,25.59710116116264
12.045987791668017,23.51545800259172,19.696658640898665
9.263273912912302,25.11036703543276,17.494953762315166
13.846007028845756,25.63514280427341,19.17561441317287
10.176935019714506,25.053333813262277,22.7314142877153
10.729244490594823,25.446728240911206,14.390801170153013
11.223864961778206,23.731001332943123,25.969529152162718
12.404479118554143,25.447250210551694,21.3766408415172
8.901009041977874,22.16292083988505,22.989542688488115
12.247185891718543,20.73727873234193,22.154818981316925
8.564697545291748,30.490400405925655,18.697288944886022
9.04216851124476,25.693621519668213,17.079424464092448
9.716236044351048,30.350390049569405,18.568132610847414
11.37518342489854,23.379616816673384,15.426484933556347
9.099013829872003,32.37590121234251,22.65818661415423
12.704312861819522,24.566674937052838,20.66526229839467
12.114139822488236,28.13896558125058,15.316143171460507
9.772066065468138,24.410058356535714,18.89562702340555
7.941783986406186,24.85249055584416,23.843328933038375
11.522035846236134,23.91408005113803,26.342789001290107
5.8859546233823625,22.64911116794207,16.292853579075587
11.049155457040037,27.583811616575197,29.729416359104476
8.200648118822537,24.2703152651706,17.558287991864276
11.986400028758407,27.08196283199921,14.651424652785193
7.177818819776586,27.32771039258523,28.154080362891904
8.49480606778593,29.038034662551333,17.240739353763217
10.497422314205684,25.710924265170856,27.242948022895508
10.794934056990943,19.238246532560485,18.70690531517234
8.560499738772807,23.22731068059339,20.156892262665433
9.095532588080502,24.21557572874898,16.210058520108916
11.433797995798521,24.341590366282478,26.282011428691877
11.532368035752679,28.71662447039522,25.74628387430157
9.059794466279724,28.106360765268867,18.724090671037498
8.59502001738438,23.81453705247524,21.007942658354605
7.2083844652864695,32.44081714650392,23.882161902595083
10.161618644961926,23.13140298935497,19.46148522901961
11.178984845162681,23.40323495819866,26.62046230292715
9.97546823157404,20.640465826371308,20.88717925185505
8.016506814346124,19.076794769931418,19.274027592074745
12.95146617355181,20.346751267024636,15.12694325231615
5.8718051472382,27.69537604219795,16.25452033600429
11.298372129217505,26.784031734917072,23.595342554813122
10.094415584713733,21.340105971396955,22.218246523793063
10.552995411353088,24.634595272041263,24.481268813940687
8.267970199745447,27.001671876393054,19.104891919859817
9.422602371824253,17.488205038873332,14.898914431823576
10.233897982101787,30.23690791503975,19.364381749406963
9.543808219663443,27.825999016832583,29.247904597889132
6.43535180123492,27.015224271341552,17.537185195721545
12.816752129591288,28.32697187449745,21.157931058251137
10.88335952252941,17.460846889235814,11.887080185913428
9.762959121380206,23.56778378859322,19.272491109882935
9.880344938254007,28.515537248260845,19.685652304692233
12.764403210380925,24.276451553087746,22.594200994652898
8.348233651915562,26.787966640582148,20.06000605125129
7.937816505389973,29.15138567710113,15.37752512127675
11.247140186197644,26.657138230187666,18.710760127458833
10.542096189116927,23.436673879514313,20.504506970616223
7.862009101327299,26.228616316202164,17.41494672500466
11.681402598302162,18.702149203710903,17.981632787325754
10.23682342000172,25.942676744399208,25.22021140417014
8.065716536496964,26.81127958590732,18.862976038733613
10.59238945629661,24.805682150988083,23.0158248343499
10.320061746639256,28.191124648059446,20.609855085372978
9.539758627974617,25.233403829865672,16.50313807564179
10.399445668649376,24.792294340895612,20.00143582176117
10.839666955749616,30.438303200141938,22.434844527336573
11.363829001705497,21.091241992355652,28.073447667262926
9.895277571786185,28.96364839169934,18.28824842346661
9.207480116592865,28.69843106483967,20.967535874718532
10.135091000438667,27.13173931416653,24.845422754358154
11.86740037389399,22.944882120548996,26.216042780258842
10.846476845223455,25.448030199319167,18.76923749020223
9.105355840472829,21.60561957732498,20.69240834123494
9.801287971709197,22.416919605502915,25.639514220019286
12.731500750048776,24.740332361303413,23.29465923895345
11.0637118908932,21.33987440333885,25.330432141230816
9.976297652263462,23.518339736049565,25.868549597484275
11.775488646866043,20.60829325445704,23.459517146347793
8.711575757238426,26.487297539396657,21.859832172835972
10.298608527959008,29.776783499197542,18.683198205225814
13.113631468498735,31.659678060700525,20.34756731828198
10.889459822614498,20.837709846213716,20.60634228160457
12.649947657082883,21.42629654389604,25.976083419129147
9.547557627641664,24.13259110940929,21.987733960329624
8.833310157302792,27.05483572563778,22.02466029814018
11.811596244269836,23.99180949455686,17.42326026609118
6.372463408294708,27.909781320496585,25.997478897918764
10.02794617477867,26.464483777007178,18.307399660616174
11.576194959939423,18.759685018446824,20.189577847278848
10.723771724818402,24.867601138992278,26.40668821026155
5.873449544294594,20.53100507630193,24.757772674387418
7.250288989893498,22.787932473579684,17.98586739323057
9.491819517983979,23.30073913565397,17.09258514628326
10.564255597254366,27.163393572340947,20.50545195422827
10.63571676030537,24.580917659674867,19.052003346203882
9.68878173719551,23.117878762219355,15.577103536678468
11.029036779162304,31.700056554583753,18.36215268669646
10.495149087622096,21.68417937063145,10.582615944314796
9.465928713356611,25.641284984530664,24.825502083394426
10.678432447089723,26.911534321242545,24.58004475969627
8.521609576218307,25.23773881828463,26.797796944028846
10.85901416928447,21.664691728271446,22.677633995114316
8.158637132567074,21.493701474695275,19.55162765869464
10.5871524696117,26.751795324685208,25.291271936199536
10.542396870755773,28.17394412393508,18.564297875404076
9.156049596331009,24.496695949747416,16.12655131235484
10.855609366990091,20.25827045403009,20.725814327951756
12.507710863641968,24.705927831357616,22.903088464402245
7.843573629253741,29.746242061021803,18.133354428019302
11.436640111224513,21.30099919036073,17.2147219332392
11.677418057114531,23.607265272884355,19.674309963977777
9.322787348379245,24.865464778743057,22.90644336796001
11.15764094624268,28.3167195564425,20.73282556909796
9.23667783933227,22.896961226237387,31.582339192302058
11.986289397345152,26.292923321143647,20.769327243518486
4.715108784432594,29.330901435927572,24.227516656046603
12.329698278342477,19.707066543482007,15.649870398497713
7.675653743547801,20.278716036094828,23.588882098964223
9.863745308732872,24.35675379570086,19.49683544606545
8.218610394375993,27.954887007219668,21.26404113041065
12.423648570518253,25.785622878868228,27.878535708132294
9.283113436089932,28.254187397285435,19.848167853240284
8.713370071963084,18.968262959033197,16.19873807812087
11.738725124890689,25.829107270825524,16.806799482559217
11.032489626837869,15.13366347397354,21.974283158736828
9.09278476131254,29.115727951467427,21.762785773141562
7.896035628343284,28.653180146634288,21.600680946618073
7.650234836797004,23.57004136915834,16.286449867989536
12.020625915795058,16.9331052263315,29.20276586992236
10.462452070904002,23.970516856476376,27.01159117782831
10.015607512231009,28.410322480194807,21.808262455865197
10.595858469025965,26.05657085082975,15.367600298280806
6.153448983862186,30.864028113258396,27.47937587994451
9.109362812453474,23.67678152817946,25.73361002514117
9.15769697884572,31.470642003798257,21.700977063287194
11.486122997803076,17.894085196017002,25.975197835854303
7.026254945722375,22.124643535905548,19.372143096445125
11.6176413654361,20.32793183449341,17.554987017454007
12.965849573263156,27.13334195704466,21.91373803830568
6.571254665790333,20.608368775968444,15.244305572432957
9.730309031640122,28.03915701565041,16.970488452792708
10.608801771574154,26.96537216794005,23.421110610483563
11.288966507987478,25.270012789512368,22.235933571476906
5.760552578709584,24.285285095349135,15.911518676445294
10.314463105156955,21.135393524896177,19.704914457451096
9.301888668629044,26.675080044204133,16.08153106013002
9.184437375112399,22.951810434695552,19.39458194067977
13.465677961687899,27.21613839649926,18.96827453784346
9.307681099053971,29.660729084537465,25.169695679711225
10.51873731742415,23.60683940964768,20.688492644437165
9.480996544843375,29.065226790803937,20.351302316989663
10.139034086032659,25.277808231873895,19.769505720859613
10.70579981074023,26.640508254288324,14.589570305545122
11.325878007401808,20.2122987446173,20.915297838542234
8.285912476289925,22.34062259971393,23.18303348592485
9.977779995753009,22.30420771581909,22.203219713138388
10.042091528776288,29.15001838341123,24.001190261540692
6.700565971534141,23.46527104759353,24.19103630804248
7.964334043782809,26.745934016144137,29.87253864158488
11.32148083272839,24.38619971304789,16.897928288252963
8.859833244719995,23.445105922342766,22.215415451442013
14.453844789436479,19.709189151703082,22.652462188657296
11.452787949280353,18.245020814893053,20.05279035923387
10.522363583140576,23.505747595930867,18.83326686238758
12.448922464813938,23.700822284904756,23.245209465797952
11.106356348052822,21.696667296772127,22.870901939708418
10.0352988368951,25.126614764119093,17.19299813238186
7.126218562182131,31.21880016826631,14.289371140000114
10.910914154090616,29.641808242564274,19.382757569779073
12.24201887939502,24.584199010261084,18.673610557153513
8.620974584068694,24.700505635653172,23.650642839402778
6.376634140267727,26.651044082813506,17.696475698563045
7.753897176071327,25.329646812515655,20.607298795388232
12.901440426477867,26.65687055827456,14.643049630989587
9.845962788860062,25.42475666172735,15.249194238978053
12.356777836600752,24.81605074230925,18.299004254000177
9.734661350141376,22.31653689276989,20.32292761574479
8.796328824225505,25.671606632993974,18.10271559690152
13.584962078573387,16.879776100801113,21.856666558873876
9.023655292338855,25.344730078445245,14.665069983067148
9.246694141956496,17.532920245388347,20.46138154683017
10.538301730411499,25.347427385268805,20.506503845300948
9.172018077188364,21.1790992613544,15.653394817720487
11.116271488371321,28.73881145805258,22.190712979925035
10.511601902337128,24.757083707612296,12.84079837965117
10.583658489300944,24.463676594937468,18.62770250768384
8.577708485651197,25.8176201027709,24.3712063851266
6.674432716986226,21.56358342646052,12.622273549069025
8.185418198555062,28.216703059685166,23.916949737463828
8.345914294769562,26.78180037803447,16.752819407522693
10.23258968728224,22.613551551556434,18.99725586890278
8.216548782147765,20.912586975796003,26.78558362105328
7.033155406643318,23.04861057239662,18.854962097602847
7.613197616760619,23.939319312239,27.593692442838822
10.405461723640215,20.666164586431158,20.109459726077556
10.95110119539725,22.76951621661207,20.97000469580577
8.77791634568243,22.318296353642946,24.584812968645988
8.971869659015642,23.622484074839992,23.421862885835235
10.817437198369372,23.6492337212031,21.90096318977365
10.001187590192483,25.935130614561288,19.493035954994046
11.858651193568281,24.404666047773432,15.25162173742083
9.413058957944948,25.64692306544799,15.44148317756717
8.186782611583627,25.13364354897563,26.421336267323838
11.677268155514566,23.647046581846705,27.92780930530875
9.133443586842754,26.590472074615022,21.805353740416084
8.264472352081896,15.107577391316772,14.382603908876682
11.32492372114066,23.09806622558739,18.28812407937412
12.33763058189897,22.388294844983047,18.094614271169497
10.033507680984238,24.699898184092522,19.132461821563677
7.8722025718470805,22.174976848681528,17.849673863302122
12.493303970882215,26.138815119351857,23.33032012305601
10.385631268631888,26.729866984544408,22.264834667802134
10.09992160945453,19.663593570338325,27.462244687409804
8.964770913783603,25.048716401354284,19.782301697495182
11.756284552002239,20.008994729981538,22.0807109727693
7.68259240996592,25.906869484794974,24.1904001354896
7.509216145329715,22.737090235516213,25.284519189192796
13.148003179340378,21.605877910531635,16.483870075058395
8.1303890404518,18.56999810968209,22.878891375576412
11.44662270244549,23.991186232878917,21.87196750573776
12.208754072226913,20.42069755853404,22.480905865796288
10.08249792768187,19.330110455282085,21.532582630555762
8.096547572303988,24.922975266213985,27.98019981788156
10.846195627199076,27.546968027205445,17.825729622433947
12.233030220016882,25.62148227587397,17.594986429367847
10.323321078182662,19.506197557610875,18.098205649556682
8.341454315588114,23.84177730042853,20.16822548098024
10.257043270850897,26.579888951909517,22.44393635247684
7.1799808838655945,23.843091032616492,19.521045147856437
7.927929782553396,25.390531456503126,25.224617107483795
9.229272128828834,22.835178108371327,21.286342689029727
9.811972944697306,23.011269208057442,20.924133256333857
7.512302910088043,22.090296084255343,16.11205617107421
10.154519430230232,26.35024664117944,28.402251015472835
10.649418213994823,26.561529450380554,21.114938878353847
9.309201515714438,22.4401717668262,27.684709270945632
5.772076508484598,26.828793880574462,18.873168918072565
9.89010841574283,19.519635413158795,24.53943060068916
13.003045404817776,23.72673732311339,19.10577058988029
10.533056166782002,19.76519815095027,28.394264112592218
9.728435097113385,20.508274323845608,25.671009357281452
9.022141353888681,19.725028344031077,24.61319820259659
10.750354360155885,22.103306976867195,18.473609203819265
10.079364848712244,26.37616625391234,28.735974483225245
10.98730779142905,24.03748856117037,29.248108473203438
7.704670079336777,22.34391099410338,19.81939307902883
9.920831138181136,23.718757028381397,21.93048525957684
8.860623855795351,17.411417550259003,24.91456494193727
10.376302442781308,26.215580877893952,13.608501404160847
6.159056111301565,16.770424468530507,25.768893654359363
8.98522949678196,21.930749478573404,25.292328490986463
10.68726044850097,24.035761790234307,19.103738284077806
10.98077929513904,25.792564379678442,12.749973213613487
9.644509188173387,25.100602987139737,22.599411473080984
5.768057843349195,24.13419096916915,16.87871745667481
10.867239513637635,29.1825890484171,15.106003583422726
12.583136471776399,31.049766497327354,22.74576417049113
8.173413621530486,24.323633775409228,26.44002987182729
8.924910417931738,23.9647127522375,20.446166161174006
11.167903765355826,23.764910316924823,25.92204338200869
11.216510425580104,22.253583453174535,23.89012516836675
11.696603604506546,25.55912319574303,15.9445591695638
11.546633585864456,28.55966734240106,19.138922312525672
6.911375078520867,15.957900101711543,25.50914605006733
8.827524231691541,23.731634760296565,19.107174935311956
10.840117446594972,29.286791308805686,24.4945160304743
9.543175957297883,25.61710712674394,19.7004178507174
10.36592288217132,25.6862132828039,24.11289552611401
9.462630082212751,18.936949198422113,22.973507462249707
8.906759920472657,26.652125601600616,20.331660611108052
9.25979124324983,27.680577606703277,24.002914527964574
7.658276485609429,24.969788182228747,12.876493103893853
8.383299086917223,22.103906525354866,17.0658844210921
9.57817571954697,25.783445308065968,19.491849995791902
9.611275382849096,20.8231887151032,25.873539183478663
10.732960908232814,20.37984926902726,15.659921334512646
9.180992808694798,26.987148867451072,21.164712891370012
12.749903488271972,27.970975538116793,22.537986896761954
11.938463721457687,21.81221804732249,22.26541537107314
8.785697998435108,20.396143967694595,20.915509338976843
10.060017113922921,21.35921771430836,18.879722840866467
11.90737232240007,24.96212681302809,20.337984811325093
8.533917542987282,20.399925336856228,25.101584691264136
8.339115106100904,28.60084413783711,18.615614840860513
12.064818495279084,22.742584223144036,12.878570097577837
10.958310034599087,25.527076940211526,23.118078229443903
11.654324681108678,21.810281302194124,27.13377955488951
10.274085186934112,26.25647851561118,17.2002536843872
9.236100998852187,26.53071757277509,26.606928160826946
7.257765215528651,18.67933859985813,23.330602595027095
9.949074374624507,22.023127946409573,16.790175347148114
11.942409726847336,23.77531803182851,18.555453076207904
11.9637222644436,22.540670004461905,18.384608001076455
11.648776521330095,27.219794596449145,21.959218800209158
11.13274536197757,22.299402254247465,20.592999313753236
13.724145841755554,26.694751021391532,25.611715891427508
6.875865202508457,25.923622748454232,24.6125506985526
10.120316874453112,23.93838751323315,15.273369855443377
7.9950851229900355,26.833771492382773,15.766054410390236
12.525441055357541,19.147941513850796,23.695682197051635
8.694215644710091,24.093331185931547,19.289810812039487
11.53547405670425,21.706314605155498,20.617984458004063
8.882203998973704,23.94183029499547,23.431577710952073
10.464882683925321,22.72748961834069,24.648044097499778
9.502499190044729,24.500947500782065,16.489800364274426
9.67491165721699,24.33177941827067,12.635723496691375
10.307208602742799,24.76482700122489,20.858728368541314
11.37350405361125,24.897586200875427,17.96611687389347
9.50104600679748,26.220758091647312,21.55837669011461
11.32227872296065,20.0832513276546,20.954416232087695
11.588857515045563,26.006373760387312,17.495898425926224
8.94086451023115,19.232675042153577,29.43876698933132
13.131050082878879,14.938882821867983,21.36630512996479
11.056228852940873,30.90775097741301,19.062354896698984
8.914821895064335,21.15488788106781,21.695591703560773
10.817522335320518,22.79907018879993,23.366526213544738
11.589934638788149,18.056503679658807,18.833098395780496
10.773216008740397,22.777575992751082,30.34899890031297
10.067408423022348,24.992764935931888,15.36192454769601
3.4185058529737598,25.11330748796862,15.633069606254526
7.939413852515322,20.257288500593077,15.062596700750966
10.93504453817368,22.81376972715942,21.3151756636036
7.903243179139026,25.535331120912904,23.14452392483679
10.63523221570767,25.09913826992246,20.01121421532256
11.310217870231222,24.729653100066585,23.132903482567063
9.495042711000206,26.84742904084499,23.08057287528227
6.488306983565052,23.934883108730485,19.89302230601084
8.359111395615036,28.964033609067503,22.966867721944123
10.946292482033396,23.317957956674615,20.53386036313865
11.987670179906036,26.626636761758917,19.704807270600156
5.911425715073387,26.745901038030645,19.35581489166639
9.847075779528112,18.808838981558047,22.208875399036955
7.029148230232442,25.77702966814678,26.049385423226607
9.86461905763231,22.15553305887765,16.600377228321783
9.414218303050184,20.92035220803772,19.426833184449446
13.995910826201785,22.87816966189537,21.934399559743085
8.719394741678084,24.84165596998611,28.151753029752737
11.608805951473382,19.0575930189125,22.98359801223619
11.536301360399193,24.390060196464933,18.1304506823961
9.34530120202063,23.571117147290924,17.696799208796445
9.916306214615659,27.77789662731914,25.141870874900242
9.700867981478321,22.177636445492954,20.07683634503372
8.34635434946029,28.285905395246584,16.499451358170163
8.188901802652989,25.59577615376474,25.253830781549755
8.95410406141291,24.18780377294723,22.50191993282833
7.628099321806801,28.566765952662003,16.64282521204838
8.789289333481463,30.740485438828284,16.072722922187754
9.344251052477098,23.594661741987792,12.846209495567555
9.994510921049313,21.82070822879475,18.872729754754893
10.507504657105061,25.737098300159442,22.487859749900153
9.342665520652695,19.532840059936245,25.04615915546584
8.300265031967614,19.9415522728016,22.95727802080677
10.474515374847053,28.67802380218786,16.211172209074576
11.139559730812573,26.215731196833275,20.193546825950918
8.815735220305864,21.425135257262625,26.874563508511212
7.911630846483238,34.802408452985205,19.30278630052527
8.88779785423414,19.669850294480334,24.29859393150836
9.369546594271855,26.376071772974278,23.816855078400465
11.784022072933755,21.631728506284446,24.26328603541336
10.962683727921952,30.26658586045668,22.981659920949575
9.694030892249176,22.52139041578388,24.25126273841097
13.159257465235214,23.346546610661523,15.521945608330775
9.636695749985812,18.240663414678107,27.209788993231808
12.273074569237693,31.276863497932585,14.254343642326607
11.922698479623453,22.229866914897844,22.51604454373866
11.794168241792754,25.908631076822484,21.111032872707344
10.284513989279304,24.315830421980518,18.86003318624216
9.912497041118872,22.452620879866,17.496875024102465
9.7093778897671,16.83722599841728,23.44402365989053
11.247285688880158,23.535185139405396,24.42521837899627
8.263443069122843,23.389858119708496,20.89800956515233
9.221421644452711,25.36787236534357,20.171927915435138
12.733876288536909,31.487318606554545,26.29756845553087
10.834566070197145,26.459051926600463,19.655336821550975
11.436482835740785,27.180535906821184,21.135490822753095
7.477500875740766,23.27767557053368,20.50593374262754
8.913674847032546,19.90053243336342,30.93609440670138
10.307575090807521,23.364462647673083,18.02408883663147
9.624516063241009,21.839469070783366,24.54257598721618
7.4698599470944185,24.132262587825878,14.67253332280601
11.082755238677692,22.644539146966622,17.564087508377334
11.660919793056992,18.67972329035821,20.09407866747582
9.180662282276288,28.544378880236632,20.789260497811
11.148231500203172,23.82836304968868,20.229752520933136
13.39294856968386,23.194377512625824,20.91230648234064
12.47609439937546,20.59898827379289,18.61279248950303
9.262121686284278,22.707406857453265,26.32152928971318
7.691587017365736,21.407919820460737,17.398353584856146
10.118887724957077,20.300131456368327,24.203375934822255
13.97148944119433,24.845117999220346,23.942723015426818
12.135256123795635,22.729446960797386,17.603430773845712
9.688900872530477,26.80781759356509,19.868723117673
12.543288159426853,23.09280242044524,21.290307096147664
11.827052220739086,24.68454189449812,27.834123761249696
6.243028645735621,24.58905840595581,19.86021970884791
11.63217330894837,25.589119160092444,35.432154857160775
9.916145263687127,21.48211235966692,24.294718024642627
8.122820152987577,27.312041445809722,22.639647840093566
9.866078455193374,20.346982296483752,24.748430537634952
10.453970349597263,24.442160957842315,14.597535568387936
8.254706907011846,20.26349900535923,25.870320650071317
9.481786935752968,23.895560716331175,16.14101748301904
9.09795684443787,27.284318529943896,24.691671329633014
11.147365952380323,26.160854898843212,18.989135745158958
9.151471642240125,27.846164269898903,18.182856665930068
6.606134527402725,23.284195914885647,28.212787610716994
8.88555053207007,27.34489887171744,20.911339507187954
7.977651136747687,21.98104282855322,15.3288797710539
7.344880583409702,22.76420869153581,25.101665545558976
11.848265822180194,24.735614364182666,16.53945455305763
11.162487246543273,27.147500730316512,26.60691753198438
7.940172905257192,22.466404821892116,21.236789373249618
7.389728483843182,26.628710767169224,16.33207169664685
9.513182870803872,25.07447790858181,24.503201555860034
7.291281137286457,25.428547790251965,23.332644722663726
9.259380763300284,21.436995868060407,13.018889295324994
9.828336740752817,23.011229651041674,21.05267828740438
10.254165148982368,23.986329115845756,22.465536655361785
10.319046907940002,25.43061772959023,22.238059041905064
8.279059290512002,21.595171414510382,20.579536657727164
9.828419180071279,19.971878381938296,24.20542764890878
12.030600414204743,17.155224032169873,23.518870746257413
5.883269034247965,26.79846715511487,21.42146519133442
10.292767278632,27.462699610621907,20.378196401052318
7.555460300147782,17.56755763594739,21.877657558569943
12.255086600125617,24.553497202577503,18.94557554038487
11.186956559977693,23.036601472990327,17.312245062102093
11.128967933272216,28.37705240232214,16.917172854620755
8.14684414435027,23.595615006788833,20.90995073983627
10.180165425559885,26.12746216647579,17.9548394361748
10.382826303469875,22.875455448092644,20.680679283475648
5.384423080324911,21.998233670559177,26.487371710922645
9.966647882858796,26.87024101729937,20.492448579207363
10.81614965509435,27.912509971907703,21.838856263668116
7.126421562919495,20.04913372352334,20.408033949911534
10.795610171209212,28.127179720018752,26.395376413160356
9.881364671763446,21.034440190122993,27.765388679486197
12.213908245378487,16.487594954858682,19.46883231837719
8.948157706133843,24.336241414406828,24.138415498169724
10.02331869358044,25.999021277937715,29.455475315503804
10.321109153280483,19.22230126314187,16.773522769513683
4.590258642814681,17.657735684658537,25.123265431927116
9.054670828280367,22.64244719363946,14.511188789794264
9.857061110442782,22.19431532519724,21.415535281468184
5.4111661207553565,28.888214574901358,20.75368245766782
10.92707190342052,24.340509220494592,14.6426452148333
9.85628240283169,26.76072397087954,25.54799497851473
9.846013710694049,25.002462496407272,21.875778276671568
11.012565593268402,29.55512419377488,17.683719368802194
8.952276305155799,21.312810599649136,22.581466277103747
9.778837124661662,24.005355856958833,24.824955094227118
11.274457938104057,19.04361353079538,14.4017614183348
9.800964709166115,27.01817335144739,9.021585135241594
6.344314315156174,28.031978437360895,21.136242133479804
9.793840248841287,27.223791414905413,18.303677975409027
9.81636263097413,23.882318460767717,26.52010049442768
11.339047050371335,19.310384604829665,19.855365655043904
9.075313386924565,24.010559238604404,22.506806616039007
7.920102979396025,22.029651891858748,20.57078277280533
7.926059534045546,27.39088755052736,15.270779215376956
12.325558373393752,22.870511342515734,21.41901858839508
10.226444570167056,22.79900349237353,16.12784741967239
12.232594078535609,31.58284410870426,15.937009324256328
12.495977622845553,26.977721801700362,17.01944498303807
8.346750477899537,27.904382671432664,16.67722909541409
8.207666317266298,22.58444513759991,20.479202705788033
9.46760807872605,20.613795126106407,19.77123012945164
10.818212511657537,27.87376915231292,22.408151166554784
7.149149180493973,29.298544266586536,15.16067721147178
10.527915932257798,19.990248973231793,20.31839645576561
10.435731059255021,22.566406529373236,19.422799182551124
7.651757405911287,21.23723641733856,22.08546922503749
7.715584244519893,25.912747024234413,22.27250396830472
10.508986015315559,27.939257276632766,21.90949477947975
13.472884685069412,23.06616806387227,17.437942384186805
9.163352036865966,23.05646275771088,21.396293144925814
10.300143645223217,17.744911956468428,19.29850975072501
8.598889846680464,21.1032899362065,26.42538110597794
10.130408540986373,29.349503247037774,21.730239517941925
8.561804627276121,25.950416614340924,21.609579548732803
9.228735510589809,27.403069364953392,16.304507290612378
14.15738209940367,23.076708086967063,18.997431365417597
9.894871202617027,23.385243617892613,22.30929914276901
6.853205241760062,24.36236903619962,20.992953656445493
10.869976998200386,25.386200429927975,20.950867815090714
11.755379441913488,28.909743025639173,14.460558968487714
10.929412222128994,22.046278600948078,18.12510996361803
9.378273003713128,23.837406255637873,20.227806364340857
8.030406090634855,21.642605550812128,25.98656105895639
8.075146918591457,17.706647540049104,13.924801725870285
9.354677389035881,27.382467033387517,17.228070824352905
9.032390404731109,30.153964989751714,13.896970845190417
8.684040095619272,26.864292028978856,22.569092720822862
11.911877281927413,25.071468849422065,25.926013104929485
11.376524514499112,30.50901972738047,22.706027579614243
12.005928732197443,25.837240038955535,23.55115371368128
8.265165942758774,26.989206383504026,17.275061871480435
8.024147838248648,24.772256983812163,22.740781215550978
9.840835338756019,25.28389146305588,18.287377598475068
10.455262028694923,23.854610792753142,21.53301650977778
9.830161217155315,27.089144059378235,23.25944774488187
10.331259280322822,20.64420396680957,20.161481664048893
12.584798833486975,25.704521337871526,24.498642089882736
9.302531627408868,21.442298147903543,20.66199102424799
11.168990634972994,26.008031399661903,22.367142512670988
10.642696787037826,32.32032428330544,28.67479092729703
9.873485045817699,26.644503068962273,23.240204495318455
11.08508644975999,28.232643541061226,18.377395771493834
8.302322615687098,27.323297689076373,19.426144259660962
7.936285835775575,16.508696470687774,24.705087231092836
10.48782355255667,23.858824480799605,25.366554561679216
6.7187909512214095,25.80037625219532,21.15781916362853
10.631005969526308,17.302226675397872,15.344384074687383
7.646735839943261,23.34904646712773,17.594011317806128
12.462631483405081,24.034533193614937,22.00490571815973
8.9787965359025,20.17417258181318,23.563475133516665
12.344880634552524,21.051540987730167,25.218606969296122
9.316310169284192,28.780137118431682,13.374454500524092
9.238557495352849,12.304220306526359,24.698732522660226
11.2759695943354,25.20942003727242,26.865329091314486
10.233200624114312,28.197962880990772,11.965122329029208
9.578604115715287,24.209099821198752,21.27929026207382
8.964531662294183,29.01889680254968,24.255328468603317
8.98193044002168,22.868285543491123,15.795446516330639
13.990717764384504,21.268025584455078,19.352301283508414
6.650963336626919,24.268392022420233,23.484810498889615
7.511394600436447,23.021795606535083,19.261365575224918
11.841930636905479,22.384391810248147,19.881841544909683
11.705394326276737,23.69544120051869,22.161147744550433
8.021049257460248,21.646827064675087,16.73778267390276
6.510589733398976,21.493079106349278,17.139112650625737
12.015636450285704,20.541343724208367,23.12675058017143
7.794830716528212,25.695385137662914,25.000870317542287
8.806182462456995,20.95341673720478,22.85422999564785
9.874939373741602,20.13913539385964,26.608817683256092
7.747854541033172,20.703067015624246,22.93674262328868
11.382469048579717,24.98887793402089,28.503425401681802
9.738095755426443,26.542417894033623,21.556579296366852
8.094696829367706,26.81595857267301,22.28550825021639
8.255059031817105,25.017911132227432,22.872490789675425
12.060500467031144,26.094054187757997,18.85066776601931
9.192668066185693,24.116457021526294,18.273333890615266
10.818338028674896,25.8262450122012,17.78967058220465
9.681829392746039,25.774727410659697,19.132649579507223
6.506724141996296,21.855708813627338,29.375938647453204
11.059256140399553,20.69657966304789,28.403769781230924
11.654404418875963,28.829720454572588,20.021080784032726
13.0532250537305,24.719936075648576,19.659923608350006
6.240950287774693,27.82349508936628,12.927270602717549
3.951615077970068,20.615036940900048,17.422383578068278
10.863131735896411,22.941391733985302,18.143586275468557
8.609232007440218,19.68829748402753,19.58523117952931
7.097386042509598,26.465198610253363,19.07824011145307
9.895706508182524,22.241468270060153,22.13755950016878
8.882271387374434,22.44316717679071,24.32230036355032
7.37733379609069,30.85194246094141,18.46159387081768
9.549315202752002,26.532039924432688,26.904011849284114
10.73103407940997,26.491189911502865,22.648100935396958
10.018371700249622,20.272929259625613,24.764292512736137
10.032164626293053,18.077218212912197,19.58576722862114
10.507034695245835,27.55162914598502,23.43119466109026
6.6216826370431505,16.794725007569177,23.068690697991133
9.606639467223303,22.619716355621467,27.023582669416648
10.136725256775307,21.58100530833684,23.845502453658312
9.012148914449345,21.2007772350755,24.62946323219735
8.190434669526502,22.822830251980733,19.236856861890722
8.341953471935954,20.763333287768287,25.96410004848287
9.166032243996145,20.226367000514152,16.322998778124187
11.36417708737144,25.154528262482714,19.06514439194295
12.479543967933173,27.872167902332958,22.39707467291643
12.108680440250987,18.483518840999917,16.804445446122394
6.8594520510182315,24.955102671872012,17.699600919436335
7.990446298431471,26.11373751700881,17.701550181100718
10.89658279759295,25.7958182778715,22.7767908642794
12.067317364958614,23.558899192816288,20.68008021965441
7.940402750687329,22.299813664792424,25.058555178734455
10.033555587596107,26.841262435916907,28.634302284369742
7.6400156544279625,25.423243629335666,22.354705501346153
10.203209746852473,17.954094005285164,19.305235673177382
8.528922296378122,23.55944025736341,22.736499047294046
10.032918404194376,24.48588523410459,17.806750224400727
7.494518094848871,20.636023700317562,21.051709328579708
6.726344440511829,23.484464332655055,30.902781926992276
15.338872624639711,25.946652363016234,20.507924657627168
9.826200785773267,21.528431051132607,22.480338106515514
13.585174044261867,25.08051030439269,20.67004860925509
12.446470242709966,20.98506778371521,19.702629068418684
6.7231964269644955,20.157118722995648,23.17551803992526
10.358447864910703,26.36222684735812,16.343454184233035
7.344051879328161,28.232894141611013,20.651870336845555
9.160918823143513,20.334518179531745,16.005953861440076
6.269485359632466,27.4926358731207,27.323448419780988
6.834908275449991,24.256373691799308,25.150108325184906
8.144282065715682,16.884945835637005,18.304130680297042
8.706741354033863,19.492928671871454,14.06225624901764
9.770665315796682,26.33768761503684,23.212438206485295
7.814136757855728,18.859770259259694,21.129503618808915
9.971741242555204,22.22783021685897,30.050703355414825
11.767092319968764,24.027453849356093,26.766765962905687
10.198479740521133,25.800865620590375,23.77708102908284
9.577472681795538,24.91868264770752,19.239869810130397
10.321764057820275,29.554669749020167,20.279781452484862
7.088332842080433,21.567057879602807,22.47822462136664
11.432652859185367,24.63032167248068,22.68462843734514
7.520310011505677,25.816279563426097,18.54009856347098
12.524390606464745,26.68665137755692,15.980163677615707
11.102770837773477,27.82175532098984,28.82008527326573
10.712942916332983,22.84587055623389,21.432048705764547
10.792178404388714,26.482466419623456,22.954339020492583
9.696556948855449,21.198394688661658,17.956002999423497
8.268778700416721,24.03971542191589,26.628169435583583
7.985965794414541,25.97917958798885,25.35631069708535
12.887533316119676,27.567559063785318,21.535856427373325
9.888013203462606,26.210250926559137,22.119440008094735
7.67082927361402,24.60333753788926,22.41143627606249
10.640414642423462,24.033728632943774,21.68291780074864
10.324047803803337,26.138456127761987,23.475831680884845
9.100602326670574,31.633870903936312,22.768685496692928
8.065598427591658,27.162877194620695,20.6139795802712
11.038717955849608,25.578192261190416,16.7425435675188
11.421805919164857,19.713949972796634,21.201178025928918
10.286761958376948,21.47099789423051,24.226012044151794
9.830209215712342,23.214344123410353,23.921417049343724
8.276049707802168,27.348570687480873,26.41841528954647
10.57330852391825,21.161845841662796,26.831112334137366
8.544859569023627,26.452212817676777,24.036335139667514
7.384098824617759,24.700991287653316,22.031025382408025
11.748586288855714,25.48901949028455,22.639663853971857
7.825581691049563,23.576553060506253,19.05994617479139
6.247576269089453,22.30129370781265,24.41718001162172
12.082407952871995,21.037896702949475,26.46233086563376
6.5251201563356585,26.348840732920696,25.362348000945513
8.99067411501183,24.04298028414509,23.469805618800358
7.7059814835798734,20.691242927655487,20.361449640905125
8.38268392042829,25.047987857459095,19.911709099359737
13.747808408983307,35.76805033481797,20.676839130127124
9.51515291608635,23.625063998050134,18.45234787833202
10.355027200724427,29.841248698714484,22.371230033043652
11.138688113049575,15.639303828671773,10.393605376427438
8.522780928511207,23.39392471407234,19.198723390462547
11.65675518179046,27.498538748821115,21.56576651358166
10.384336776454012,24.35211045363655,31.056461828206984
11.0719222192745,22.147182504722778,21.317262850171094
8.380927775102627,24.211470166369534,21.46097640059894
10.508062404056545,27.60011663146462,18.04923341736173
9.683730098111162,31.480535360156065,28.006190779730257
11.756150486403792,27.86944591022942,18.127779225477685
8.716589019536439,22.60916959939811,29.227914250187446
13.398632128930952,23.519873531791156,18.414225036949635
10.31647606405836,23.544787872373412,24.97235997793381
9.472103486173015,21.394719507847068,21.07887963415264
9.25921018194348,23.78053362642756,19.106727890917583
9.68754194935833,23.382752662533004,25.237400211518004
8.555838016240768,20.278138175715007,26.48114956833378
10.913422175295917,27.107732580507466,20.576435368195142
9.67831454822488,25.71009868129563,21.205677170349013
13.237372413331576,22.152830891462152,19.690828492816525
8.911353616825071,24.795128493932967,22.17381771741918
9.480423803942031,21.068750648328294,17.030817060453078
8.909554390211126,22.449959920734013,10.795800909993313
13.10165717570672,26.60371535446622,14.006110161482116
7.068771233305041,25.878003605735604,20.43785892594102
9.870426324245415,22.58081942004686,17.127459405755406
10.269629510719799,25.343404297843584,20.84140065888519
7.6469985815806165,24.050839118635608,19.30132664568414
14.510600181587058,20.959170560776528,18.54516069631289
8.006371261300401,23.739747728909233,18.76950691461982
9.761012694513733,25.747309759872074,25.072093693197388
12.76493129713491,25.325637355547244,22.217591398797897
9.017380445278103,18.62972817872664,27.40330325713575
9.961403229381219,24.856427352652958,21.702715315466005
9.07251157805844,24.385176337741456,13.851192918897446
9.603029025482465,17.940765179639605,17.229173965289043
11.668252885725122,21.5930656006513,21.748996235044775
8.93273682137096,25.94696387679946,22.243715051333613
4.86888880130919,28.939088787156017,19.014639962635087
9.640024963615435,18.804269053971858,18.19661681802691
9.814510100093079,27.580666007452198,18.928900957087784
10.05569649882813,18.000750519844058,20.73661250971466
9.366385235334196,28.981684690925054,21.10884888388435
8.130181017349935,23.500467399987745,17.018282320006325
9.25383779463463,21.905679137634323,22.260389793456397
12.912649400337003,25.487697896065203,22.224408101167665
9.623479154784528,21.075635595398516,20.87120001111829
10.888293487445177,26.028336056620045,18.605132484418117
7.818611946782004,23.884704185361137,23.91913267880829
9.169613629329838,11.536436579676673,26.462122421998203
7.878885062890662,21.584110498277884,19.551869759685683
12.054484532886567,24.940174062674064,18.848869004448776
6.8684814024368634,27.87267469978111,23.117080154871655
10.377771015125798,25.410515970665376,16.734720400606577
10.320157378759841,27.819201129269928,16.321400334237033
10.202207395169719,21.305223005207388,18.76951542352439
5.4323144615376515,26.7376122196707,22.50698658622255
6.018253193031024,26.793786536842997,17.866275430979726
9.913042144812783,18.836234863962233,21.22686417673121
8.019924800423398,27.983376822566175,13.4635944992202
8.530002795071459,25.39669802739392,23.705490137049892
8.92733723423621,23.35705745675125,26.917779211028986
7.783598118905957,23.299394811556443,17.751506782633854
7.4699365513944125,20.822641259898987,23.03200172675764
9.699899164947972,26.41321013660534,20.488579310419848
6.230930108055091,25.311860695792607,21.714055952723697
8.779441207917962,26.252800760601712,20.34101867500395
8.485305623600247,24.56461033792596,20.116332913324264
9.656890464860851,24.989385193065765,18.05077393111667
14.044666171507473,23.3087332057394,17.037798438076102
7.912854102847167,27.90726102508059,25.587614067753744
10.439592483981196,26.33133375491096,14.751671390180665
10.101844742032926,24.879046804477653,21.22712896874841
10.719011147839128,23.849191788180907,21.04993426310132
9.31180933066136,18.377361633540257,21.11699061202248
12.323449630254295,17.651472057254335,23.892980586149754
10.947241768266691,23.066190539930737,19.854120073734933
10.976194261163522,28.550115100841563,23.84670493132651
7.126066962387517,21.93870909014715,29.044922451646645
9.875338432011036,22.070445543140913,20.706374339487372
8.772063109922518,21.04263094985487,13.375283072939455
8.131822591440173,19.97720134209413,20.744068945377
8.559834626773071,21.238125353151215,20.361063698701575
9.598227395776634,25.23341304094674,22.867865738598518
10.531311311638266,22.652333693536537,13.523130619911536
11.486518342594927,22.500335789404673,22.565539377752625
11.401144551411166,22.20199713895093,19.65644102584959
10.232704144210524,25.093936164758247,24.43067025343115
9.801234828923064,25.607496445578185,19.278024939758335
9.109433438809553,18.03883244005974,24.68514206239809
9.24937854779863,21.753145493854625,15.40816007759858
8.279866286356683,24.00054582637922,21.369354148852352
8.920204070539553,25.770348726599458,17.509860335476723
10.343964519323993,24.72777460035653,19.396360872665277
12.503442753003805,27.05656585491701,31.90833773332657
9.42749725029797,19.57030338861073,17.596678702897123
8.230018492202092,25.690861835343995,19.84687796773972
11.46404251964049,31.17184018497558,16.839408141032877
6.055603861274147,24.459865649637507,20.102717815992136
11.598532042995474,24.596387693586884,20.71515267902427
7.092234675507673,26.03952231320439,18.43516786255641
10.896030504824596,22.473121643352027,27.44782617709963
8.833517635069278,21.12804533131433,25.805159398658795
10.284055170722675,24.494371957707074,17.607447236605058
13.491332138610678,18.75907453879921,24.48516064733747
8.175246548903162,25.626489702906646,19.427652474034495
7.878997423538574,26.191162087267987,16.505686180540895
9.842345454849285,18.92716414150665,18.500367500339518
12.476096883071268,24.846065541010994,16.401734503328612
10.026080382206635,23.574810239198914,24.970633326912438
9.781200600059952,29.250891767234936,17.88206480930155
10.007725492094039,28.68796715543382,26.323718884327548
7.8714970001858315,27.119423458170047,21.849402774547787
10.026194249354575,28.355782546927795,19.72605609141178
8.985048187559231,23.07650122567519,19.341820323660237
12.106880367942301,25.17081563820969,28.135305558043417
11.152337782370164,23.454280852380528,21.340195706046387
7.290802118548983,20.959520393300465,19.33308490194725
9.18469742874721,24.5769299447519,24.62842307198313
10.66093440838551,24.021130754580554,23.583637337285563
7.913619547469989,23.62222321619976,17.446438975993004
7.735723653098801,24.10154532284938,21.320460611966013
8.85919586031747,24.503678835598905,14.246100324740802
10.326882723199867,27.27440843144375,21.169539673537052
11.587617296517012,22.342006531981312,22.52539724838805
10.12237532805449,20.01322895180806,23.04667360169107
14.181452092882434,26.571302879637884,17.402064790085216
8.46829596046954,27.169542383569507,18.419653330612924
11.047439872013932,25.499142981696508,22.264838047730255
7.681443022780332,20.48504807790696,26.176882636521036
12.631977807963194,23.85951092324467,21.659051838481634
12.174128481978219,25.254902622656466,19.12338180983641
10.994944121807727,20.721050618585778,25.083872852538452
6.539872994420662,21.73907970061128,21.803453791226428
10.97807906448941,23.80897606407243,21.99706428143285
8.209178424250316,28.26286305275782,24.411084909227956
10.525592183473954,25.054294509109848,20.924418431804117
7.0525424485351085,22.382021269689634,17.65963983671031
10.191367740653961,23.624419826817338,20.69711810339188
9.05653197241946,22.067977823458317,25.637335499027913
8.283613584093183,22.919772385134365,28.681426697608337
10.778535453224343,26.719602583632668,16.54692513101778
9.606634715685155,17.868008261213046,27.685275592210758
9.326971371799257,28.705064398003657,19.86907375934175
11.04169060309179,31.633761208539312,21.379785468308974
13.165203779367884,24.84458681267431,27.929490849630177
10.20172605297446,21.515895296370925,19.70215522358361
6.413128232089344,28.19683197368224,20.229851961760005
6.863930680443139,25.231117312239324,18.793125394074103
9.825424739768438,22.538023944070947,21.44770425611546
11.56817624046838,21.044161884620145,22.51586951944629
9.945168657208303,22.94044469891271,18.620406780006526
10.631049352358263,24.945147352001513,26.956405992196895
9.59294837717862,27.2999460743619,18.385422345669035
11.451014069613585,25.2520543862543,23.243747513928458
10.822222601258451,25.82129152542969,21.40352685328244
7.844370187105057,23.181964933998753,26.150517426877975
10.514999172861314,27.164010739588136,18.164668617596554
6.89240745481497,23.607484041830357,23.532878217869868
10.515403597898187,30.457273624950684,30.74221265049052
9.185847274393208,22.113201872423794,15.677703922137649
9.992463031864512,25.62323150330414,17.787714052831742
10.289708437077824,31.634456356359998,29.427493384865052
10.212579545774718,27.790548798873715,20.776754111068062
12.279803796271253,26.797141401459047,21.743013042141424
9.762025119566477,25.29438572943853,20.004165629789224
10.043829456998566,24.476995404476163,27.751316803659375
12.12026640514264,23.71754884025401,15.006965390520342
13.152177497268625,22.41794969912022,26.124431086930834
9.667769022150495,19.15531257912507,15.537720586810497
8.76800434743415,26.44606766032629,15.188899345423518
8.858224350343983,19.147603278014646,17.060806579645575
10.520314109136224,26.482142355045855,20.801435563488475
9.329834522184573,23.264015695891477,18.51415718325276
6.516363818758001,21.099164819898764,18.282871267697196
11.7439487234107,29.009045603303317,17.68241160244281
11.184007618043651,19.445529702217613,17.74986457991568
11.786890505612611,22.06844352353489,17.661913791560323
12.14630842471836,22.381614662677787,22.215959559718545
10.046914970895367,24.801073386139247,18.819969558952682
10.174206339091354,22.247522837192854,10.905724596296075
11.532118129416894,29.196745792604247,21.154557448613666
7.488616724829454,19.70616132710259,24.22272863478196
9.058496457297473,37.986150180768036,20.212622046973063
9.592030485969417,20.753111530805338,16.38291903871388
11.377925816106686,34.20216342761663,24.205628637840295
8.719734063262516,27.961689269120384,15.947080439916292
8.403888392188321,23.930527767681777,20.04741270356025
8.9156392235895,25.059209221127112,21.214747908820797
10.55472708241504,23.031149384484678,25.508714787693187
9.575738089811635,25.462641334031634,23.553166193424204
7.059662576228037,21.831010551326578,22.22989585228286
7.418490087455883,26.67512004763602,24.929322764751905
9.948618894514864,24.90969146198032,16.783789540309545
10.009222642025014,20.985136197053873,27.46188753408053
9.75020466979483,25.73094222207946,9.346357865360387
8.843304124200124,25.524161428421845,26.868300212853878
11.133518364113446,21.897596642488423,18.0190995164816
10.371544672006726,22.867184983554928,22.7826987791751
10.30953761437545,26.016827557263742,26.949007369938712
10.374122875929338,27.953973048288706,23.487683834207424
12.607294711734117,23.8234521070337,22.752432673361103
7.835824454888087,27.417695029419594,24.678677706024718
8.933651814237997,28.209655293223577,15.528235425460267
9.08785623083194,28.665938478460678,16.11320903679757
11.988951784600388,25.696896427339105,22.35829330565944
9.019768570668175,21.279141002243144,20.52932959875458
8.25772396285328,27.285845782798322,20.080041395621592
9.507428042790213,23.658810480698673,26.128980283138905
9.89032511885502,25.996792221732825,25.790775938692548
11.87741602287881,22.192835192508834,17.70913302930605
9.008970628525613,22.289428529487093,23.025438422052293
8.448839187066007,21.95033351653099,15.199147506870542
8.044079724621618,19.86133609489552,15.105340037936452
9.073400815687906,22.334395282688963,17.81789526522799
14.365851430409357,20.839581220460172,21.093412282802166
10.395998969696846,26.196991563198086,18.753073967885936
10.788866220172462,20.732657009737228,23.059737761432054
9.699470846116208,22.05740604153577,21.240202609266493
9.950037544244687,24.31065652059174,25.644947170114666
11.131450845723903,30.371625770635767,23.42799011592395
10.724075318273046,21.981448809689073,17.249732145847098
10.3354636334017,19.66955638109345,24.81243581809691
9.72933820801632,19.90527064815027,17.938379938078132
9.05880256841526,21.41685818485501,22.904732038445353
10.47230049439293,22.099613776244347,19.380074842002852
9.852075407361783,32.02042684322986,26.463913675067744
13.581633903909967,27.538594575111045,24.151622356788437
11.612083000905331,23.24469023030551,18.59878024115715
8.472808524890905,30.507058432759003,19.79454552094282
7.571416916647403,22.247854469562572,34.05032195748642
8.975250943158668,22.92230059820538,16.38228791658456
7.728518336616857,22.721355431130082,18.492342364040503
8.865873224436546,27.7399402722747,18.683037223050306
7.935381772931243,24.065589153230317,16.78016299770885
9.104805336275442,29.34954181249961,17.18997093569526
9.126479964658694,25.753911172097,20.876205363724175
9.967853672372494,27.345068256985968,23.15847861707725
9.323483025781035,18.215968283616725,15.08673445197245
8.05782180170627,18.60786590807055,19.34438444025609
11.911119245218138,18.718114377591835,18.16445003116475
10.433438707281155,22.865832261117568,16.73510810137361
8.709075888287623,19.14486052530775,25.183569927472266
8.087249467726396,28.455069383164503,18.316443374037043
7.029644280820051,23.63271394079185,15.95741780010267
6.896342923495407,26.361394340080572,24.73258217041092
11.606374588078587,22.650890633089833,26.1798384748962
11.41312866653526,27.063085229534806,22.226858329108463
8.636648014789671,17.71695481532361,17.63068778174628
12.186448007580161,24.136216729756278,20.217113126529185
10.822510487258638,25.97741176893011,18.74535854130731
10.069921416185089,26.259758478818398,21.10737396992155
11.268730170508595,23.23577258782875,24.0920494041206
10.825598770609922,18.5681555940454,21.201611910656553
9.979692932259162,27.68783701563726,21.286242737806912
9.263121655724142,22.985884146285535,19.29897066220871
9.504904458915988,23.27696189113176,23.892973978136226
6.773485904705899,31.734350569686693,22.73631567540246
8.242672135697614,24.62361287322388,14.13106204281463
12.976293394275746,22.56164481537783,14.352207526559148
8.19402253306055,22.360963849997955,20.006583746158736
6.331804676511497,26.461322522906386,25.085622492958453
11.34521358844128,21.55007205119434,25.849926657034217
10.152477824610527,26.014213152891582,24.27550023680389
10.254868043129616,27.989498429403067,20.71239619639242
9.413307148716633,24.004209720425496,27.013117619055656
11.357585775978457,27.609221722264852,18.48226794029383
12.484008214524481,24.069375844599328,19.97001264528483
8.750963743137955,21.99702624959656,15.758358739478686
10.851844655429396,18.723667337916446,19.953187148084947
11.735663323362587,25.22161968928883,17.939287559228724
8.648469587633542,25.291883383106903,27.29769621265386
12.447431980983259,27.587412352609277,26.52990227365315
11.729604318108997,27.264606493384584,21.5467907218411
7.439538747507836,31.225674276068883,23.121088013561373
12.60285978958309,22.353545934385444,18.943601288980183
7.534966069381405,25.492291717289167,11.407059904728255
8.44885101464917,21.99650303401575,18.326388367746503
10.944268484839553,27.415716943382158,24.217054706215798
11.595456637554435,21.194863263129985,23.008812070517415
9.879594470552522,27.360921022485336,19.770922898810962
8.55363976636453,21.83259836711023,24.184059836030706
9.226594191297817,26.86781575565809,19.46377429034481
9.011158625197357,28.34165909826862,16.847712983689643
11.231023448022679,19.09377193770959,24.18440855264688
8.961303452374128,19.786901741596726,18.913895586433313
8.513639094657542,25.086942153412956,25.303787087939455
7.011411858910099,24.73032442159383,13.509102984397014
8.618501466788828,23.32124919105178,19.07878041270652
9.484566639891973,22.70452607310441,23.62898824805867
7.642672798218872,21.43508580380123,23.22607340162217
6.524601725019514,25.409078023661824,20.4375462382074
11.483524566503979,21.06918347927444,22.420554563989565
7.879240004723276,25.526433897064422,21.846620449575198
7.317016435307859,22.375827785931076,15.492757156432976
12.556535080947285,22.884001539805347,19.88187729757933
11.244766842635409,28.372858613965537,22.186824779541762
11.566383919684364,27.497519553037385,23.274250991534526
10.619465223852508,20.96038707937988,21.046024604109434
12.086699681215178,21.375717093387895,19.147353113822994
11.307793876782407,26.90573979181887,16.095461167369322
9.07311875388351,19.49658124472193,24.235844614749748
7.7616121185558775,29.17089167368679,23.80710616623562
7.3646746931501195,24.752762287526284,25.15021200428296
9.445750275471642,22.362978408173447,17.094354025577186
7.698011623626071,24.33515956075988,21.775847323629733
8.248217930503447,28.85963298107724,18.600161562206527
9.422826689142235,17.160732184623747,21.481150761159395
12.244142107392008,27.73812138452984,32.63598266100693
6.950748869035259,28.301733339415897,24.824219885520904
9.75410030585645,23.224978755717125,18.353013458398678
7.422391746547984,24.06019725517888,20.314748972062926
8.687455408658058,24.75710040132894,19.887881737004555
11.392329809533765,26.757330743397514,21.78324192622769
8.156030858527327,21.85540011178941,15.356606088504886
9.220665612703856,24.251384062440525,22.56243818975433
9.956660368348922,23.96538957213132,13.041310549216659
10.976143774331739,26.574132244587272,14.776450504939382
8.702835745068116,33.26266087526834,29.10653095721779
11.994619610456265,21.841519926701757,19.89303229376805
8.889860404813929,24.564100506329904,26.862358436557663
10.581522697056176,21.751303536866782,18.140363217561788
9.354355512815529,22.66240460729036,13.104123302204162
11.04844792559421,20.6955428757348,17.202346767632164
13.390063801918956,19.172889571575208,31.7831988114173
9.194768229816754,28.262558978960193,15.798341065467138
9.670851718270034,25.492859301495134,28.22829698010034
8.913709914042352,24.611136383346828,22.64633412486841
8.633575526104206,21.37225335993236,21.76735699482026
8.427279812133067,24.048867559105958,18.38047139060794
9.66606276385839,20.426203018532103,17.785270336077946
8.285899432077759,24.20868621884714,23.499968628846624
8.341125348189241,25.417998530217748,26.445175261227874
3.9387879540850452,22.482623819622557,22.065534162645985
12.220611251895239,21.76469209890133,24.184317615122783
12.691720042825107,22.650786681644803,19.64019977925694
10.880739238789248,27.029642835834625,29.775030294981406
8.109534683656637,24.97544199191522,22.23048814559929
7.400452727733261,18.916833580961534,29.2294828469356
6.852606163419303,26.723595807881228,17.535710089995526
10.863270631293762,26.119905880798996,21.124458273079174
12.002841486016226,24.926774604088333,25.478832080695447
10.002278571086157,29.8128119539598,21.853855340481907
11.261246775231836,24.379840235796586,23.319173817547362
10.509621113268137,25.742988235685154,17.48666262400384
8.296995798445883,25.872542778981476,19.718575302823563
11.53723059235193,27.239341515258214,17.88624176879846
11.420939373046451,23.55340204575683,20.96644396208044
7.8973193476302965,22.139783005328162,20.565239528619273
11.168932273725455,27.55978848907259,19.23674040941234
9.431356814585838,27.386489468304298,23.766150893243516
9.225181906555225,28.57069499376873,17.14582592948241
10.410907365844919,25.692155374862494,12.918151424809723
10.354677652065728,18.776667338143145,19.07086852802979
11.317407696786198,24.8496733812477,29.694372363248913
8.15426687526253,24.41286454873004,23.288602521539893
10.729390311175495,28.418657535407384,17.99965864171973
7.58885183447045,27.845748149701294,23.035638151404374
9.374668158283052,26.35291018774781,20.77682386183743
9.496018202784699,17.355466136925372,22.811742895237465
11.465484177497629,21.536861817588022,24.734860121129667
9.716858972428247,23.079651348059183,22.054702433588005
9.223449999493896,23.156414899423776,21.770137069622837
12.295191424623125,24.85903013156948,27.09735675420469
8.919226134801619,29.25868663421226,23.404702658068018
8.84250277501245,26.910511606695998,22.05986985503088
6.284778314703769,21.221352115336156,21.464634675339145
9.305303964262356,21.523957766490454,19.092996113045157
7.989775821095488,21.221372944960994,16.442407970324755
9.24367260697726,23.908581964011223,23.914557114208055
10.13672405722565,26.99859100957528,26.278691379399348
7.725112647307903,27.52946070734755,22.968552601265895
8.202176198834811,23.03967774375959,23.507142157755524
6.788984572620479,24.199027936236877,17.840326782555106
8.772140655361945,29.90850557417864,18.974840981323943
7.981038973067634,19.325733959960136,16.3009109655821
13.602428938519765,26.437174759884396,20.326875945031468
12.437349973205041,26.07533468827754,25.134497211945565
12.142151180631132,23.30623905208939,18.580037047029716
7.343491200907016,24.238200228162984,21.008816405474676
9.377195216257503,25.707736526217925,24.039567335879873
7.510193895214727,23.313244242783163,26.011682785944394
13.053936353911029,22.1640212433985,14.876569633460718
11.21257116213744,21.911731138715393,19.44092138594864
7.7842938657784195,30.53826141384718,18.42071288781088
10.37244211470944,22.82501597388255,17.880867247063655
7.001736474339893,24.97452680331538,19.806454427890806
9.451600305261774,26.930595756441967,13.704816716113019
9.380475485669757,23.591487503400312,19.866358782283797
11.046158486483371,24.41989592335648,21.436542099651223
11.497868272321945,25.984195926537378,17.231777254543132
9.736989638598653,21.459427917353622,19.421329352132712
9.292318845249271,19.152882397198873,21.376273746526945
3.81182415824904,21.85247592546706,21.767292178231987
12.543065460207265,30.09036676441938,14.925759335168022
8.503184406850773,22.373218138116254,24.03099776676121
9.885907006010452,24.737674199397993,24.12478996388949
13.811548149495849,19.85853269698982,18.4044932969051
7.526819549363957,28.796182958927012,27.84399786210426
9.738713944329634,23.291364122013082,23.077736068869925
10.604282375764498,22.775937747015472,22.513964934134957
11.688280119950964,23.853001608955182,23.9639518093367
9.702220443560426,32.71867551698958,17.271319902468992
11.839559855313816,25.779118308911187,19.92159723263596
8.943533694707149,23.77474074719503,23.708641591477015
10.689201866006949,14.642562586281812,18.188639372212823
10.453401200274913,28.832533907202208,19.92547997957462
9.534181853084965,21.972117907818454,23.643986922765738
10.28877021112392,21.443618395086723,22.508416511297238
8.108290983691607,21.74312031668432,21.38162868056677
9.156457536287377,29.207829486644222,21.544034975018054
7.357877632973921,24.15875319972245,20.617942761944647
8.89636091039574,19.20109302341455,24.625824370457018
11.77149141441223,23.61614920527582,29.45124759386912
10.465153814575006,21.514353353680068,22.441420082021708
10.260433990787451,25.50446272720262,26.29989399563933
6.790038190315683,23.00549970127014,19.596843122602596
10.282493890723174,19.042858988954613,18.641883339650136
9.585748754307707,24.023662456298812,18.226057918042734
10.678096668666774,24.109735182607952,17.71845860335181
12.217454178340851,20.100799951156702,20.155212562765275
8.955765360074532,17.733759187040683,24.755824852195175
9.125597409328273,25.246758060458273,25.211447240012973
11.370999025319916,23.35984645057412,19.31235514544875
8.601776350879478,23.579144207455588,20.03669756241067
9.859053587125487,26.798537720246596,21.292026333768533
6.066208951147111,17.80541618576906,22.21296896455485
9.139338821045552,24.502014018355624,23.588164602600436
12.07513842686622,26.519636317319275,19.74333073910291
10.3104945017559,23.688130243231644,20.51834780855138
11.336939733291336,19.555895021377673,26.58327724828862
11.440493060339433,22.086218933721803,20.21351325096571
12.15565054156506,22.78759370688141,19.059009245404305
9.068154802198524,19.010421733706277,20.966417074692362
11.41495090781933,25.5441037389083,21.604780654329794
13.790666193308668,24.310730811063102,15.29057218692222
9.652111176327834,22.146182888255066,19.56964859511012
7.298213069491181,27.601505129564735,22.93786179664181
8.61718278389489,22.551353251034925,29.11754492062392
10.552372926179487,29.257680763105675,19.237346481580218
6.675690225206604,23.399089715519125,24.283029105394306
8.313005949666843,21.102285921296982,21.998904194975843
9.099795216223113,21.203416051182497,25.824047939770615
9.899941635728265,24.605121025175762,18.886483536299124
12.969648227001727,20.71387421338406,25.602429987552863
10.951821131220985,24.78374325788038,26.768082509571173
7.672769593234165,22.958259840486647,26.93398010398375
16.739045278117203,22.881439320890237,26.866890535293013
9.669933066364726,24.16053798368731,22.044383475921197
6.641631604958965,27.665690937672053,23.58128857997479
7.810146398574413,22.480970124553227,19.66364558518323
7.820920229069622,24.91683254601941,12.630570700736696
